question_id_a,question_id_b,layer,score,scope,decision
EASA-ATPLA-NAV-000027,EASA-ATPLA-NAV-000028,template,1.0,same_track,info_only_numeric_variant
EASA-ATPLA-NAV-000027,EASA-ATPLA-NAV-000029,template,1.0,same_track,info_only_numeric_variant
EASA-ATPLA-NAV-000027,EASA-ATPLA-NAV-000030,template,1.0,same_track,info_only_numeric_variant
EASA-ATPLA-NAV-000027,EASA-ATPLA-NAV-000031,template,1.0,same_track,info_only_numeric_variant
EASA-ATPLA-NAV-000027,EASA-ATPLA-NAV-000032,template,1.0,same_track,info_only_numeric_variant
EASA-ATPLA-NAV-000027,EASA-ATPLA-NAV-000033,template,1.0,same_track,info_only_numeric_variant
EASA-ATPLA-NAV-000027,EASA-ATPLA-NAV-000034,template,1.0,same_track,info_only_numeric_variant
EASA-ATPLA-NAV-000027,EASA-ATPLA-NAV-000035,template,1.0,same_track,info_only_numeric_variant
EASA-ATPLA-NAV-000027,EASA-ATPLA-NAV-000036,template,1.0,same_track,info_only_numeric_variant
EASA-ATPLA-NAV-000027,EASA-ATPLA-NAV-000037,template,1.0,same_track,info_only_numeric_variant
EASA-ATPLA-NAV-000027,EASA-ATPLA-NAV-000038,template,1.0,same_track,info_only_numeric_variant
EASA-ATPLA-NAV-000027,EASA-ATPLA-NAV-000039,template,1.0,same_track,info_only_numeric_variant
EASA-ATPLA-NAV-000027,EASA-ATPLA-NAV-000040,template,1.0,same_track,info_only_numeric_variant
EASA-ATPLA-NAV-000027,EASA-ATPLA-NAV-000041,template,1.0,same_track,info_only_numeric_variant
EASA-ATPLA-NAV-000027,EASA-ATPLA-NAV-000042,template,1.0,same_track,info_only_numeric_variant
EASA-ATPLA-NAV-000027,EASA-ATPLA-NAV-000043,template,1.0,same_track,info_only_numeric_variant
EASA-ATPLA-NAV-000027,EASA-ATPLA-NAV-000044,template,1.0,same_track,info_only_numeric_variant
EASA-ATPLA-NAV-000027,EASA-ATPLA-NAV-000045,template,1.0,same_track,info_only_numeric_variant
EASA-ATPLA-NAV-000027,EASA-ATPLA-NAV-000046,template,1.0,same_track,info_only_numeric_variant
EASA-ATPLA-NAV-000027,EASA-ATPLA-NAV-000047,template,1.0,same_track,info_only_numeric_variant
EASA-ATPLA-NAV-000027,EASA-ATPLA-NAV-000048,template,1.0,same_track,info_only_numeric_variant
EASA-ATPLA-NAV-000027,EASA-ATPLA-NAV-000049,template,1.0,same_track,info_only_numeric_variant
EASA-ATPLA-NAV-000027,EASA-ATPLA-NAV-000050,template,1.0,same_track,info_only_numeric_variant
EASA-ATPLA-NAV-000028,EASA-ATPLA-NAV-000029,template,1.0,same_track,info_only_numeric_variant
EASA-ATPLA-NAV-000028,EASA-ATPLA-NAV-000030,template,1.0,same_track,info_only_numeric_variant
EASA-ATPLA-NAV-000028,EASA-ATPLA-NAV-000031,template,1.0,same_track,info_only_numeric_variant
EASA-ATPLA-NAV-000028,EASA-ATPLA-NAV-000032,template,1.0,same_track,info_only_numeric_variant
EASA-ATPLA-NAV-000028,EASA-ATPLA-NAV-000033,template,1.0,same_track,info_only_numeric_variant
EASA-ATPLA-NAV-000028,EASA-ATPLA-NAV-000034,template,1.0,same_track,info_only_numeric_variant
EASA-ATPLA-NAV-000028,EASA-ATPLA-NAV-000035,template,1.0,same_track,info_only_numeric_variant
EASA-ATPLA-NAV-000028,EASA-ATPLA-NAV-000036,template,1.0,same_track,info_only_numeric_variant
EASA-ATPLA-NAV-000028,EASA-ATPLA-NAV-000037,template,1.0,same_track,info_only_numeric_variant
EASA-ATPLA-NAV-000028,EASA-ATPLA-NAV-000038,template,1.0,same_track,info_only_numeric_variant
EASA-ATPLA-NAV-000028,EASA-ATPLA-NAV-000039,template,1.0,same_track,info_only_numeric_variant
EASA-ATPLA-NAV-000028,EASA-ATPLA-NAV-000040,template,1.0,same_track,info_only_numeric_variant
EASA-ATPLA-NAV-000028,EASA-ATPLA-NAV-000041,template,1.0,same_track,info_only_numeric_variant
EASA-ATPLA-NAV-000028,EASA-ATPLA-NAV-000042,template,1.0,same_track,info_only_numeric_variant
EASA-ATPLA-NAV-000028,EASA-ATPLA-NAV-000043,template,1.0,same_track,info_only_numeric_variant
EASA-ATPLA-NAV-000028,EASA-ATPLA-NAV-000044,template,1.0,same_track,info_only_numeric_variant
EASA-ATPLA-NAV-000028,EASA-ATPLA-NAV-000045,template,1.0,same_track,info_only_numeric_variant
EASA-ATPLA-NAV-000028,EASA-ATPLA-NAV-000046,template,1.0,same_track,info_only_numeric_variant
EASA-ATPLA-NAV-000028,EASA-ATPLA-NAV-000047,template,1.0,same_track,info_only_numeric_variant
EASA-ATPLA-NAV-000028,EASA-ATPLA-NAV-000048,template,1.0,same_track,info_only_numeric_variant
EASA-ATPLA-NAV-000028,EASA-ATPLA-NAV-000049,template,1.0,same_track,info_only_numeric_variant
EASA-ATPLA-NAV-000028,EASA-ATPLA-NAV-000050,template,1.0,same_track,info_only_numeric_variant
EASA-ATPLA-NAV-000029,EASA-ATPLA-NAV-000030,template,1.0,same_track,info_only_numeric_variant
EASA-ATPLA-NAV-000029,EASA-ATPLA-NAV-000031,template,1.0,same_track,info_only_numeric_variant
EASA-ATPLA-NAV-000029,EASA-ATPLA-NAV-000032,template,1.0,same_track,info_only_numeric_variant
EASA-ATPLA-NAV-000029,EASA-ATPLA-NAV-000033,template,1.0,same_track,info_only_numeric_variant
EASA-ATPLA-NAV-000029,EASA-ATPLA-NAV-000034,template,1.0,same_track,info_only_numeric_variant
EASA-ATPLA-NAV-000029,EASA-ATPLA-NAV-000035,template,1.0,same_track,info_only_numeric_variant
EASA-ATPLA-NAV-000029,EASA-ATPLA-NAV-000036,template,1.0,same_track,info_only_numeric_variant
EASA-ATPLA-NAV-000029,EASA-ATPLA-NAV-000037,template,1.0,same_track,info_only_numeric_variant
EASA-ATPLA-NAV-000029,EASA-ATPLA-NAV-000038,template,1.0,same_track,info_only_numeric_variant
EASA-ATPLA-NAV-000029,EASA-ATPLA-NAV-000039,template,1.0,same_track,info_only_numeric_variant
EASA-ATPLA-NAV-000029,EASA-ATPLA-NAV-000040,template,1.0,same_track,info_only_numeric_variant
EASA-ATPLA-NAV-000029,EASA-ATPLA-NAV-000041,template,1.0,same_track,info_only_numeric_variant
EASA-ATPLA-NAV-000029,EASA-ATPLA-NAV-000042,template,1.0,same_track,info_only_numeric_variant
EASA-ATPLA-NAV-000029,EASA-ATPLA-NAV-000043,template,1.0,same_track,info_only_numeric_variant
EASA-ATPLA-NAV-000029,EASA-ATPLA-NAV-000044,template,1.0,same_track,info_only_numeric_variant
EASA-ATPLA-NAV-000029,EASA-ATPLA-NAV-000045,template,1.0,same_track,info_only_numeric_variant
EASA-ATPLA-NAV-000029,EASA-ATPLA-NAV-000046,template,1.0,same_track,info_only_numeric_variant
EASA-ATPLA-NAV-000029,EASA-ATPLA-NAV-000047,template,1.0,same_track,info_only_numeric_variant
EASA-ATPLA-NAV-000029,EASA-ATPLA-NAV-000048,template,1.0,same_track,info_only_numeric_variant
EASA-ATPLA-NAV-000029,EASA-ATPLA-NAV-000049,template,1.0,same_track,info_only_numeric_variant
EASA-ATPLA-NAV-000029,EASA-ATPLA-NAV-000050,template,1.0,same_track,info_only_numeric_variant
EASA-ATPLA-NAV-000030,EASA-ATPLA-NAV-000031,template,1.0,same_track,info_only_numeric_variant
EASA-ATPLA-NAV-000030,EASA-ATPLA-NAV-000032,template,1.0,same_track,info_only_numeric_variant
EASA-ATPLA-NAV-000030,EASA-ATPLA-NAV-000033,template,1.0,same_track,info_only_numeric_variant
EASA-ATPLA-NAV-000030,EASA-ATPLA-NAV-000034,template,1.0,same_track,info_only_numeric_variant
EASA-ATPLA-NAV-000030,EASA-ATPLA-NAV-000035,template,1.0,same_track,info_only_numeric_variant
EASA-ATPLA-NAV-000030,EASA-ATPLA-NAV-000036,template,1.0,same_track,info_only_numeric_variant
EASA-ATPLA-NAV-000030,EASA-ATPLA-NAV-000037,template,1.0,same_track,info_only_numeric_variant
EASA-ATPLA-NAV-000030,EASA-ATPLA-NAV-000038,template,1.0,same_track,info_only_numeric_variant
EASA-ATPLA-NAV-000030,EASA-ATPLA-NAV-000039,template,1.0,same_track,info_only_numeric_variant
EASA-ATPLA-NAV-000030,EASA-ATPLA-NAV-000040,template,1.0,same_track,info_only_numeric_variant
EASA-ATPLA-NAV-000030,EASA-ATPLA-NAV-000041,template,1.0,same_track,info_only_numeric_variant
EASA-ATPLA-NAV-000030,EASA-ATPLA-NAV-000042,template,1.0,same_track,info_only_numeric_variant
EASA-ATPLA-NAV-000030,EASA-ATPLA-NAV-000043,template,1.0,same_track,info_only_numeric_variant
EASA-ATPLA-NAV-000030,EASA-ATPLA-NAV-000044,template,1.0,same_track,info_only_numeric_variant
EASA-ATPLA-NAV-000030,EASA-ATPLA-NAV-000045,template,1.0,same_track,info_only_numeric_variant
EASA-ATPLA-NAV-000030,EASA-ATPLA-NAV-000046,template,1.0,same_track,info_only_numeric_variant
EASA-ATPLA-NAV-000030,EASA-ATPLA-NAV-000047,template,1.0,same_track,info_only_numeric_variant
EASA-ATPLA-NAV-000030,EASA-ATPLA-NAV-000048,template,1.0,same_track,info_only_numeric_variant
EASA-ATPLA-NAV-000030,EASA-ATPLA-NAV-000049,template,1.0,same_track,info_only_numeric_variant
EASA-ATPLA-NAV-000030,EASA-ATPLA-NAV-000050,template,1.0,same_track,info_only_numeric_variant
EASA-ATPLA-NAV-000031,EASA-ATPLA-NAV-000032,template,1.0,same_track,info_only_numeric_variant
EASA-ATPLA-NAV-000031,EASA-ATPLA-NAV-000033,template,1.0,same_track,info_only_numeric_variant
EASA-ATPLA-NAV-000031,EASA-ATPLA-NAV-000034,template,1.0,same_track,info_only_numeric_variant
EASA-ATPLA-NAV-000031,EASA-ATPLA-NAV-000035,template,1.0,same_track,info_only_numeric_variant
EASA-ATPLA-NAV-000031,EASA-ATPLA-NAV-000036,template,1.0,same_track,info_only_numeric_variant
EASA-ATPLA-NAV-000031,EASA-ATPLA-NAV-000037,template,1.0,same_track,info_only_numeric_variant
EASA-ATPLA-NAV-000031,EASA-ATPLA-NAV-000038,template,1.0,same_track,info_only_numeric_variant
EASA-ATPLA-NAV-000031,EASA-ATPLA-NAV-000039,template,1.0,same_track,info_only_numeric_variant
EASA-ATPLA-NAV-000031,EASA-ATPLA-NAV-000040,template,1.0,same_track,info_only_numeric_variant
EASA-ATPLA-NAV-000031,EASA-ATPLA-NAV-000041,template,1.0,same_track,info_only_numeric_variant
EASA-ATPLA-NAV-000031,EASA-ATPLA-NAV-000042,template,1.0,same_track,info_only_numeric_variant
EASA-ATPLA-NAV-000031,EASA-ATPLA-NAV-000043,template,1.0,same_track,info_only_numeric_variant
EASA-ATPLA-NAV-000031,EASA-ATPLA-NAV-000044,template,1.0,same_track,info_only_numeric_variant
EASA-ATPLA-NAV-000031,EASA-ATPLA-NAV-000045,template,1.0,same_track,info_only_numeric_variant
EASA-ATPLA-NAV-000031,EASA-ATPLA-NAV-000046,template,1.0,same_track,info_only_numeric_variant
EASA-ATPLA-NAV-000031,EASA-ATPLA-NAV-000047,template,1.0,same_track,info_only_numeric_variant
EASA-ATPLA-NAV-000031,EASA-ATPLA-NAV-000048,template,1.0,same_track,info_only_numeric_variant
EASA-ATPLA-NAV-000031,EASA-ATPLA-NAV-000049,template,1.0,same_track,info_only_numeric_variant
EASA-ATPLA-NAV-000031,EASA-ATPLA-NAV-000050,template,1.0,same_track,info_only_numeric_variant
EASA-ATPLA-NAV-000032,EASA-ATPLA-NAV-000033,template,1.0,same_track,info_only_numeric_variant
EASA-ATPLA-NAV-000032,EASA-ATPLA-NAV-000034,template,1.0,same_track,info_only_numeric_variant
EASA-ATPLA-NAV-000032,EASA-ATPLA-NAV-000035,template,1.0,same_track,info_only_numeric_variant
EASA-ATPLA-NAV-000032,EASA-ATPLA-NAV-000036,template,1.0,same_track,info_only_numeric_variant
EASA-ATPLA-NAV-000032,EASA-ATPLA-NAV-000037,template,1.0,same_track,info_only_numeric_variant
EASA-ATPLA-NAV-000032,EASA-ATPLA-NAV-000038,template,1.0,same_track,info_only_numeric_variant
EASA-ATPLA-NAV-000032,EASA-ATPLA-NAV-000039,template,1.0,same_track,info_only_numeric_variant
EASA-ATPLA-NAV-000032,EASA-ATPLA-NAV-000040,template,1.0,same_track,info_only_numeric_variant
EASA-ATPLA-NAV-000032,EASA-ATPLA-NAV-000041,template,1.0,same_track,info_only_numeric_variant
EASA-ATPLA-NAV-000032,EASA-ATPLA-NAV-000042,template,1.0,same_track,info_only_numeric_variant
EASA-ATPLA-NAV-000032,EASA-ATPLA-NAV-000043,template,1.0,same_track,info_only_numeric_variant
EASA-ATPLA-NAV-000032,EASA-ATPLA-NAV-000044,template,1.0,same_track,info_only_numeric_variant
EASA-ATPLA-NAV-000032,EASA-ATPLA-NAV-000045,template,1.0,same_track,info_only_numeric_variant
EASA-ATPLA-NAV-000032,EASA-ATPLA-NAV-000046,template,1.0,same_track,info_only_numeric_variant
EASA-ATPLA-NAV-000032,EASA-ATPLA-NAV-000047,template,1.0,same_track,info_only_numeric_variant
EASA-ATPLA-NAV-000032,EASA-ATPLA-NAV-000048,template,1.0,same_track,info_only_numeric_variant
EASA-ATPLA-NAV-000032,EASA-ATPLA-NAV-000049,template,1.0,same_track,info_only_numeric_variant
EASA-ATPLA-NAV-000032,EASA-ATPLA-NAV-000050,template,1.0,same_track,info_only_numeric_variant
EASA-ATPLA-NAV-000033,EASA-ATPLA-NAV-000034,template,1.0,same_track,info_only_numeric_variant
EASA-ATPLA-NAV-000033,EASA-ATPLA-NAV-000035,template,1.0,same_track,info_only_numeric_variant
EASA-ATPLA-NAV-000033,EASA-ATPLA-NAV-000036,template,1.0,same_track,info_only_numeric_variant
EASA-ATPLA-NAV-000033,EASA-ATPLA-NAV-000037,template,1.0,same_track,info_only_numeric_variant
EASA-ATPLA-NAV-000033,EASA-ATPLA-NAV-000038,template,1.0,same_track,info_only_numeric_variant
EASA-ATPLA-NAV-000033,EASA-ATPLA-NAV-000039,template,1.0,same_track,info_only_numeric_variant
EASA-ATPLA-NAV-000033,EASA-ATPLA-NAV-000040,template,1.0,same_track,info_only_numeric_variant
EASA-ATPLA-NAV-000033,EASA-ATPLA-NAV-000041,template,1.0,same_track,info_only_numeric_variant
EASA-ATPLA-NAV-000033,EASA-ATPLA-NAV-000042,template,1.0,same_track,info_only_numeric_variant
EASA-ATPLA-NAV-000033,EASA-ATPLA-NAV-000043,template,1.0,same_track,info_only_numeric_variant
EASA-ATPLA-NAV-000033,EASA-ATPLA-NAV-000044,template,1.0,same_track,info_only_numeric_variant
EASA-ATPLA-NAV-000033,EASA-ATPLA-NAV-000045,template,1.0,same_track,info_only_numeric_variant
EASA-ATPLA-NAV-000033,EASA-ATPLA-NAV-000046,template,1.0,same_track,info_only_numeric_variant
EASA-ATPLA-NAV-000033,EASA-ATPLA-NAV-000047,template,1.0,same_track,info_only_numeric_variant
EASA-ATPLA-NAV-000033,EASA-ATPLA-NAV-000048,template,1.0,same_track,info_only_numeric_variant
EASA-ATPLA-NAV-000033,EASA-ATPLA-NAV-000049,template,1.0,same_track,info_only_numeric_variant
EASA-ATPLA-NAV-000033,EASA-ATPLA-NAV-000050,template,1.0,same_track,info_only_numeric_variant
EASA-ATPLA-NAV-000034,EASA-ATPLA-NAV-000035,template,1.0,same_track,info_only_numeric_variant
EASA-ATPLA-NAV-000034,EASA-ATPLA-NAV-000036,template,1.0,same_track,info_only_numeric_variant
EASA-ATPLA-NAV-000034,EASA-ATPLA-NAV-000037,template,1.0,same_track,info_only_numeric_variant
EASA-ATPLA-NAV-000034,EASA-ATPLA-NAV-000038,template,1.0,same_track,info_only_numeric_variant
EASA-ATPLA-NAV-000034,EASA-ATPLA-NAV-000039,template,1.0,same_track,info_only_numeric_variant
EASA-ATPLA-NAV-000034,EASA-ATPLA-NAV-000040,template,1.0,same_track,info_only_numeric_variant
EASA-ATPLA-NAV-000034,EASA-ATPLA-NAV-000041,template,1.0,same_track,info_only_numeric_variant
EASA-ATPLA-NAV-000034,EASA-ATPLA-NAV-000042,template,1.0,same_track,info_only_numeric_variant
EASA-ATPLA-NAV-000034,EASA-ATPLA-NAV-000043,template,1.0,same_track,info_only_numeric_variant
EASA-ATPLA-NAV-000034,EASA-ATPLA-NAV-000044,template,1.0,same_track,info_only_numeric_variant
EASA-ATPLA-NAV-000034,EASA-ATPLA-NAV-000045,template,1.0,same_track,info_only_numeric_variant
EASA-ATPLA-NAV-000034,EASA-ATPLA-NAV-000046,template,1.0,same_track,info_only_numeric_variant
EASA-ATPLA-NAV-000034,EASA-ATPLA-NAV-000047,template,1.0,same_track,info_only_numeric_variant
EASA-ATPLA-NAV-000034,EASA-ATPLA-NAV-000048,template,1.0,same_track,info_only_numeric_variant
EASA-ATPLA-NAV-000034,EASA-ATPLA-NAV-000049,template,1.0,same_track,info_only_numeric_variant
EASA-ATPLA-NAV-000034,EASA-ATPLA-NAV-000050,template,1.0,same_track,info_only_numeric_variant
EASA-ATPLA-NAV-000035,EASA-ATPLA-NAV-000036,template,1.0,same_track,info_only_numeric_variant
EASA-ATPLA-NAV-000035,EASA-ATPLA-NAV-000037,template,1.0,same_track,info_only_numeric_variant
EASA-ATPLA-NAV-000035,EASA-ATPLA-NAV-000038,template,1.0,same_track,info_only_numeric_variant
EASA-ATPLA-NAV-000035,EASA-ATPLA-NAV-000039,template,1.0,same_track,info_only_numeric_variant
EASA-ATPLA-NAV-000035,EASA-ATPLA-NAV-000040,template,1.0,same_track,info_only_numeric_variant
EASA-ATPLA-NAV-000035,EASA-ATPLA-NAV-000041,template,1.0,same_track,info_only_numeric_variant
EASA-ATPLA-NAV-000035,EASA-ATPLA-NAV-000042,template,1.0,same_track,info_only_numeric_variant
EASA-ATPLA-NAV-000035,EASA-ATPLA-NAV-000043,template,1.0,same_track,info_only_numeric_variant
EASA-ATPLA-NAV-000035,EASA-ATPLA-NAV-000044,template,1.0,same_track,info_only_numeric_variant
EASA-ATPLA-NAV-000035,EASA-ATPLA-NAV-000045,template,1.0,same_track,info_only_numeric_variant
EASA-ATPLA-NAV-000035,EASA-ATPLA-NAV-000046,template,1.0,same_track,info_only_numeric_variant
EASA-ATPLA-NAV-000035,EASA-ATPLA-NAV-000047,template,1.0,same_track,info_only_numeric_variant
EASA-ATPLA-NAV-000035,EASA-ATPLA-NAV-000048,template,1.0,same_track,info_only_numeric_variant
EASA-ATPLA-NAV-000035,EASA-ATPLA-NAV-000049,template,1.0,same_track,info_only_numeric_variant
EASA-ATPLA-NAV-000035,EASA-ATPLA-NAV-000050,template,1.0,same_track,info_only_numeric_variant
EASA-ATPLA-NAV-000036,EASA-ATPLA-NAV-000037,template,1.0,same_track,info_only_numeric_variant
EASA-ATPLA-NAV-000036,EASA-ATPLA-NAV-000038,template,1.0,same_track,info_only_numeric_variant
EASA-ATPLA-NAV-000036,EASA-ATPLA-NAV-000039,template,1.0,same_track,info_only_numeric_variant
EASA-ATPLA-NAV-000036,EASA-ATPLA-NAV-000040,template,1.0,same_track,info_only_numeric_variant
EASA-ATPLA-NAV-000036,EASA-ATPLA-NAV-000041,template,1.0,same_track,info_only_numeric_variant
EASA-ATPLA-NAV-000036,EASA-ATPLA-NAV-000042,template,1.0,same_track,info_only_numeric_variant
EASA-ATPLA-NAV-000036,EASA-ATPLA-NAV-000043,template,1.0,same_track,info_only_numeric_variant
EASA-ATPLA-NAV-000036,EASA-ATPLA-NAV-000044,template,1.0,same_track,info_only_numeric_variant
EASA-ATPLA-NAV-000036,EASA-ATPLA-NAV-000045,template,1.0,same_track,info_only_numeric_variant
EASA-ATPLA-NAV-000036,EASA-ATPLA-NAV-000046,template,1.0,same_track,info_only_numeric_variant
EASA-ATPLA-NAV-000036,EASA-ATPLA-NAV-000047,template,1.0,same_track,info_only_numeric_variant
EASA-ATPLA-NAV-000036,EASA-ATPLA-NAV-000048,template,1.0,same_track,info_only_numeric_variant
EASA-ATPLA-NAV-000036,EASA-ATPLA-NAV-000049,template,1.0,same_track,info_only_numeric_variant
EASA-ATPLA-NAV-000036,EASA-ATPLA-NAV-000050,template,1.0,same_track,info_only_numeric_variant
EASA-ATPLA-NAV-000037,EASA-ATPLA-NAV-000038,template,1.0,same_track,info_only_numeric_variant
EASA-ATPLA-NAV-000037,EASA-ATPLA-NAV-000039,template,1.0,same_track,info_only_numeric_variant
EASA-ATPLA-NAV-000037,EASA-ATPLA-NAV-000040,template,1.0,same_track,info_only_numeric_variant
EASA-ATPLA-NAV-000037,EASA-ATPLA-NAV-000041,template,1.0,same_track,info_only_numeric_variant
EASA-ATPLA-NAV-000037,EASA-ATPLA-NAV-000042,template,1.0,same_track,info_only_numeric_variant
EASA-ATPLA-NAV-000037,EASA-ATPLA-NAV-000043,template,1.0,same_track,info_only_numeric_variant
EASA-ATPLA-NAV-000037,EASA-ATPLA-NAV-000044,template,1.0,same_track,info_only_numeric_variant
EASA-ATPLA-NAV-000037,EASA-ATPLA-NAV-000045,template,1.0,same_track,info_only_numeric_variant
EASA-ATPLA-NAV-000037,EASA-ATPLA-NAV-000046,template,1.0,same_track,info_only_numeric_variant
EASA-ATPLA-NAV-000037,EASA-ATPLA-NAV-000047,template,1.0,same_track,info_only_numeric_variant
EASA-ATPLA-NAV-000037,EASA-ATPLA-NAV-000048,template,1.0,same_track,info_only_numeric_variant
EASA-ATPLA-NAV-000037,EASA-ATPLA-NAV-000049,template,1.0,same_track,info_only_numeric_variant
EASA-ATPLA-NAV-000037,EASA-ATPLA-NAV-000050,template,1.0,same_track,info_only_numeric_variant
EASA-ATPLA-NAV-000038,EASA-ATPLA-NAV-000039,template,1.0,same_track,info_only_numeric_variant
EASA-ATPLA-NAV-000038,EASA-ATPLA-NAV-000040,template,1.0,same_track,info_only_numeric_variant
EASA-ATPLA-NAV-000038,EASA-ATPLA-NAV-000041,template,1.0,same_track,info_only_numeric_variant
EASA-ATPLA-NAV-000038,EASA-ATPLA-NAV-000042,template,1.0,same_track,info_only_numeric_variant
EASA-ATPLA-NAV-000038,EASA-ATPLA-NAV-000043,template,1.0,same_track,info_only_numeric_variant
EASA-ATPLA-NAV-000038,EASA-ATPLA-NAV-000044,template,1.0,same_track,info_only_numeric_variant
EASA-ATPLA-NAV-000038,EASA-ATPLA-NAV-000045,template,1.0,same_track,info_only_numeric_variant
EASA-ATPLA-NAV-000038,EASA-ATPLA-NAV-000046,template,1.0,same_track,info_only_numeric_variant
EASA-ATPLA-NAV-000038,EASA-ATPLA-NAV-000047,template,1.0,same_track,info_only_numeric_variant
EASA-ATPLA-NAV-000038,EASA-ATPLA-NAV-000048,template,1.0,same_track,info_only_numeric_variant
EASA-ATPLA-NAV-000038,EASA-ATPLA-NAV-000049,template,1.0,same_track,info_only_numeric_variant
EASA-ATPLA-NAV-000038,EASA-ATPLA-NAV-000050,template,1.0,same_track,info_only_numeric_variant
EASA-ATPLA-NAV-000039,EASA-ATPLA-NAV-000040,template,1.0,same_track,info_only_numeric_variant
EASA-ATPLA-NAV-000039,EASA-ATPLA-NAV-000041,template,1.0,same_track,info_only_numeric_variant
EASA-ATPLA-NAV-000039,EASA-ATPLA-NAV-000042,template,1.0,same_track,info_only_numeric_variant
EASA-ATPLA-NAV-000039,EASA-ATPLA-NAV-000043,template,1.0,same_track,info_only_numeric_variant
EASA-ATPLA-NAV-000039,EASA-ATPLA-NAV-000044,template,1.0,same_track,info_only_numeric_variant
EASA-ATPLA-NAV-000039,EASA-ATPLA-NAV-000045,template,1.0,same_track,info_only_numeric_variant
EASA-ATPLA-NAV-000039,EASA-ATPLA-NAV-000046,template,1.0,same_track,info_only_numeric_variant
EASA-ATPLA-NAV-000039,EASA-ATPLA-NAV-000047,template,1.0,same_track,info_only_numeric_variant
EASA-ATPLA-NAV-000039,EASA-ATPLA-NAV-000048,template,1.0,same_track,info_only_numeric_variant
EASA-ATPLA-NAV-000039,EASA-ATPLA-NAV-000049,template,1.0,same_track,info_only_numeric_variant
EASA-ATPLA-NAV-000039,EASA-ATPLA-NAV-000050,template,1.0,same_track,info_only_numeric_variant
EASA-ATPLA-NAV-000040,EASA-ATPLA-NAV-000041,template,1.0,same_track,info_only_numeric_variant
EASA-ATPLA-NAV-000040,EASA-ATPLA-NAV-000042,template,1.0,same_track,info_only_numeric_variant
EASA-ATPLA-NAV-000040,EASA-ATPLA-NAV-000043,template,1.0,same_track,info_only_numeric_variant
EASA-ATPLA-NAV-000040,EASA-ATPLA-NAV-000044,template,1.0,same_track,info_only_numeric_variant
EASA-ATPLA-NAV-000040,EASA-ATPLA-NAV-000045,template,1.0,same_track,info_only_numeric_variant
EASA-ATPLA-NAV-000040,EASA-ATPLA-NAV-000046,template,1.0,same_track,info_only_numeric_variant
EASA-ATPLA-NAV-000040,EASA-ATPLA-NAV-000047,template,1.0,same_track,info_only_numeric_variant
EASA-ATPLA-NAV-000040,EASA-ATPLA-NAV-000048,template,1.0,same_track,info_only_numeric_variant
EASA-ATPLA-NAV-000040,EASA-ATPLA-NAV-000049,template,1.0,same_track,info_only_numeric_variant
EASA-ATPLA-NAV-000040,EASA-ATPLA-NAV-000050,template,1.0,same_track,info_only_numeric_variant
EASA-ATPLA-NAV-000041,EASA-ATPLA-NAV-000042,template,1.0,same_track,info_only_numeric_variant
EASA-ATPLA-NAV-000041,EASA-ATPLA-NAV-000043,template,1.0,same_track,info_only_numeric_variant
EASA-ATPLA-NAV-000041,EASA-ATPLA-NAV-000044,template,1.0,same_track,info_only_numeric_variant
EASA-ATPLA-NAV-000041,EASA-ATPLA-NAV-000045,template,1.0,same_track,info_only_numeric_variant
EASA-ATPLA-NAV-000041,EASA-ATPLA-NAV-000046,template,1.0,same_track,info_only_numeric_variant
EASA-ATPLA-NAV-000041,EASA-ATPLA-NAV-000047,template,1.0,same_track,info_only_numeric_variant
EASA-ATPLA-NAV-000041,EASA-ATPLA-NAV-000048,template,1.0,same_track,info_only_numeric_variant
EASA-ATPLA-NAV-000041,EASA-ATPLA-NAV-000049,template,1.0,same_track,info_only_numeric_variant
EASA-ATPLA-NAV-000041,EASA-ATPLA-NAV-000050,template,1.0,same_track,info_only_numeric_variant
EASA-ATPLA-NAV-000042,EASA-ATPLA-NAV-000043,template,1.0,same_track,info_only_numeric_variant
EASA-ATPLA-NAV-000042,EASA-ATPLA-NAV-000044,template,1.0,same_track,info_only_numeric_variant
EASA-ATPLA-NAV-000042,EASA-ATPLA-NAV-000045,template,1.0,same_track,info_only_numeric_variant
EASA-ATPLA-NAV-000042,EASA-ATPLA-NAV-000046,template,1.0,same_track,info_only_numeric_variant
EASA-ATPLA-NAV-000042,EASA-ATPLA-NAV-000047,template,1.0,same_track,info_only_numeric_variant
EASA-ATPLA-NAV-000042,EASA-ATPLA-NAV-000048,template,1.0,same_track,info_only_numeric_variant
EASA-ATPLA-NAV-000042,EASA-ATPLA-NAV-000049,template,1.0,same_track,info_only_numeric_variant
EASA-ATPLA-NAV-000042,EASA-ATPLA-NAV-000050,template,1.0,same_track,info_only_numeric_variant
EASA-ATPLA-NAV-000043,EASA-ATPLA-NAV-000044,template,1.0,same_track,info_only_numeric_variant
EASA-ATPLA-NAV-000043,EASA-ATPLA-NAV-000045,template,1.0,same_track,info_only_numeric_variant
EASA-ATPLA-NAV-000043,EASA-ATPLA-NAV-000046,template,1.0,same_track,info_only_numeric_variant
EASA-ATPLA-NAV-000043,EASA-ATPLA-NAV-000047,template,1.0,same_track,info_only_numeric_variant
EASA-ATPLA-NAV-000043,EASA-ATPLA-NAV-000048,template,1.0,same_track,info_only_numeric_variant
EASA-ATPLA-NAV-000043,EASA-ATPLA-NAV-000049,template,1.0,same_track,info_only_numeric_variant
EASA-ATPLA-NAV-000043,EASA-ATPLA-NAV-000050,template,1.0,same_track,info_only_numeric_variant
EASA-ATPLA-NAV-000044,EASA-ATPLA-NAV-000045,template,1.0,same_track,info_only_numeric_variant
EASA-ATPLA-NAV-000044,EASA-ATPLA-NAV-000046,template,1.0,same_track,info_only_numeric_variant
EASA-ATPLA-NAV-000044,EASA-ATPLA-NAV-000047,template,1.0,same_track,info_only_numeric_variant
EASA-ATPLA-NAV-000044,EASA-ATPLA-NAV-000048,template,1.0,same_track,info_only_numeric_variant
EASA-ATPLA-NAV-000044,EASA-ATPLA-NAV-000049,template,1.0,same_track,info_only_numeric_variant
EASA-ATPLA-NAV-000044,EASA-ATPLA-NAV-000050,template,1.0,same_track,info_only_numeric_variant
EASA-ATPLA-NAV-000045,EASA-ATPLA-NAV-000046,template,1.0,same_track,info_only_numeric_variant
EASA-ATPLA-NAV-000045,EASA-ATPLA-NAV-000047,template,1.0,same_track,info_only_numeric_variant
EASA-ATPLA-NAV-000045,EASA-ATPLA-NAV-000048,template,1.0,same_track,info_only_numeric_variant
EASA-ATPLA-NAV-000045,EASA-ATPLA-NAV-000049,template,1.0,same_track,info_only_numeric_variant
EASA-ATPLA-NAV-000045,EASA-ATPLA-NAV-000050,template,1.0,same_track,info_only_numeric_variant
EASA-ATPLA-NAV-000046,EASA-ATPLA-NAV-000047,template,1.0,same_track,info_only_numeric_variant
EASA-ATPLA-NAV-000046,EASA-ATPLA-NAV-000048,template,1.0,same_track,info_only_numeric_variant
EASA-ATPLA-NAV-000046,EASA-ATPLA-NAV-000049,template,1.0,same_track,info_only_numeric_variant
EASA-ATPLA-NAV-000046,EASA-ATPLA-NAV-000050,template,1.0,same_track,info_only_numeric_variant
EASA-ATPLA-NAV-000047,EASA-ATPLA-NAV-000048,template,1.0,same_track,info_only_numeric_variant
EASA-ATPLA-NAV-000047,EASA-ATPLA-NAV-000049,template,1.0,same_track,info_only_numeric_variant
EASA-ATPLA-NAV-000047,EASA-ATPLA-NAV-000050,template,1.0,same_track,info_only_numeric_variant
EASA-ATPLA-NAV-000048,EASA-ATPLA-NAV-000049,template,1.0,same_track,info_only_numeric_variant
EASA-ATPLA-NAV-000048,EASA-ATPLA-NAV-000050,template,1.0,same_track,info_only_numeric_variant
EASA-ATPLA-NAV-000049,EASA-ATPLA-NAV-000050,template,1.0,same_track,info_only_numeric_variant
EASA-ATPLA-NAV-000051,EASA-ATPLA-NAV-000052,template,1.0,same_track,info_only_numeric_variant
EASA-ATPLA-NAV-000051,EASA-ATPLA-NAV-000053,template,1.0,same_track,info_only_numeric_variant
EASA-ATPLA-NAV-000051,EASA-ATPLA-NAV-000054,template,1.0,same_track,info_only_numeric_variant
EASA-ATPLA-NAV-000051,EASA-ATPLA-NAV-000055,template,1.0,same_track,info_only_numeric_variant
EASA-ATPLA-NAV-000051,EASA-ATPLA-NAV-000056,template,1.0,same_track,info_only_numeric_variant
EASA-ATPLA-NAV-000051,EASA-ATPLA-NAV-000057,template,1.0,same_track,info_only_numeric_variant
EASA-ATPLA-NAV-000051,EASA-ATPLA-NAV-000058,template,1.0,same_track,info_only_numeric_variant
EASA-ATPLA-NAV-000051,EASA-ATPLA-NAV-000059,template,1.0,same_track,info_only_numeric_variant
EASA-ATPLA-NAV-000051,EASA-ATPLA-NAV-000060,template,1.0,same_track,info_only_numeric_variant
EASA-ATPLA-NAV-000051,EASA-ATPLA-NAV-000061,template,1.0,same_track,info_only_numeric_variant
EASA-ATPLA-NAV-000051,EASA-ATPLA-NAV-000062,template,1.0,same_track,info_only_numeric_variant
EASA-ATPLA-NAV-000051,EASA-ATPLA-NAV-000063,template,1.0,same_track,info_only_numeric_variant
EASA-ATPLA-NAV-000051,EASA-ATPLA-NAV-000064,template,1.0,same_track,info_only_numeric_variant
EASA-ATPLA-NAV-000051,EASA-ATPLA-NAV-000065,template,1.0,same_track,info_only_numeric_variant
EASA-ATPLA-NAV-000051,EASA-ATPLA-NAV-000066,template,1.0,same_track,info_only_numeric_variant
EASA-ATPLA-NAV-000051,EASA-ATPLA-NAV-000067,template,1.0,same_track,info_only_numeric_variant
EASA-ATPLA-NAV-000051,EASA-ATPLA-NAV-000068,template,1.0,same_track,info_only_numeric_variant
EASA-ATPLA-NAV-000051,EASA-ATPLA-NAV-000069,template,1.0,same_track,info_only_numeric_variant
EASA-ATPLA-NAV-000052,EASA-ATPLA-NAV-000053,template,1.0,same_track,info_only_numeric_variant
EASA-ATPLA-NAV-000052,EASA-ATPLA-NAV-000054,template,1.0,same_track,info_only_numeric_variant
EASA-ATPLA-NAV-000052,EASA-ATPLA-NAV-000055,template,1.0,same_track,info_only_numeric_variant
EASA-ATPLA-NAV-000052,EASA-ATPLA-NAV-000056,template,1.0,same_track,info_only_numeric_variant
EASA-ATPLA-NAV-000052,EASA-ATPLA-NAV-000057,template,1.0,same_track,info_only_numeric_variant
EASA-ATPLA-NAV-000052,EASA-ATPLA-NAV-000058,template,1.0,same_track,info_only_numeric_variant
EASA-ATPLA-NAV-000052,EASA-ATPLA-NAV-000059,template,1.0,same_track,info_only_numeric_variant
EASA-ATPLA-NAV-000052,EASA-ATPLA-NAV-000060,template,1.0,same_track,info_only_numeric_variant
EASA-ATPLA-NAV-000052,EASA-ATPLA-NAV-000061,template,1.0,same_track,info_only_numeric_variant
EASA-ATPLA-NAV-000052,EASA-ATPLA-NAV-000062,template,1.0,same_track,info_only_numeric_variant
EASA-ATPLA-NAV-000052,EASA-ATPLA-NAV-000063,template,1.0,same_track,info_only_numeric_variant
EASA-ATPLA-NAV-000052,EASA-ATPLA-NAV-000064,template,1.0,same_track,info_only_numeric_variant
EASA-ATPLA-NAV-000052,EASA-ATPLA-NAV-000065,template,1.0,same_track,info_only_numeric_variant
EASA-ATPLA-NAV-000052,EASA-ATPLA-NAV-000066,template,1.0,same_track,info_only_numeric_variant
EASA-ATPLA-NAV-000052,EASA-ATPLA-NAV-000067,template,1.0,same_track,info_only_numeric_variant
EASA-ATPLA-NAV-000052,EASA-ATPLA-NAV-000068,template,1.0,same_track,info_only_numeric_variant
EASA-ATPLA-NAV-000052,EASA-ATPLA-NAV-000069,template,1.0,same_track,info_only_numeric_variant
EASA-ATPLA-NAV-000053,EASA-ATPLA-NAV-000054,template,1.0,same_track,info_only_numeric_variant
EASA-ATPLA-NAV-000053,EASA-ATPLA-NAV-000055,template,1.0,same_track,info_only_numeric_variant
EASA-ATPLA-NAV-000053,EASA-ATPLA-NAV-000056,template,1.0,same_track,info_only_numeric_variant
EASA-ATPLA-NAV-000053,EASA-ATPLA-NAV-000057,template,1.0,same_track,info_only_numeric_variant
EASA-ATPLA-NAV-000053,EASA-ATPLA-NAV-000058,template,1.0,same_track,info_only_numeric_variant
EASA-ATPLA-NAV-000053,EASA-ATPLA-NAV-000059,template,1.0,same_track,info_only_numeric_variant
EASA-ATPLA-NAV-000053,EASA-ATPLA-NAV-000060,template,1.0,same_track,info_only_numeric_variant
EASA-ATPLA-NAV-000053,EASA-ATPLA-NAV-000061,template,1.0,same_track,info_only_numeric_variant
EASA-ATPLA-NAV-000053,EASA-ATPLA-NAV-000062,template,1.0,same_track,info_only_numeric_variant
EASA-ATPLA-NAV-000053,EASA-ATPLA-NAV-000063,template,1.0,same_track,info_only_numeric_variant
EASA-ATPLA-NAV-000053,EASA-ATPLA-NAV-000064,template,1.0,same_track,info_only_numeric_variant
EASA-ATPLA-NAV-000053,EASA-ATPLA-NAV-000065,template,1.0,same_track,info_only_numeric_variant
EASA-ATPLA-NAV-000053,EASA-ATPLA-NAV-000066,template,1.0,same_track,info_only_numeric_variant
EASA-ATPLA-NAV-000053,EASA-ATPLA-NAV-000067,template,1.0,same_track,info_only_numeric_variant
EASA-ATPLA-NAV-000053,EASA-ATPLA-NAV-000068,template,1.0,same_track,info_only_numeric_variant
EASA-ATPLA-NAV-000053,EASA-ATPLA-NAV-000069,template,1.0,same_track,info_only_numeric_variant
EASA-ATPLA-NAV-000054,EASA-ATPLA-NAV-000055,template,1.0,same_track,info_only_numeric_variant
EASA-ATPLA-NAV-000054,EASA-ATPLA-NAV-000056,template,1.0,same_track,info_only_numeric_variant
EASA-ATPLA-NAV-000054,EASA-ATPLA-NAV-000057,template,1.0,same_track,info_only_numeric_variant
EASA-ATPLA-NAV-000054,EASA-ATPLA-NAV-000058,template,1.0,same_track,info_only_numeric_variant
EASA-ATPLA-NAV-000054,EASA-ATPLA-NAV-000059,template,1.0,same_track,info_only_numeric_variant
EASA-ATPLA-NAV-000054,EASA-ATPLA-NAV-000060,template,1.0,same_track,info_only_numeric_variant
EASA-ATPLA-NAV-000054,EASA-ATPLA-NAV-000061,template,1.0,same_track,info_only_numeric_variant
EASA-ATPLA-NAV-000054,EASA-ATPLA-NAV-000062,template,1.0,same_track,info_only_numeric_variant
EASA-ATPLA-NAV-000054,EASA-ATPLA-NAV-000063,template,1.0,same_track,info_only_numeric_variant
EASA-ATPLA-NAV-000054,EASA-ATPLA-NAV-000064,template,1.0,same_track,info_only_numeric_variant
EASA-ATPLA-NAV-000054,EASA-ATPLA-NAV-000065,template,1.0,same_track,info_only_numeric_variant
EASA-ATPLA-NAV-000054,EASA-ATPLA-NAV-000066,template,1.0,same_track,info_only_numeric_variant
EASA-ATPLA-NAV-000054,EASA-ATPLA-NAV-000067,template,1.0,same_track,info_only_numeric_variant
EASA-ATPLA-NAV-000054,EASA-ATPLA-NAV-000068,template,1.0,same_track,info_only_numeric_variant
EASA-ATPLA-NAV-000054,EASA-ATPLA-NAV-000069,template,1.0,same_track,info_only_numeric_variant
EASA-ATPLA-NAV-000055,EASA-ATPLA-NAV-000056,template,1.0,same_track,info_only_numeric_variant
EASA-ATPLA-NAV-000055,EASA-ATPLA-NAV-000057,template,1.0,same_track,info_only_numeric_variant
EASA-ATPLA-NAV-000055,EASA-ATPLA-NAV-000058,template,1.0,same_track,info_only_numeric_variant
EASA-ATPLA-NAV-000055,EASA-ATPLA-NAV-000059,template,1.0,same_track,info_only_numeric_variant
EASA-ATPLA-NAV-000055,EASA-ATPLA-NAV-000060,template,1.0,same_track,info_only_numeric_variant
EASA-ATPLA-NAV-000055,EASA-ATPLA-NAV-000061,template,1.0,same_track,info_only_numeric_variant
EASA-ATPLA-NAV-000055,EASA-ATPLA-NAV-000062,template,1.0,same_track,info_only_numeric_variant
EASA-ATPLA-NAV-000055,EASA-ATPLA-NAV-000063,template,1.0,same_track,info_only_numeric_variant
EASA-ATPLA-NAV-000055,EASA-ATPLA-NAV-000064,template,1.0,same_track,info_only_numeric_variant
EASA-ATPLA-NAV-000055,EASA-ATPLA-NAV-000065,template,1.0,same_track,info_only_numeric_variant
EASA-ATPLA-NAV-000055,EASA-ATPLA-NAV-000066,template,1.0,same_track,info_only_numeric_variant
EASA-ATPLA-NAV-000055,EASA-ATPLA-NAV-000067,template,1.0,same_track,info_only_numeric_variant
EASA-ATPLA-NAV-000055,EASA-ATPLA-NAV-000068,template,1.0,same_track,info_only_numeric_variant
EASA-ATPLA-NAV-000055,EASA-ATPLA-NAV-000069,template,1.0,same_track,info_only_numeric_variant
EASA-ATPLA-NAV-000056,EASA-ATPLA-NAV-000057,template,1.0,same_track,info_only_numeric_variant
EASA-ATPLA-NAV-000056,EASA-ATPLA-NAV-000058,template,1.0,same_track,info_only_numeric_variant
EASA-ATPLA-NAV-000056,EASA-ATPLA-NAV-000059,template,1.0,same_track,info_only_numeric_variant
EASA-ATPLA-NAV-000056,EASA-ATPLA-NAV-000060,template,1.0,same_track,info_only_numeric_variant
EASA-ATPLA-NAV-000056,EASA-ATPLA-NAV-000061,template,1.0,same_track,info_only_numeric_variant
EASA-ATPLA-NAV-000056,EASA-ATPLA-NAV-000062,template,1.0,same_track,info_only_numeric_variant
EASA-ATPLA-NAV-000056,EASA-ATPLA-NAV-000063,template,1.0,same_track,info_only_numeric_variant
EASA-ATPLA-NAV-000056,EASA-ATPLA-NAV-000064,template,1.0,same_track,info_only_numeric_variant
EASA-ATPLA-NAV-000056,EASA-ATPLA-NAV-000065,template,1.0,same_track,info_only_numeric_variant
EASA-ATPLA-NAV-000056,EASA-ATPLA-NAV-000066,template,1.0,same_track,info_only_numeric_variant
EASA-ATPLA-NAV-000056,EASA-ATPLA-NAV-000067,template,1.0,same_track,info_only_numeric_variant
EASA-ATPLA-NAV-000056,EASA-ATPLA-NAV-000068,template,1.0,same_track,info_only_numeric_variant
EASA-ATPLA-NAV-000056,EASA-ATPLA-NAV-000069,template,1.0,same_track,info_only_numeric_variant
EASA-ATPLA-NAV-000057,EASA-ATPLA-NAV-000058,template,1.0,same_track,info_only_numeric_variant
EASA-ATPLA-NAV-000057,EASA-ATPLA-NAV-000059,template,1.0,same_track,info_only_numeric_variant
EASA-ATPLA-NAV-000057,EASA-ATPLA-NAV-000060,template,1.0,same_track,info_only_numeric_variant
EASA-ATPLA-NAV-000057,EASA-ATPLA-NAV-000061,template,1.0,same_track,info_only_numeric_variant
EASA-ATPLA-NAV-000057,EASA-ATPLA-NAV-000062,template,1.0,same_track,info_only_numeric_variant
EASA-ATPLA-NAV-000057,EASA-ATPLA-NAV-000063,template,1.0,same_track,info_only_numeric_variant
EASA-ATPLA-NAV-000057,EASA-ATPLA-NAV-000064,template,1.0,same_track,info_only_numeric_variant
EASA-ATPLA-NAV-000057,EASA-ATPLA-NAV-000065,template,1.0,same_track,info_only_numeric_variant
EASA-ATPLA-NAV-000057,EASA-ATPLA-NAV-000066,template,1.0,same_track,info_only_numeric_variant
EASA-ATPLA-NAV-000057,EASA-ATPLA-NAV-000067,template,1.0,same_track,info_only_numeric_variant
EASA-ATPLA-NAV-000057,EASA-ATPLA-NAV-000068,template,1.0,same_track,info_only_numeric_variant
EASA-ATPLA-NAV-000057,EASA-ATPLA-NAV-000069,template,1.0,same_track,info_only_numeric_variant
EASA-ATPLA-NAV-000058,EASA-ATPLA-NAV-000059,template,1.0,same_track,info_only_numeric_variant
EASA-ATPLA-NAV-000058,EASA-ATPLA-NAV-000060,template,1.0,same_track,info_only_numeric_variant
EASA-ATPLA-NAV-000058,EASA-ATPLA-NAV-000061,template,1.0,same_track,info_only_numeric_variant
EASA-ATPLA-NAV-000058,EASA-ATPLA-NAV-000062,template,1.0,same_track,info_only_numeric_variant
EASA-ATPLA-NAV-000058,EASA-ATPLA-NAV-000063,template,1.0,same_track,info_only_numeric_variant
EASA-ATPLA-NAV-000058,EASA-ATPLA-NAV-000064,template,1.0,same_track,info_only_numeric_variant
EASA-ATPLA-NAV-000058,EASA-ATPLA-NAV-000065,template,1.0,same_track,info_only_numeric_variant
EASA-ATPLA-NAV-000058,EASA-ATPLA-NAV-000066,template,1.0,same_track,info_only_numeric_variant
EASA-ATPLA-NAV-000058,EASA-ATPLA-NAV-000067,template,1.0,same_track,info_only_numeric_variant
EASA-ATPLA-NAV-000058,EASA-ATPLA-NAV-000068,template,1.0,same_track,info_only_numeric_variant
EASA-ATPLA-NAV-000058,EASA-ATPLA-NAV-000069,template,1.0,same_track,info_only_numeric_variant
EASA-ATPLA-NAV-000059,EASA-ATPLA-NAV-000060,template,1.0,same_track,info_only_numeric_variant
EASA-ATPLA-NAV-000059,EASA-ATPLA-NAV-000061,template,1.0,same_track,info_only_numeric_variant
EASA-ATPLA-NAV-000059,EASA-ATPLA-NAV-000062,template,1.0,same_track,info_only_numeric_variant
EASA-ATPLA-NAV-000059,EASA-ATPLA-NAV-000063,template,1.0,same_track,info_only_numeric_variant
EASA-ATPLA-NAV-000059,EASA-ATPLA-NAV-000064,template,1.0,same_track,info_only_numeric_variant
EASA-ATPLA-NAV-000059,EASA-ATPLA-NAV-000065,template,1.0,same_track,info_only_numeric_variant
EASA-ATPLA-NAV-000059,EASA-ATPLA-NAV-000066,template,1.0,same_track,info_only_numeric_variant
EASA-ATPLA-NAV-000059,EASA-ATPLA-NAV-000067,template,1.0,same_track,info_only_numeric_variant
EASA-ATPLA-NAV-000059,EASA-ATPLA-NAV-000068,template,1.0,same_track,info_only_numeric_variant
EASA-ATPLA-NAV-000059,EASA-ATPLA-NAV-000069,template,1.0,same_track,info_only_numeric_variant
EASA-ATPLA-NAV-000060,EASA-ATPLA-NAV-000061,template,1.0,same_track,info_only_numeric_variant
EASA-ATPLA-NAV-000060,EASA-ATPLA-NAV-000062,template,1.0,same_track,info_only_numeric_variant
EASA-ATPLA-NAV-000060,EASA-ATPLA-NAV-000063,template,1.0,same_track,info_only_numeric_variant
EASA-ATPLA-NAV-000060,EASA-ATPLA-NAV-000064,template,1.0,same_track,info_only_numeric_variant
EASA-ATPLA-NAV-000060,EASA-ATPLA-NAV-000065,template,1.0,same_track,info_only_numeric_variant
EASA-ATPLA-NAV-000060,EASA-ATPLA-NAV-000066,template,1.0,same_track,info_only_numeric_variant
EASA-ATPLA-NAV-000060,EASA-ATPLA-NAV-000067,template,1.0,same_track,info_only_numeric_variant
EASA-ATPLA-NAV-000060,EASA-ATPLA-NAV-000068,template,1.0,same_track,info_only_numeric_variant
EASA-ATPLA-NAV-000060,EASA-ATPLA-NAV-000069,template,1.0,same_track,info_only_numeric_variant
EASA-ATPLA-NAV-000061,EASA-ATPLA-NAV-000062,template,1.0,same_track,info_only_numeric_variant
EASA-ATPLA-NAV-000061,EASA-ATPLA-NAV-000063,template,1.0,same_track,info_only_numeric_variant
EASA-ATPLA-NAV-000061,EASA-ATPLA-NAV-000064,template,1.0,same_track,info_only_numeric_variant
EASA-ATPLA-NAV-000061,EASA-ATPLA-NAV-000065,template,1.0,same_track,info_only_numeric_variant
EASA-ATPLA-NAV-000061,EASA-ATPLA-NAV-000066,template,1.0,same_track,info_only_numeric_variant
EASA-ATPLA-NAV-000061,EASA-ATPLA-NAV-000067,template,1.0,same_track,info_only_numeric_variant
EASA-ATPLA-NAV-000061,EASA-ATPLA-NAV-000068,template,1.0,same_track,info_only_numeric_variant
EASA-ATPLA-NAV-000061,EASA-ATPLA-NAV-000069,template,1.0,same_track,info_only_numeric_variant
EASA-ATPLA-NAV-000062,EASA-ATPLA-NAV-000063,template,1.0,same_track,info_only_numeric_variant
EASA-ATPLA-NAV-000062,EASA-ATPLA-NAV-000064,template,1.0,same_track,info_only_numeric_variant
EASA-ATPLA-NAV-000062,EASA-ATPLA-NAV-000065,template,1.0,same_track,info_only_numeric_variant
EASA-ATPLA-NAV-000062,EASA-ATPLA-NAV-000066,template,1.0,same_track,info_only_numeric_variant
EASA-ATPLA-NAV-000062,EASA-ATPLA-NAV-000067,template,1.0,same_track,info_only_numeric_variant
EASA-ATPLA-NAV-000062,EASA-ATPLA-NAV-000068,template,1.0,same_track,info_only_numeric_variant
EASA-ATPLA-NAV-000062,EASA-ATPLA-NAV-000069,template,1.0,same_track,info_only_numeric_variant
EASA-ATPLA-NAV-000063,EASA-ATPLA-NAV-000064,template,1.0,same_track,info_only_numeric_variant
EASA-ATPLA-NAV-000063,EASA-ATPLA-NAV-000065,template,1.0,same_track,info_only_numeric_variant
EASA-ATPLA-NAV-000063,EASA-ATPLA-NAV-000066,template,1.0,same_track,info_only_numeric_variant
EASA-ATPLA-NAV-000063,EASA-ATPLA-NAV-000067,template,1.0,same_track,info_only_numeric_variant
EASA-ATPLA-NAV-000063,EASA-ATPLA-NAV-000068,template,1.0,same_track,info_only_numeric_variant
EASA-ATPLA-NAV-000063,EASA-ATPLA-NAV-000069,template,1.0,same_track,info_only_numeric_variant
EASA-ATPLA-NAV-000064,EASA-ATPLA-NAV-000065,template,1.0,same_track,info_only_numeric_variant
EASA-ATPLA-NAV-000064,EASA-ATPLA-NAV-000066,template,1.0,same_track,info_only_numeric_variant
EASA-ATPLA-NAV-000064,EASA-ATPLA-NAV-000067,template,1.0,same_track,info_only_numeric_variant
EASA-ATPLA-NAV-000064,EASA-ATPLA-NAV-000068,template,1.0,same_track,info_only_numeric_variant
EASA-ATPLA-NAV-000064,EASA-ATPLA-NAV-000069,template,1.0,same_track,info_only_numeric_variant
EASA-ATPLA-NAV-000065,EASA-ATPLA-NAV-000066,template,1.0,same_track,info_only_numeric_variant
EASA-ATPLA-NAV-000065,EASA-ATPLA-NAV-000067,template,1.0,same_track,info_only_numeric_variant
EASA-ATPLA-NAV-000065,EASA-ATPLA-NAV-000068,template,1.0,same_track,info_only_numeric_variant
EASA-ATPLA-NAV-000065,EASA-ATPLA-NAV-000069,template,1.0,same_track,info_only_numeric_variant
EASA-ATPLA-NAV-000066,EASA-ATPLA-NAV-000067,template,1.0,same_track,info_only_numeric_variant
EASA-ATPLA-NAV-000066,EASA-ATPLA-NAV-000068,template,1.0,same_track,info_only_numeric_variant
EASA-ATPLA-NAV-000066,EASA-ATPLA-NAV-000069,template,1.0,same_track,info_only_numeric_variant
EASA-ATPLA-NAV-000067,EASA-ATPLA-NAV-000068,template,1.0,same_track,info_only_numeric_variant
EASA-ATPLA-NAV-000067,EASA-ATPLA-NAV-000069,template,1.0,same_track,info_only_numeric_variant
EASA-ATPLA-NAV-000068,EASA-ATPLA-NAV-000069,template,1.0,same_track,info_only_numeric_variant
EASA-ATPLA-NAV-000070,EASA-ATPLA-NAV-000071,template,1.0,same_track,info_only_numeric_variant
EASA-ATPLA-NAV-000070,EASA-ATPLA-NAV-000072,template,1.0,same_track,info_only_numeric_variant
EASA-ATPLA-NAV-000070,EASA-ATPLA-NAV-000073,template,1.0,same_track,info_only_numeric_variant
EASA-ATPLA-NAV-000070,EASA-ATPLA-NAV-000074,template,1.0,same_track,info_only_numeric_variant
EASA-ATPLA-NAV-000070,EASA-ATPLA-NAV-000075,template,1.0,same_track,info_only_numeric_variant
EASA-ATPLA-NAV-000070,EASA-ATPLA-NAV-000076,template,1.0,same_track,info_only_numeric_variant
EASA-ATPLA-NAV-000070,EASA-ATPLA-NAV-000077,template,1.0,same_track,info_only_numeric_variant
EASA-ATPLA-NAV-000070,EASA-ATPLA-NAV-000078,template,1.0,same_track,info_only_numeric_variant
EASA-ATPLA-NAV-000070,EASA-ATPLA-NAV-000079,template,1.0,same_track,info_only_numeric_variant
EASA-ATPLA-NAV-000070,EASA-ATPLA-NAV-000080,template,1.0,same_track,info_only_numeric_variant
EASA-ATPLA-NAV-000070,EASA-ATPLA-NAV-000081,template,1.0,same_track,info_only_numeric_variant
EASA-ATPLA-NAV-000070,EASA-ATPLA-NAV-000082,template,1.0,same_track,info_only_numeric_variant
EASA-ATPLA-NAV-000070,EASA-ATPLA-NAV-000083,template,1.0,same_track,info_only_numeric_variant
EASA-ATPLA-NAV-000070,EASA-ATPLA-NAV-000084,template,1.0,same_track,info_only_numeric_variant
EASA-ATPLA-NAV-000070,EASA-ATPLA-NAV-000085,template,1.0,same_track,info_only_numeric_variant
EASA-ATPLA-NAV-000071,EASA-ATPLA-NAV-000072,template,1.0,same_track,info_only_numeric_variant
EASA-ATPLA-NAV-000071,EASA-ATPLA-NAV-000073,template,1.0,same_track,info_only_numeric_variant
EASA-ATPLA-NAV-000071,EASA-ATPLA-NAV-000074,template,1.0,same_track,info_only_numeric_variant
EASA-ATPLA-NAV-000071,EASA-ATPLA-NAV-000075,template,1.0,same_track,info_only_numeric_variant
EASA-ATPLA-NAV-000071,EASA-ATPLA-NAV-000076,template,1.0,same_track,info_only_numeric_variant
EASA-ATPLA-NAV-000071,EASA-ATPLA-NAV-000077,template,1.0,same_track,info_only_numeric_variant
EASA-ATPLA-NAV-000071,EASA-ATPLA-NAV-000078,template,1.0,same_track,info_only_numeric_variant
EASA-ATPLA-NAV-000071,EASA-ATPLA-NAV-000079,template,1.0,same_track,info_only_numeric_variant
EASA-ATPLA-NAV-000071,EASA-ATPLA-NAV-000080,template,1.0,same_track,info_only_numeric_variant
EASA-ATPLA-NAV-000071,EASA-ATPLA-NAV-000081,template,1.0,same_track,info_only_numeric_variant
EASA-ATPLA-NAV-000071,EASA-ATPLA-NAV-000082,template,1.0,same_track,info_only_numeric_variant
EASA-ATPLA-NAV-000071,EASA-ATPLA-NAV-000083,template,1.0,same_track,info_only_numeric_variant
EASA-ATPLA-NAV-000071,EASA-ATPLA-NAV-000084,template,1.0,same_track,info_only_numeric_variant
EASA-ATPLA-NAV-000071,EASA-ATPLA-NAV-000085,template,1.0,same_track,info_only_numeric_variant
EASA-ATPLA-NAV-000072,EASA-ATPLA-NAV-000073,template,1.0,same_track,info_only_numeric_variant
EASA-ATPLA-NAV-000072,EASA-ATPLA-NAV-000074,template,1.0,same_track,info_only_numeric_variant
EASA-ATPLA-NAV-000072,EASA-ATPLA-NAV-000075,template,1.0,same_track,info_only_numeric_variant
EASA-ATPLA-NAV-000072,EASA-ATPLA-NAV-000076,template,1.0,same_track,info_only_numeric_variant
EASA-ATPLA-NAV-000072,EASA-ATPLA-NAV-000077,template,1.0,same_track,info_only_numeric_variant
EASA-ATPLA-NAV-000072,EASA-ATPLA-NAV-000078,template,1.0,same_track,info_only_numeric_variant
EASA-ATPLA-NAV-000072,EASA-ATPLA-NAV-000079,template,1.0,same_track,info_only_numeric_variant
EASA-ATPLA-NAV-000072,EASA-ATPLA-NAV-000080,template,1.0,same_track,info_only_numeric_variant
EASA-ATPLA-NAV-000072,EASA-ATPLA-NAV-000081,template,1.0,same_track,info_only_numeric_variant
EASA-ATPLA-NAV-000072,EASA-ATPLA-NAV-000082,template,1.0,same_track,info_only_numeric_variant
EASA-ATPLA-NAV-000072,EASA-ATPLA-NAV-000083,template,1.0,same_track,info_only_numeric_variant
EASA-ATPLA-NAV-000072,EASA-ATPLA-NAV-000084,template,1.0,same_track,info_only_numeric_variant
EASA-ATPLA-NAV-000072,EASA-ATPLA-NAV-000085,template,1.0,same_track,info_only_numeric_variant
EASA-ATPLA-NAV-000073,EASA-ATPLA-NAV-000074,template,1.0,same_track,info_only_numeric_variant
EASA-ATPLA-NAV-000073,EASA-ATPLA-NAV-000075,template,1.0,same_track,info_only_numeric_variant
EASA-ATPLA-NAV-000073,EASA-ATPLA-NAV-000076,template,1.0,same_track,info_only_numeric_variant
EASA-ATPLA-NAV-000073,EASA-ATPLA-NAV-000077,template,1.0,same_track,info_only_numeric_variant
EASA-ATPLA-NAV-000073,EASA-ATPLA-NAV-000078,template,1.0,same_track,info_only_numeric_variant
EASA-ATPLA-NAV-000073,EASA-ATPLA-NAV-000079,template,1.0,same_track,info_only_numeric_variant
EASA-ATPLA-NAV-000073,EASA-ATPLA-NAV-000080,template,1.0,same_track,info_only_numeric_variant
EASA-ATPLA-NAV-000073,EASA-ATPLA-NAV-000081,template,1.0,same_track,info_only_numeric_variant
EASA-ATPLA-NAV-000073,EASA-ATPLA-NAV-000082,template,1.0,same_track,info_only_numeric_variant
EASA-ATPLA-NAV-000073,EASA-ATPLA-NAV-000083,template,1.0,same_track,info_only_numeric_variant
EASA-ATPLA-NAV-000073,EASA-ATPLA-NAV-000084,template,1.0,same_track,info_only_numeric_variant
EASA-ATPLA-NAV-000073,EASA-ATPLA-NAV-000085,template,1.0,same_track,info_only_numeric_variant
EASA-ATPLA-NAV-000074,EASA-ATPLA-NAV-000075,template,1.0,same_track,info_only_numeric_variant
EASA-ATPLA-NAV-000074,EASA-ATPLA-NAV-000076,template,1.0,same_track,info_only_numeric_variant
EASA-ATPLA-NAV-000074,EASA-ATPLA-NAV-000077,template,1.0,same_track,info_only_numeric_variant
EASA-ATPLA-NAV-000074,EASA-ATPLA-NAV-000078,template,1.0,same_track,info_only_numeric_variant
EASA-ATPLA-NAV-000074,EASA-ATPLA-NAV-000079,template,1.0,same_track,info_only_numeric_variant
EASA-ATPLA-NAV-000074,EASA-ATPLA-NAV-000080,template,1.0,same_track,info_only_numeric_variant
EASA-ATPLA-NAV-000074,EASA-ATPLA-NAV-000081,template,1.0,same_track,info_only_numeric_variant
EASA-ATPLA-NAV-000074,EASA-ATPLA-NAV-000082,template,1.0,same_track,info_only_numeric_variant
EASA-ATPLA-NAV-000074,EASA-ATPLA-NAV-000083,template,1.0,same_track,info_only_numeric_variant
EASA-ATPLA-NAV-000074,EASA-ATPLA-NAV-000084,template,1.0,same_track,info_only_numeric_variant
EASA-ATPLA-NAV-000074,EASA-ATPLA-NAV-000085,template,1.0,same_track,info_only_numeric_variant
EASA-ATPLA-NAV-000075,EASA-ATPLA-NAV-000076,template,1.0,same_track,info_only_numeric_variant
EASA-ATPLA-NAV-000075,EASA-ATPLA-NAV-000077,template,1.0,same_track,info_only_numeric_variant
EASA-ATPLA-NAV-000075,EASA-ATPLA-NAV-000078,template,1.0,same_track,info_only_numeric_variant
EASA-ATPLA-NAV-000075,EASA-ATPLA-NAV-000079,template,1.0,same_track,info_only_numeric_variant
EASA-ATPLA-NAV-000075,EASA-ATPLA-NAV-000080,template,1.0,same_track,info_only_numeric_variant
EASA-ATPLA-NAV-000075,EASA-ATPLA-NAV-000081,template,1.0,same_track,info_only_numeric_variant
EASA-ATPLA-NAV-000075,EASA-ATPLA-NAV-000082,template,1.0,same_track,info_only_numeric_variant
EASA-ATPLA-NAV-000075,EASA-ATPLA-NAV-000083,template,1.0,same_track,info_only_numeric_variant
EASA-ATPLA-NAV-000075,EASA-ATPLA-NAV-000084,template,1.0,same_track,info_only_numeric_variant
EASA-ATPLA-NAV-000075,EASA-ATPLA-NAV-000085,template,1.0,same_track,info_only_numeric_variant
EASA-ATPLA-NAV-000076,EASA-ATPLA-NAV-000077,template,1.0,same_track,info_only_numeric_variant
EASA-ATPLA-NAV-000076,EASA-ATPLA-NAV-000078,template,1.0,same_track,info_only_numeric_variant
EASA-ATPLA-NAV-000076,EASA-ATPLA-NAV-000079,template,1.0,same_track,info_only_numeric_variant
EASA-ATPLA-NAV-000076,EASA-ATPLA-NAV-000080,template,1.0,same_track,info_only_numeric_variant
EASA-ATPLA-NAV-000076,EASA-ATPLA-NAV-000081,template,1.0,same_track,info_only_numeric_variant
EASA-ATPLA-NAV-000076,EASA-ATPLA-NAV-000082,template,1.0,same_track,info_only_numeric_variant
EASA-ATPLA-NAV-000076,EASA-ATPLA-NAV-000083,template,1.0,same_track,info_only_numeric_variant
EASA-ATPLA-NAV-000076,EASA-ATPLA-NAV-000084,template,1.0,same_track,info_only_numeric_variant
EASA-ATPLA-NAV-000076,EASA-ATPLA-NAV-000085,template,1.0,same_track,info_only_numeric_variant
EASA-ATPLA-NAV-000077,EASA-ATPLA-NAV-000078,template,1.0,same_track,info_only_numeric_variant
EASA-ATPLA-NAV-000077,EASA-ATPLA-NAV-000079,template,1.0,same_track,info_only_numeric_variant
EASA-ATPLA-NAV-000077,EASA-ATPLA-NAV-000080,template,1.0,same_track,info_only_numeric_variant
EASA-ATPLA-NAV-000077,EASA-ATPLA-NAV-000081,template,1.0,same_track,info_only_numeric_variant
EASA-ATPLA-NAV-000077,EASA-ATPLA-NAV-000082,template,1.0,same_track,info_only_numeric_variant
EASA-ATPLA-NAV-000077,EASA-ATPLA-NAV-000083,template,1.0,same_track,info_only_numeric_variant
EASA-ATPLA-NAV-000077,EASA-ATPLA-NAV-000084,template,1.0,same_track,info_only_numeric_variant
EASA-ATPLA-NAV-000077,EASA-ATPLA-NAV-000085,template,1.0,same_track,info_only_numeric_variant
EASA-ATPLA-NAV-000078,EASA-ATPLA-NAV-000079,template,1.0,same_track,info_only_numeric_variant
EASA-ATPLA-NAV-000078,EASA-ATPLA-NAV-000080,template,1.0,same_track,info_only_numeric_variant
EASA-ATPLA-NAV-000078,EASA-ATPLA-NAV-000081,template,1.0,same_track,info_only_numeric_variant
EASA-ATPLA-NAV-000078,EASA-ATPLA-NAV-000082,template,1.0,same_track,info_only_numeric_variant
EASA-ATPLA-NAV-000078,EASA-ATPLA-NAV-000083,template,1.0,same_track,info_only_numeric_variant
EASA-ATPLA-NAV-000078,EASA-ATPLA-NAV-000084,template,1.0,same_track,info_only_numeric_variant
EASA-ATPLA-NAV-000078,EASA-ATPLA-NAV-000085,template,1.0,same_track,info_only_numeric_variant
EASA-ATPLA-NAV-000079,EASA-ATPLA-NAV-000080,template,1.0,same_track,info_only_numeric_variant
EASA-ATPLA-NAV-000079,EASA-ATPLA-NAV-000081,template,1.0,same_track,info_only_numeric_variant
EASA-ATPLA-NAV-000079,EASA-ATPLA-NAV-000082,template,1.0,same_track,info_only_numeric_variant
EASA-ATPLA-NAV-000079,EASA-ATPLA-NAV-000083,template,1.0,same_track,info_only_numeric_variant
EASA-ATPLA-NAV-000079,EASA-ATPLA-NAV-000084,template,1.0,same_track,info_only_numeric_variant
EASA-ATPLA-NAV-000079,EASA-ATPLA-NAV-000085,template,1.0,same_track,info_only_numeric_variant
EASA-ATPLA-NAV-000080,EASA-ATPLA-NAV-000081,template,1.0,same_track,info_only_numeric_variant
EASA-ATPLA-NAV-000080,EASA-ATPLA-NAV-000082,template,1.0,same_track,info_only_numeric_variant
EASA-ATPLA-NAV-000080,EASA-ATPLA-NAV-000083,template,1.0,same_track,info_only_numeric_variant
EASA-ATPLA-NAV-000080,EASA-ATPLA-NAV-000084,template,1.0,same_track,info_only_numeric_variant
EASA-ATPLA-NAV-000080,EASA-ATPLA-NAV-000085,template,1.0,same_track,info_only_numeric_variant
EASA-ATPLA-NAV-000081,EASA-ATPLA-NAV-000082,template,1.0,same_track,info_only_numeric_variant
EASA-ATPLA-NAV-000081,EASA-ATPLA-NAV-000083,template,1.0,same_track,info_only_numeric_variant
EASA-ATPLA-NAV-000081,EASA-ATPLA-NAV-000084,template,1.0,same_track,info_only_numeric_variant
EASA-ATPLA-NAV-000081,EASA-ATPLA-NAV-000085,template,1.0,same_track,info_only_numeric_variant
EASA-ATPLA-NAV-000082,EASA-ATPLA-NAV-000083,template,1.0,same_track,info_only_numeric_variant
EASA-ATPLA-NAV-000082,EASA-ATPLA-NAV-000084,template,1.0,same_track,info_only_numeric_variant
EASA-ATPLA-NAV-000082,EASA-ATPLA-NAV-000085,template,1.0,same_track,info_only_numeric_variant
EASA-ATPLA-NAV-000083,EASA-ATPLA-NAV-000084,template,1.0,same_track,info_only_numeric_variant
EASA-ATPLA-NAV-000083,EASA-ATPLA-NAV-000085,template,1.0,same_track,info_only_numeric_variant
EASA-ATPLA-NAV-000084,EASA-ATPLA-NAV-000085,template,1.0,same_track,info_only_numeric_variant
EASA-ATPLA-NAV-000086,EASA-ATPLA-NAV-000087,template,1.0,same_track,info_only_numeric_variant
EASA-ATPLA-NAV-000086,EASA-ATPLA-NAV-000088,template,1.0,same_track,info_only_numeric_variant
EASA-ATPLA-NAV-000086,EASA-ATPLA-NAV-000089,template,1.0,same_track,info_only_numeric_variant
EASA-ATPLA-NAV-000086,EASA-ATPLA-NAV-000090,template,1.0,same_track,info_only_numeric_variant
EASA-ATPLA-NAV-000086,EASA-ATPLA-NAV-000091,template,1.0,same_track,info_only_numeric_variant
EASA-ATPLA-NAV-000086,EASA-ATPLA-NAV-000092,template,1.0,same_track,info_only_numeric_variant
EASA-ATPLA-NAV-000086,EASA-ATPLA-NAV-000093,template,1.0,same_track,info_only_numeric_variant
EASA-ATPLA-NAV-000086,EASA-ATPLA-NAV-000094,template,1.0,same_track,info_only_numeric_variant
EASA-ATPLA-NAV-000086,EASA-ATPLA-NAV-000095,template,1.0,same_track,info_only_numeric_variant
EASA-ATPLA-NAV-000087,EASA-ATPLA-NAV-000088,template,1.0,same_track,info_only_numeric_variant
EASA-ATPLA-NAV-000087,EASA-ATPLA-NAV-000089,template,1.0,same_track,info_only_numeric_variant
EASA-ATPLA-NAV-000087,EASA-ATPLA-NAV-000090,template,1.0,same_track,info_only_numeric_variant
EASA-ATPLA-NAV-000087,EASA-ATPLA-NAV-000091,template,1.0,same_track,info_only_numeric_variant
EASA-ATPLA-NAV-000087,EASA-ATPLA-NAV-000092,template,1.0,same_track,info_only_numeric_variant
EASA-ATPLA-NAV-000087,EASA-ATPLA-NAV-000093,template,1.0,same_track,info_only_numeric_variant
EASA-ATPLA-NAV-000087,EASA-ATPLA-NAV-000094,template,1.0,same_track,info_only_numeric_variant
EASA-ATPLA-NAV-000087,EASA-ATPLA-NAV-000095,template,1.0,same_track,info_only_numeric_variant
EASA-ATPLA-NAV-000088,EASA-ATPLA-NAV-000089,template,1.0,same_track,info_only_numeric_variant
EASA-ATPLA-NAV-000088,EASA-ATPLA-NAV-000090,template,1.0,same_track,info_only_numeric_variant
EASA-ATPLA-NAV-000088,EASA-ATPLA-NAV-000091,template,1.0,same_track,info_only_numeric_variant
EASA-ATPLA-NAV-000088,EASA-ATPLA-NAV-000092,template,1.0,same_track,info_only_numeric_variant
EASA-ATPLA-NAV-000088,EASA-ATPLA-NAV-000093,template,1.0,same_track,info_only_numeric_variant
EASA-ATPLA-NAV-000088,EASA-ATPLA-NAV-000094,template,1.0,same_track,info_only_numeric_variant
EASA-ATPLA-NAV-000088,EASA-ATPLA-NAV-000095,template,1.0,same_track,info_only_numeric_variant
EASA-ATPLA-NAV-000089,EASA-ATPLA-NAV-000090,template,1.0,same_track,info_only_numeric_variant
EASA-ATPLA-NAV-000089,EASA-ATPLA-NAV-000091,template,1.0,same_track,info_only_numeric_variant
EASA-ATPLA-NAV-000089,EASA-ATPLA-NAV-000092,template,1.0,same_track,info_only_numeric_variant
EASA-ATPLA-NAV-000089,EASA-ATPLA-NAV-000093,template,1.0,same_track,info_only_numeric_variant
EASA-ATPLA-NAV-000089,EASA-ATPLA-NAV-000094,template,1.0,same_track,info_only_numeric_variant
EASA-ATPLA-NAV-000089,EASA-ATPLA-NAV-000095,template,1.0,same_track,info_only_numeric_variant
EASA-ATPLA-NAV-000090,EASA-ATPLA-NAV-000091,template,1.0,same_track,info_only_numeric_variant
EASA-ATPLA-NAV-000090,EASA-ATPLA-NAV-000092,template,1.0,same_track,info_only_numeric_variant
EASA-ATPLA-NAV-000090,EASA-ATPLA-NAV-000093,template,1.0,same_track,info_only_numeric_variant
EASA-ATPLA-NAV-000090,EASA-ATPLA-NAV-000094,template,1.0,same_track,info_only_numeric_variant
EASA-ATPLA-NAV-000090,EASA-ATPLA-NAV-000095,template,1.0,same_track,info_only_numeric_variant
EASA-ATPLA-NAV-000091,EASA-ATPLA-NAV-000092,template,1.0,same_track,info_only_numeric_variant
EASA-ATPLA-NAV-000091,EASA-ATPLA-NAV-000093,template,1.0,same_track,info_only_numeric_variant
EASA-ATPLA-NAV-000091,EASA-ATPLA-NAV-000094,template,1.0,same_track,info_only_numeric_variant
EASA-ATPLA-NAV-000091,EASA-ATPLA-NAV-000095,template,1.0,same_track,info_only_numeric_variant
EASA-ATPLA-NAV-000092,EASA-ATPLA-NAV-000093,template,1.0,same_track,info_only_numeric_variant
EASA-ATPLA-NAV-000092,EASA-ATPLA-NAV-000094,template,1.0,same_track,info_only_numeric_variant
EASA-ATPLA-NAV-000092,EASA-ATPLA-NAV-000095,template,1.0,same_track,info_only_numeric_variant
EASA-ATPLA-NAV-000093,EASA-ATPLA-NAV-000094,template,1.0,same_track,info_only_numeric_variant
EASA-ATPLA-NAV-000093,EASA-ATPLA-NAV-000095,template,1.0,same_track,info_only_numeric_variant
EASA-ATPLA-NAV-000094,EASA-ATPLA-NAV-000095,template,1.0,same_track,info_only_numeric_variant
EASA-ATPLA-NAV-000096,EASA-ATPLA-NAV-000097,template,1.0,same_track,info_only_numeric_variant
EASA-ATPLA-NAV-000096,EASA-ATPLA-NAV-000098,template,1.0,same_track,info_only_numeric_variant
EASA-ATPLA-NAV-000096,EASA-ATPLA-NAV-000099,template,1.0,same_track,info_only_numeric_variant
EASA-ATPLA-NAV-000096,EASA-ATPLA-NAV-000100,template,1.0,same_track,info_only_numeric_variant
EASA-ATPLA-NAV-000096,EASA-ATPLA-NAV-000101,template,1.0,same_track,info_only_numeric_variant
EASA-ATPLA-NAV-000096,EASA-ATPLA-NAV-000102,template,1.0,same_track,info_only_numeric_variant
EASA-ATPLA-NAV-000096,EASA-ATPLA-NAV-000103,template,1.0,same_track,info_only_numeric_variant
EASA-ATPLA-NAV-000096,EASA-ATPLA-NAV-000104,template,1.0,same_track,info_only_numeric_variant
EASA-ATPLA-NAV-000096,EASA-ATPLA-NAV-000105,template,1.0,same_track,info_only_numeric_variant
EASA-ATPLA-NAV-000096,EASA-ATPLA-NAV-000106,template,1.0,same_track,info_only_numeric_variant
EASA-ATPLA-NAV-000096,EASA-ATPLA-NAV-000107,template,1.0,same_track,info_only_numeric_variant
EASA-ATPLA-NAV-000096,EASA-ATPLA-NAV-000108,template,1.0,same_track,info_only_numeric_variant
EASA-ATPLA-NAV-000096,EASA-ATPLA-NAV-000109,template,1.0,same_track,info_only_numeric_variant
EASA-ATPLA-NAV-000096,EASA-ATPLA-NAV-000110,template,1.0,same_track,info_only_numeric_variant
EASA-ATPLA-NAV-000096,EASA-ATPLA-NAV-000111,template,1.0,same_track,info_only_numeric_variant
EASA-ATPLA-NAV-000096,EASA-ATPLA-NAV-000112,template,1.0,same_track,info_only_numeric_variant
EASA-ATPLA-NAV-000096,EASA-ATPLA-NAV-000113,template,1.0,same_track,info_only_numeric_variant
EASA-ATPLA-NAV-000097,EASA-ATPLA-NAV-000098,template,1.0,same_track,info_only_numeric_variant
EASA-ATPLA-NAV-000097,EASA-ATPLA-NAV-000099,template,1.0,same_track,info_only_numeric_variant
EASA-ATPLA-NAV-000097,EASA-ATPLA-NAV-000100,template,1.0,same_track,info_only_numeric_variant
EASA-ATPLA-NAV-000097,EASA-ATPLA-NAV-000101,template,1.0,same_track,info_only_numeric_variant
EASA-ATPLA-NAV-000097,EASA-ATPLA-NAV-000102,template,1.0,same_track,info_only_numeric_variant
EASA-ATPLA-NAV-000097,EASA-ATPLA-NAV-000103,template,1.0,same_track,info_only_numeric_variant
EASA-ATPLA-NAV-000097,EASA-ATPLA-NAV-000104,template,1.0,same_track,info_only_numeric_variant
EASA-ATPLA-NAV-000097,EASA-ATPLA-NAV-000105,template,1.0,same_track,info_only_numeric_variant
EASA-ATPLA-NAV-000097,EASA-ATPLA-NAV-000106,template,1.0,same_track,info_only_numeric_variant
EASA-ATPLA-NAV-000097,EASA-ATPLA-NAV-000107,template,1.0,same_track,info_only_numeric_variant
EASA-ATPLA-NAV-000097,EASA-ATPLA-NAV-000108,template,1.0,same_track,info_only_numeric_variant
EASA-ATPLA-NAV-000097,EASA-ATPLA-NAV-000109,template,1.0,same_track,info_only_numeric_variant
EASA-ATPLA-NAV-000097,EASA-ATPLA-NAV-000110,template,1.0,same_track,info_only_numeric_variant
EASA-ATPLA-NAV-000097,EASA-ATPLA-NAV-000111,template,1.0,same_track,info_only_numeric_variant
EASA-ATPLA-NAV-000097,EASA-ATPLA-NAV-000112,template,1.0,same_track,info_only_numeric_variant
EASA-ATPLA-NAV-000097,EASA-ATPLA-NAV-000113,template,1.0,same_track,info_only_numeric_variant
EASA-ATPLA-NAV-000098,EASA-ATPLA-NAV-000099,template,1.0,same_track,info_only_numeric_variant
EASA-ATPLA-NAV-000098,EASA-ATPLA-NAV-000100,template,1.0,same_track,info_only_numeric_variant
EASA-ATPLA-NAV-000098,EASA-ATPLA-NAV-000101,template,1.0,same_track,info_only_numeric_variant
EASA-ATPLA-NAV-000098,EASA-ATPLA-NAV-000102,template,1.0,same_track,info_only_numeric_variant
EASA-ATPLA-NAV-000098,EASA-ATPLA-NAV-000103,template,1.0,same_track,info_only_numeric_variant
EASA-ATPLA-NAV-000098,EASA-ATPLA-NAV-000104,template,1.0,same_track,info_only_numeric_variant
EASA-ATPLA-NAV-000098,EASA-ATPLA-NAV-000105,template,1.0,same_track,info_only_numeric_variant
EASA-ATPLA-NAV-000098,EASA-ATPLA-NAV-000106,template,1.0,same_track,info_only_numeric_variant
EASA-ATPLA-NAV-000098,EASA-ATPLA-NAV-000107,template,1.0,same_track,info_only_numeric_variant
EASA-ATPLA-NAV-000098,EASA-ATPLA-NAV-000108,template,1.0,same_track,info_only_numeric_variant
EASA-ATPLA-NAV-000098,EASA-ATPLA-NAV-000109,template,1.0,same_track,info_only_numeric_variant
EASA-ATPLA-NAV-000098,EASA-ATPLA-NAV-000110,template,1.0,same_track,info_only_numeric_variant
EASA-ATPLA-NAV-000098,EASA-ATPLA-NAV-000111,template,1.0,same_track,info_only_numeric_variant
EASA-ATPLA-NAV-000098,EASA-ATPLA-NAV-000112,template,1.0,same_track,info_only_numeric_variant
EASA-ATPLA-NAV-000098,EASA-ATPLA-NAV-000113,template,1.0,same_track,info_only_numeric_variant
EASA-ATPLA-NAV-000099,EASA-ATPLA-NAV-000100,template,1.0,same_track,info_only_numeric_variant
EASA-ATPLA-NAV-000099,EASA-ATPLA-NAV-000101,template,1.0,same_track,info_only_numeric_variant
EASA-ATPLA-NAV-000099,EASA-ATPLA-NAV-000102,template,1.0,same_track,info_only_numeric_variant
EASA-ATPLA-NAV-000099,EASA-ATPLA-NAV-000103,template,1.0,same_track,info_only_numeric_variant
EASA-ATPLA-NAV-000099,EASA-ATPLA-NAV-000104,template,1.0,same_track,info_only_numeric_variant
EASA-ATPLA-NAV-000099,EASA-ATPLA-NAV-000105,template,1.0,same_track,info_only_numeric_variant
EASA-ATPLA-NAV-000099,EASA-ATPLA-NAV-000106,template,1.0,same_track,info_only_numeric_variant
EASA-ATPLA-NAV-000099,EASA-ATPLA-NAV-000107,template,1.0,same_track,info_only_numeric_variant
EASA-ATPLA-NAV-000099,EASA-ATPLA-NAV-000108,template,1.0,same_track,info_only_numeric_variant
EASA-ATPLA-NAV-000099,EASA-ATPLA-NAV-000109,template,1.0,same_track,info_only_numeric_variant
EASA-ATPLA-NAV-000099,EASA-ATPLA-NAV-000110,template,1.0,same_track,info_only_numeric_variant
EASA-ATPLA-NAV-000099,EASA-ATPLA-NAV-000111,template,1.0,same_track,info_only_numeric_variant
EASA-ATPLA-NAV-000099,EASA-ATPLA-NAV-000112,template,1.0,same_track,info_only_numeric_variant
EASA-ATPLA-NAV-000099,EASA-ATPLA-NAV-000113,template,1.0,same_track,info_only_numeric_variant
EASA-ATPLA-NAV-000100,EASA-ATPLA-NAV-000101,template,1.0,same_track,info_only_numeric_variant
EASA-ATPLA-NAV-000100,EASA-ATPLA-NAV-000102,template,1.0,same_track,info_only_numeric_variant
EASA-ATPLA-NAV-000100,EASA-ATPLA-NAV-000103,template,1.0,same_track,info_only_numeric_variant
EASA-ATPLA-NAV-000100,EASA-ATPLA-NAV-000104,template,1.0,same_track,info_only_numeric_variant
EASA-ATPLA-NAV-000100,EASA-ATPLA-NAV-000105,template,1.0,same_track,info_only_numeric_variant
EASA-ATPLA-NAV-000100,EASA-ATPLA-NAV-000106,template,1.0,same_track,info_only_numeric_variant
EASA-ATPLA-NAV-000100,EASA-ATPLA-NAV-000107,template,1.0,same_track,info_only_numeric_variant
EASA-ATPLA-NAV-000100,EASA-ATPLA-NAV-000108,template,1.0,same_track,info_only_numeric_variant
EASA-ATPLA-NAV-000100,EASA-ATPLA-NAV-000109,template,1.0,same_track,info_only_numeric_variant
EASA-ATPLA-NAV-000100,EASA-ATPLA-NAV-000110,template,1.0,same_track,info_only_numeric_variant
EASA-ATPLA-NAV-000100,EASA-ATPLA-NAV-000111,template,1.0,same_track,info_only_numeric_variant
EASA-ATPLA-NAV-000100,EASA-ATPLA-NAV-000112,template,1.0,same_track,info_only_numeric_variant
EASA-ATPLA-NAV-000100,EASA-ATPLA-NAV-000113,template,1.0,same_track,info_only_numeric_variant
EASA-ATPLA-NAV-000101,EASA-ATPLA-NAV-000102,template,1.0,same_track,info_only_numeric_variant
EASA-ATPLA-NAV-000101,EASA-ATPLA-NAV-000103,template,1.0,same_track,info_only_numeric_variant
EASA-ATPLA-NAV-000101,EASA-ATPLA-NAV-000104,template,1.0,same_track,info_only_numeric_variant
EASA-ATPLA-NAV-000101,EASA-ATPLA-NAV-000105,template,1.0,same_track,info_only_numeric_variant
EASA-ATPLA-NAV-000101,EASA-ATPLA-NAV-000106,template,1.0,same_track,info_only_numeric_variant
EASA-ATPLA-NAV-000101,EASA-ATPLA-NAV-000107,template,1.0,same_track,info_only_numeric_variant
EASA-ATPLA-NAV-000101,EASA-ATPLA-NAV-000108,template,1.0,same_track,info_only_numeric_variant
EASA-ATPLA-NAV-000101,EASA-ATPLA-NAV-000109,template,1.0,same_track,info_only_numeric_variant
EASA-ATPLA-NAV-000101,EASA-ATPLA-NAV-000110,template,1.0,same_track,info_only_numeric_variant
EASA-ATPLA-NAV-000101,EASA-ATPLA-NAV-000111,template,1.0,same_track,info_only_numeric_variant
EASA-ATPLA-NAV-000101,EASA-ATPLA-NAV-000112,template,1.0,same_track,info_only_numeric_variant
EASA-ATPLA-NAV-000101,EASA-ATPLA-NAV-000113,template,1.0,same_track,info_only_numeric_variant
EASA-ATPLA-NAV-000102,EASA-ATPLA-NAV-000103,template,1.0,same_track,info_only_numeric_variant
EASA-ATPLA-NAV-000102,EASA-ATPLA-NAV-000104,template,1.0,same_track,info_only_numeric_variant
EASA-ATPLA-NAV-000102,EASA-ATPLA-NAV-000105,template,1.0,same_track,info_only_numeric_variant
EASA-ATPLA-NAV-000102,EASA-ATPLA-NAV-000106,template,1.0,same_track,info_only_numeric_variant
EASA-ATPLA-NAV-000102,EASA-ATPLA-NAV-000107,template,1.0,same_track,info_only_numeric_variant
EASA-ATPLA-NAV-000102,EASA-ATPLA-NAV-000108,template,1.0,same_track,info_only_numeric_variant
EASA-ATPLA-NAV-000102,EASA-ATPLA-NAV-000109,template,1.0,same_track,info_only_numeric_variant
EASA-ATPLA-NAV-000102,EASA-ATPLA-NAV-000110,template,1.0,same_track,info_only_numeric_variant
EASA-ATPLA-NAV-000102,EASA-ATPLA-NAV-000111,template,1.0,same_track,info_only_numeric_variant
EASA-ATPLA-NAV-000102,EASA-ATPLA-NAV-000112,template,1.0,same_track,info_only_numeric_variant
EASA-ATPLA-NAV-000102,EASA-ATPLA-NAV-000113,template,1.0,same_track,info_only_numeric_variant
EASA-ATPLA-NAV-000103,EASA-ATPLA-NAV-000104,template,1.0,same_track,info_only_numeric_variant
EASA-ATPLA-NAV-000103,EASA-ATPLA-NAV-000105,template,1.0,same_track,info_only_numeric_variant
EASA-ATPLA-NAV-000103,EASA-ATPLA-NAV-000106,template,1.0,same_track,info_only_numeric_variant
EASA-ATPLA-NAV-000103,EASA-ATPLA-NAV-000107,template,1.0,same_track,info_only_numeric_variant
EASA-ATPLA-NAV-000103,EASA-ATPLA-NAV-000108,template,1.0,same_track,info_only_numeric_variant
EASA-ATPLA-NAV-000103,EASA-ATPLA-NAV-000109,template,1.0,same_track,info_only_numeric_variant
EASA-ATPLA-NAV-000103,EASA-ATPLA-NAV-000110,template,1.0,same_track,info_only_numeric_variant
EASA-ATPLA-NAV-000103,EASA-ATPLA-NAV-000111,template,1.0,same_track,info_only_numeric_variant
EASA-ATPLA-NAV-000103,EASA-ATPLA-NAV-000112,template,1.0,same_track,info_only_numeric_variant
EASA-ATPLA-NAV-000103,EASA-ATPLA-NAV-000113,template,1.0,same_track,info_only_numeric_variant
EASA-ATPLA-NAV-000104,EASA-ATPLA-NAV-000105,template,1.0,same_track,info_only_numeric_variant
EASA-ATPLA-NAV-000104,EASA-ATPLA-NAV-000106,template,1.0,same_track,info_only_numeric_variant
EASA-ATPLA-NAV-000104,EASA-ATPLA-NAV-000107,template,1.0,same_track,info_only_numeric_variant
EASA-ATPLA-NAV-000104,EASA-ATPLA-NAV-000108,template,1.0,same_track,info_only_numeric_variant
EASA-ATPLA-NAV-000104,EASA-ATPLA-NAV-000109,template,1.0,same_track,info_only_numeric_variant
EASA-ATPLA-NAV-000104,EASA-ATPLA-NAV-000110,template,1.0,same_track,info_only_numeric_variant
EASA-ATPLA-NAV-000104,EASA-ATPLA-NAV-000111,template,1.0,same_track,info_only_numeric_variant
EASA-ATPLA-NAV-000104,EASA-ATPLA-NAV-000112,template,1.0,same_track,info_only_numeric_variant
EASA-ATPLA-NAV-000104,EASA-ATPLA-NAV-000113,template,1.0,same_track,info_only_numeric_variant
EASA-ATPLA-NAV-000105,EASA-ATPLA-NAV-000106,template,1.0,same_track,info_only_numeric_variant
EASA-ATPLA-NAV-000105,EASA-ATPLA-NAV-000107,template,1.0,same_track,info_only_numeric_variant
EASA-ATPLA-NAV-000105,EASA-ATPLA-NAV-000108,template,1.0,same_track,info_only_numeric_variant
EASA-ATPLA-NAV-000105,EASA-ATPLA-NAV-000109,template,1.0,same_track,info_only_numeric_variant
EASA-ATPLA-NAV-000105,EASA-ATPLA-NAV-000110,template,1.0,same_track,info_only_numeric_variant
EASA-ATPLA-NAV-000105,EASA-ATPLA-NAV-000111,template,1.0,same_track,info_only_numeric_variant
EASA-ATPLA-NAV-000105,EASA-ATPLA-NAV-000112,template,1.0,same_track,info_only_numeric_variant
EASA-ATPLA-NAV-000105,EASA-ATPLA-NAV-000113,template,1.0,same_track,info_only_numeric_variant
EASA-ATPLA-NAV-000106,EASA-ATPLA-NAV-000107,template,1.0,same_track,info_only_numeric_variant
EASA-ATPLA-NAV-000106,EASA-ATPLA-NAV-000108,template,1.0,same_track,info_only_numeric_variant
EASA-ATPLA-NAV-000106,EASA-ATPLA-NAV-000109,template,1.0,same_track,info_only_numeric_variant
EASA-ATPLA-NAV-000106,EASA-ATPLA-NAV-000110,template,1.0,same_track,info_only_numeric_variant
EASA-ATPLA-NAV-000106,EASA-ATPLA-NAV-000111,template,1.0,same_track,info_only_numeric_variant
EASA-ATPLA-NAV-000106,EASA-ATPLA-NAV-000112,template,1.0,same_track,info_only_numeric_variant
EASA-ATPLA-NAV-000106,EASA-ATPLA-NAV-000113,template,1.0,same_track,info_only_numeric_variant
EASA-ATPLA-NAV-000107,EASA-ATPLA-NAV-000108,template,1.0,same_track,info_only_numeric_variant
EASA-ATPLA-NAV-000107,EASA-ATPLA-NAV-000109,template,1.0,same_track,info_only_numeric_variant
EASA-ATPLA-NAV-000107,EASA-ATPLA-NAV-000110,template,1.0,same_track,info_only_numeric_variant
EASA-ATPLA-NAV-000107,EASA-ATPLA-NAV-000111,template,1.0,same_track,info_only_numeric_variant
EASA-ATPLA-NAV-000107,EASA-ATPLA-NAV-000112,template,1.0,same_track,info_only_numeric_variant
EASA-ATPLA-NAV-000107,EASA-ATPLA-NAV-000113,template,1.0,same_track,info_only_numeric_variant
EASA-ATPLA-NAV-000108,EASA-ATPLA-NAV-000109,template,1.0,same_track,info_only_numeric_variant
EASA-ATPLA-NAV-000108,EASA-ATPLA-NAV-000110,template,1.0,same_track,info_only_numeric_variant
EASA-ATPLA-NAV-000108,EASA-ATPLA-NAV-000111,template,1.0,same_track,info_only_numeric_variant
EASA-ATPLA-NAV-000108,EASA-ATPLA-NAV-000112,template,1.0,same_track,info_only_numeric_variant
EASA-ATPLA-NAV-000108,EASA-ATPLA-NAV-000113,template,1.0,same_track,info_only_numeric_variant
EASA-ATPLA-NAV-000109,EASA-ATPLA-NAV-000110,template,1.0,same_track,info_only_numeric_variant
EASA-ATPLA-NAV-000109,EASA-ATPLA-NAV-000111,template,1.0,same_track,info_only_numeric_variant
EASA-ATPLA-NAV-000109,EASA-ATPLA-NAV-000112,template,1.0,same_track,info_only_numeric_variant
EASA-ATPLA-NAV-000109,EASA-ATPLA-NAV-000113,template,1.0,same_track,info_only_numeric_variant
EASA-ATPLA-NAV-000110,EASA-ATPLA-NAV-000111,template,1.0,same_track,info_only_numeric_variant
EASA-ATPLA-NAV-000110,EASA-ATPLA-NAV-000112,template,1.0,same_track,info_only_numeric_variant
EASA-ATPLA-NAV-000110,EASA-ATPLA-NAV-000113,template,1.0,same_track,info_only_numeric_variant
EASA-ATPLA-NAV-000111,EASA-ATPLA-NAV-000112,template,1.0,same_track,info_only_numeric_variant
EASA-ATPLA-NAV-000111,EASA-ATPLA-NAV-000113,template,1.0,same_track,info_only_numeric_variant
EASA-ATPLA-NAV-000112,EASA-ATPLA-NAV-000113,template,1.0,same_track,info_only_numeric_variant
EASA-ATPLA-NAV-000120,EASA-ATPLA-NAV-000121,template,1.0,same_track,info_only_numeric_variant
EASA-ATPLA-NAV-000120,EASA-ATPLA-NAV-000122,template,1.0,same_track,info_only_numeric_variant
EASA-ATPLA-NAV-000120,EASA-ATPLA-NAV-000123,template,1.0,same_track,info_only_numeric_variant
EASA-ATPLA-NAV-000120,EASA-ATPLA-NAV-000124,template,1.0,same_track,info_only_numeric_variant
EASA-ATPLA-NAV-000120,EASA-ATPLA-NAV-000125,template,1.0,same_track,info_only_numeric_variant
EASA-ATPLA-NAV-000120,EASA-ATPLA-NAV-000126,template,1.0,same_track,info_only_numeric_variant
EASA-ATPLA-NAV-000120,EASA-ATPLA-NAV-000127,template,1.0,same_track,info_only_numeric_variant
EASA-ATPLA-NAV-000120,EASA-ATPLA-NAV-000128,template,1.0,same_track,info_only_numeric_variant
EASA-ATPLA-NAV-000120,EASA-ATPLA-NAV-000129,template,1.0,same_track,info_only_numeric_variant
EASA-ATPLA-NAV-000120,EASA-ATPLA-NAV-000130,template,1.0,same_track,info_only_numeric_variant
EASA-ATPLA-NAV-000120,EASA-ATPLA-NAV-000131,template,1.0,same_track,info_only_numeric_variant
EASA-ATPLA-NAV-000120,EASA-ATPLA-NAV-000132,template,1.0,same_track,info_only_numeric_variant
EASA-ATPLA-NAV-000120,EASA-ATPLA-NAV-000133,template,1.0,same_track,info_only_numeric_variant
EASA-ATPLA-NAV-000120,EASA-ATPLA-NAV-000134,template,1.0,same_track,info_only_numeric_variant
EASA-ATPLA-NAV-000120,EASA-ATPLA-NAV-000135,template,1.0,same_track,info_only_numeric_variant
EASA-ATPLA-NAV-000120,EASA-ATPLA-NAV-000136,template,1.0,same_track,info_only_numeric_variant
EASA-ATPLA-NAV-000120,EASA-ATPLA-NAV-000114,template,1.0,same_track,info_only_numeric_variant
EASA-ATPLA-NAV-000120,EASA-ATPLA-NAV-000115,template,1.0,same_track,info_only_numeric_variant
EASA-ATPLA-NAV-000120,EASA-ATPLA-NAV-000116,template,1.0,same_track,info_only_numeric_variant
EASA-ATPLA-NAV-000120,EASA-ATPLA-NAV-000117,template,1.0,same_track,info_only_numeric_variant
EASA-ATPLA-NAV-000120,EASA-ATPLA-NAV-000118,template,1.0,same_track,info_only_numeric_variant
EASA-ATPLA-NAV-000120,EASA-ATPLA-NAV-000119,template,1.0,same_track,info_only_numeric_variant
EASA-ATPLA-NAV-000121,EASA-ATPLA-NAV-000122,template,1.0,same_track,info_only_numeric_variant
EASA-ATPLA-NAV-000121,EASA-ATPLA-NAV-000123,template,1.0,same_track,info_only_numeric_variant
EASA-ATPLA-NAV-000121,EASA-ATPLA-NAV-000124,template,1.0,same_track,info_only_numeric_variant
EASA-ATPLA-NAV-000121,EASA-ATPLA-NAV-000125,template,1.0,same_track,info_only_numeric_variant
EASA-ATPLA-NAV-000121,EASA-ATPLA-NAV-000126,template,1.0,same_track,info_only_numeric_variant
EASA-ATPLA-NAV-000121,EASA-ATPLA-NAV-000127,template,1.0,same_track,info_only_numeric_variant
EASA-ATPLA-NAV-000121,EASA-ATPLA-NAV-000128,template,1.0,same_track,info_only_numeric_variant
EASA-ATPLA-NAV-000121,EASA-ATPLA-NAV-000129,template,1.0,same_track,info_only_numeric_variant
EASA-ATPLA-NAV-000121,EASA-ATPLA-NAV-000130,template,1.0,same_track,info_only_numeric_variant
EASA-ATPLA-NAV-000121,EASA-ATPLA-NAV-000131,template,1.0,same_track,info_only_numeric_variant
EASA-ATPLA-NAV-000121,EASA-ATPLA-NAV-000132,template,1.0,same_track,info_only_numeric_variant
EASA-ATPLA-NAV-000121,EASA-ATPLA-NAV-000133,template,1.0,same_track,info_only_numeric_variant
EASA-ATPLA-NAV-000121,EASA-ATPLA-NAV-000134,template,1.0,same_track,info_only_numeric_variant
EASA-ATPLA-NAV-000121,EASA-ATPLA-NAV-000135,template,1.0,same_track,info_only_numeric_variant
EASA-ATPLA-NAV-000121,EASA-ATPLA-NAV-000136,template,1.0,same_track,info_only_numeric_variant
EASA-ATPLA-NAV-000121,EASA-ATPLA-NAV-000114,template,1.0,same_track,info_only_numeric_variant
EASA-ATPLA-NAV-000121,EASA-ATPLA-NAV-000115,template,1.0,same_track,info_only_numeric_variant
EASA-ATPLA-NAV-000121,EASA-ATPLA-NAV-000116,template,1.0,same_track,info_only_numeric_variant
EASA-ATPLA-NAV-000121,EASA-ATPLA-NAV-000117,template,1.0,same_track,info_only_numeric_variant
EASA-ATPLA-NAV-000121,EASA-ATPLA-NAV-000118,template,1.0,same_track,info_only_numeric_variant
EASA-ATPLA-NAV-000121,EASA-ATPLA-NAV-000119,template,1.0,same_track,info_only_numeric_variant
EASA-ATPLA-NAV-000122,EASA-ATPLA-NAV-000123,template,1.0,same_track,info_only_numeric_variant
EASA-ATPLA-NAV-000122,EASA-ATPLA-NAV-000124,template,1.0,same_track,info_only_numeric_variant
EASA-ATPLA-NAV-000122,EASA-ATPLA-NAV-000125,template,1.0,same_track,info_only_numeric_variant
EASA-ATPLA-NAV-000122,EASA-ATPLA-NAV-000126,template,1.0,same_track,info_only_numeric_variant
EASA-ATPLA-NAV-000122,EASA-ATPLA-NAV-000127,template,1.0,same_track,info_only_numeric_variant
EASA-ATPLA-NAV-000122,EASA-ATPLA-NAV-000128,template,1.0,same_track,info_only_numeric_variant
EASA-ATPLA-NAV-000122,EASA-ATPLA-NAV-000129,template,1.0,same_track,info_only_numeric_variant
EASA-ATPLA-NAV-000122,EASA-ATPLA-NAV-000130,template,1.0,same_track,info_only_numeric_variant
EASA-ATPLA-NAV-000122,EASA-ATPLA-NAV-000131,template,1.0,same_track,info_only_numeric_variant
EASA-ATPLA-NAV-000122,EASA-ATPLA-NAV-000132,template,1.0,same_track,info_only_numeric_variant
EASA-ATPLA-NAV-000122,EASA-ATPLA-NAV-000133,template,1.0,same_track,info_only_numeric_variant
EASA-ATPLA-NAV-000122,EASA-ATPLA-NAV-000134,template,1.0,same_track,info_only_numeric_variant
EASA-ATPLA-NAV-000122,EASA-ATPLA-NAV-000135,template,1.0,same_track,info_only_numeric_variant
EASA-ATPLA-NAV-000122,EASA-ATPLA-NAV-000136,template,1.0,same_track,info_only_numeric_variant
EASA-ATPLA-NAV-000122,EASA-ATPLA-NAV-000114,template,1.0,same_track,info_only_numeric_variant
EASA-ATPLA-NAV-000122,EASA-ATPLA-NAV-000115,template,1.0,same_track,info_only_numeric_variant
EASA-ATPLA-NAV-000122,EASA-ATPLA-NAV-000116,template,1.0,same_track,info_only_numeric_variant
EASA-ATPLA-NAV-000122,EASA-ATPLA-NAV-000117,template,1.0,same_track,info_only_numeric_variant
EASA-ATPLA-NAV-000122,EASA-ATPLA-NAV-000118,template,1.0,same_track,info_only_numeric_variant
EASA-ATPLA-NAV-000122,EASA-ATPLA-NAV-000119,template,1.0,same_track,info_only_numeric_variant
EASA-ATPLA-NAV-000123,EASA-ATPLA-NAV-000124,template,1.0,same_track,info_only_numeric_variant
EASA-ATPLA-NAV-000123,EASA-ATPLA-NAV-000125,template,1.0,same_track,info_only_numeric_variant
EASA-ATPLA-NAV-000123,EASA-ATPLA-NAV-000126,template,1.0,same_track,info_only_numeric_variant
EASA-ATPLA-NAV-000123,EASA-ATPLA-NAV-000127,template,1.0,same_track,info_only_numeric_variant
EASA-ATPLA-NAV-000123,EASA-ATPLA-NAV-000128,template,1.0,same_track,info_only_numeric_variant
EASA-ATPLA-NAV-000123,EASA-ATPLA-NAV-000129,template,1.0,same_track,info_only_numeric_variant
EASA-ATPLA-NAV-000123,EASA-ATPLA-NAV-000130,template,1.0,same_track,info_only_numeric_variant
EASA-ATPLA-NAV-000123,EASA-ATPLA-NAV-000131,template,1.0,same_track,info_only_numeric_variant
EASA-ATPLA-NAV-000123,EASA-ATPLA-NAV-000132,template,1.0,same_track,info_only_numeric_variant
EASA-ATPLA-NAV-000123,EASA-ATPLA-NAV-000133,template,1.0,same_track,info_only_numeric_variant
EASA-ATPLA-NAV-000123,EASA-ATPLA-NAV-000134,template,1.0,same_track,info_only_numeric_variant
EASA-ATPLA-NAV-000123,EASA-ATPLA-NAV-000135,template,1.0,same_track,info_only_numeric_variant
EASA-ATPLA-NAV-000123,EASA-ATPLA-NAV-000136,template,1.0,same_track,info_only_numeric_variant
EASA-ATPLA-NAV-000123,EASA-ATPLA-NAV-000114,template,1.0,same_track,info_only_numeric_variant
EASA-ATPLA-NAV-000123,EASA-ATPLA-NAV-000115,template,1.0,same_track,info_only_numeric_variant
EASA-ATPLA-NAV-000123,EASA-ATPLA-NAV-000116,template,1.0,same_track,info_only_numeric_variant
EASA-ATPLA-NAV-000123,EASA-ATPLA-NAV-000117,template,1.0,same_track,info_only_numeric_variant
EASA-ATPLA-NAV-000123,EASA-ATPLA-NAV-000118,template,1.0,same_track,info_only_numeric_variant
EASA-ATPLA-NAV-000123,EASA-ATPLA-NAV-000119,template,1.0,same_track,info_only_numeric_variant
EASA-ATPLA-NAV-000124,EASA-ATPLA-NAV-000125,template,1.0,same_track,info_only_numeric_variant
EASA-ATPLA-NAV-000124,EASA-ATPLA-NAV-000126,template,1.0,same_track,info_only_numeric_variant
EASA-ATPLA-NAV-000124,EASA-ATPLA-NAV-000127,template,1.0,same_track,info_only_numeric_variant
EASA-ATPLA-NAV-000124,EASA-ATPLA-NAV-000128,template,1.0,same_track,info_only_numeric_variant
EASA-ATPLA-NAV-000124,EASA-ATPLA-NAV-000129,template,1.0,same_track,info_only_numeric_variant
EASA-ATPLA-NAV-000124,EASA-ATPLA-NAV-000130,template,1.0,same_track,info_only_numeric_variant
EASA-ATPLA-NAV-000124,EASA-ATPLA-NAV-000131,template,1.0,same_track,info_only_numeric_variant
EASA-ATPLA-NAV-000124,EASA-ATPLA-NAV-000132,template,1.0,same_track,info_only_numeric_variant
EASA-ATPLA-NAV-000124,EASA-ATPLA-NAV-000133,template,1.0,same_track,info_only_numeric_variant
EASA-ATPLA-NAV-000124,EASA-ATPLA-NAV-000134,template,1.0,same_track,info_only_numeric_variant
EASA-ATPLA-NAV-000124,EASA-ATPLA-NAV-000135,template,1.0,same_track,info_only_numeric_variant
EASA-ATPLA-NAV-000124,EASA-ATPLA-NAV-000136,template,1.0,same_track,info_only_numeric_variant
EASA-ATPLA-NAV-000124,EASA-ATPLA-NAV-000114,template,1.0,same_track,info_only_numeric_variant
EASA-ATPLA-NAV-000124,EASA-ATPLA-NAV-000115,template,1.0,same_track,info_only_numeric_variant
EASA-ATPLA-NAV-000124,EASA-ATPLA-NAV-000116,template,1.0,same_track,info_only_numeric_variant
EASA-ATPLA-NAV-000124,EASA-ATPLA-NAV-000117,template,1.0,same_track,info_only_numeric_variant
EASA-ATPLA-NAV-000124,EASA-ATPLA-NAV-000118,template,1.0,same_track,info_only_numeric_variant
EASA-ATPLA-NAV-000124,EASA-ATPLA-NAV-000119,template,1.0,same_track,info_only_numeric_variant
EASA-ATPLA-NAV-000125,EASA-ATPLA-NAV-000126,template,1.0,same_track,info_only_numeric_variant
EASA-ATPLA-NAV-000125,EASA-ATPLA-NAV-000127,template,1.0,same_track,info_only_numeric_variant
EASA-ATPLA-NAV-000125,EASA-ATPLA-NAV-000128,template,1.0,same_track,info_only_numeric_variant
EASA-ATPLA-NAV-000125,EASA-ATPLA-NAV-000129,template,1.0,same_track,info_only_numeric_variant
EASA-ATPLA-NAV-000125,EASA-ATPLA-NAV-000130,template,1.0,same_track,info_only_numeric_variant
EASA-ATPLA-NAV-000125,EASA-ATPLA-NAV-000131,template,1.0,same_track,info_only_numeric_variant
EASA-ATPLA-NAV-000125,EASA-ATPLA-NAV-000132,template,1.0,same_track,info_only_numeric_variant
EASA-ATPLA-NAV-000125,EASA-ATPLA-NAV-000133,template,1.0,same_track,info_only_numeric_variant
EASA-ATPLA-NAV-000125,EASA-ATPLA-NAV-000134,template,1.0,same_track,info_only_numeric_variant
EASA-ATPLA-NAV-000125,EASA-ATPLA-NAV-000135,template,1.0,same_track,info_only_numeric_variant
EASA-ATPLA-NAV-000125,EASA-ATPLA-NAV-000136,template,1.0,same_track,info_only_numeric_variant
EASA-ATPLA-NAV-000125,EASA-ATPLA-NAV-000114,template,1.0,same_track,info_only_numeric_variant
EASA-ATPLA-NAV-000125,EASA-ATPLA-NAV-000115,template,1.0,same_track,info_only_numeric_variant
EASA-ATPLA-NAV-000125,EASA-ATPLA-NAV-000116,template,1.0,same_track,info_only_numeric_variant
EASA-ATPLA-NAV-000125,EASA-ATPLA-NAV-000117,template,1.0,same_track,info_only_numeric_variant
EASA-ATPLA-NAV-000125,EASA-ATPLA-NAV-000118,template,1.0,same_track,info_only_numeric_variant
EASA-ATPLA-NAV-000125,EASA-ATPLA-NAV-000119,template,1.0,same_track,info_only_numeric_variant
EASA-ATPLA-NAV-000126,EASA-ATPLA-NAV-000127,template,1.0,same_track,info_only_numeric_variant
EASA-ATPLA-NAV-000126,EASA-ATPLA-NAV-000128,template,1.0,same_track,info_only_numeric_variant
EASA-ATPLA-NAV-000126,EASA-ATPLA-NAV-000129,template,1.0,same_track,info_only_numeric_variant
EASA-ATPLA-NAV-000126,EASA-ATPLA-NAV-000130,template,1.0,same_track,info_only_numeric_variant
EASA-ATPLA-NAV-000126,EASA-ATPLA-NAV-000131,template,1.0,same_track,info_only_numeric_variant
EASA-ATPLA-NAV-000126,EASA-ATPLA-NAV-000132,template,1.0,same_track,info_only_numeric_variant
EASA-ATPLA-NAV-000126,EASA-ATPLA-NAV-000133,template,1.0,same_track,info_only_numeric_variant
EASA-ATPLA-NAV-000126,EASA-ATPLA-NAV-000134,template,1.0,same_track,info_only_numeric_variant
EASA-ATPLA-NAV-000126,EASA-ATPLA-NAV-000135,template,1.0,same_track,info_only_numeric_variant
EASA-ATPLA-NAV-000126,EASA-ATPLA-NAV-000136,template,1.0,same_track,info_only_numeric_variant
EASA-ATPLA-NAV-000126,EASA-ATPLA-NAV-000114,template,1.0,same_track,info_only_numeric_variant
EASA-ATPLA-NAV-000126,EASA-ATPLA-NAV-000115,template,1.0,same_track,info_only_numeric_variant
EASA-ATPLA-NAV-000126,EASA-ATPLA-NAV-000116,template,1.0,same_track,info_only_numeric_variant
EASA-ATPLA-NAV-000126,EASA-ATPLA-NAV-000117,template,1.0,same_track,info_only_numeric_variant
EASA-ATPLA-NAV-000126,EASA-ATPLA-NAV-000118,template,1.0,same_track,info_only_numeric_variant
EASA-ATPLA-NAV-000126,EASA-ATPLA-NAV-000119,template,1.0,same_track,info_only_numeric_variant
EASA-ATPLA-NAV-000127,EASA-ATPLA-NAV-000128,template,1.0,same_track,info_only_numeric_variant
EASA-ATPLA-NAV-000127,EASA-ATPLA-NAV-000129,template,1.0,same_track,info_only_numeric_variant
EASA-ATPLA-NAV-000127,EASA-ATPLA-NAV-000130,template,1.0,same_track,info_only_numeric_variant
EASA-ATPLA-NAV-000127,EASA-ATPLA-NAV-000131,template,1.0,same_track,info_only_numeric_variant
EASA-ATPLA-NAV-000127,EASA-ATPLA-NAV-000132,template,1.0,same_track,info_only_numeric_variant
EASA-ATPLA-NAV-000127,EASA-ATPLA-NAV-000133,template,1.0,same_track,info_only_numeric_variant
EASA-ATPLA-NAV-000127,EASA-ATPLA-NAV-000134,template,1.0,same_track,info_only_numeric_variant
EASA-ATPLA-NAV-000127,EASA-ATPLA-NAV-000135,template,1.0,same_track,info_only_numeric_variant
EASA-ATPLA-NAV-000127,EASA-ATPLA-NAV-000136,template,1.0,same_track,info_only_numeric_variant
EASA-ATPLA-NAV-000127,EASA-ATPLA-NAV-000114,template,1.0,same_track,info_only_numeric_variant
EASA-ATPLA-NAV-000127,EASA-ATPLA-NAV-000115,template,1.0,same_track,info_only_numeric_variant
EASA-ATPLA-NAV-000127,EASA-ATPLA-NAV-000116,template,1.0,same_track,info_only_numeric_variant
EASA-ATPLA-NAV-000127,EASA-ATPLA-NAV-000117,template,1.0,same_track,info_only_numeric_variant
EASA-ATPLA-NAV-000127,EASA-ATPLA-NAV-000118,template,1.0,same_track,info_only_numeric_variant
EASA-ATPLA-NAV-000127,EASA-ATPLA-NAV-000119,template,1.0,same_track,info_only_numeric_variant
EASA-ATPLA-NAV-000128,EASA-ATPLA-NAV-000129,template,1.0,same_track,info_only_numeric_variant
EASA-ATPLA-NAV-000128,EASA-ATPLA-NAV-000130,template,1.0,same_track,info_only_numeric_variant
EASA-ATPLA-NAV-000128,EASA-ATPLA-NAV-000131,template,1.0,same_track,info_only_numeric_variant
EASA-ATPLA-NAV-000128,EASA-ATPLA-NAV-000132,template,1.0,same_track,info_only_numeric_variant
EASA-ATPLA-NAV-000128,EASA-ATPLA-NAV-000133,template,1.0,same_track,info_only_numeric_variant
EASA-ATPLA-NAV-000128,EASA-ATPLA-NAV-000134,template,1.0,same_track,info_only_numeric_variant
EASA-ATPLA-NAV-000128,EASA-ATPLA-NAV-000135,template,1.0,same_track,info_only_numeric_variant
EASA-ATPLA-NAV-000128,EASA-ATPLA-NAV-000136,template,1.0,same_track,info_only_numeric_variant
EASA-ATPLA-NAV-000128,EASA-ATPLA-NAV-000114,template,1.0,same_track,info_only_numeric_variant
EASA-ATPLA-NAV-000128,EASA-ATPLA-NAV-000115,template,1.0,same_track,info_only_numeric_variant
EASA-ATPLA-NAV-000128,EASA-ATPLA-NAV-000116,template,1.0,same_track,info_only_numeric_variant
EASA-ATPLA-NAV-000128,EASA-ATPLA-NAV-000117,template,1.0,same_track,info_only_numeric_variant
EASA-ATPLA-NAV-000128,EASA-ATPLA-NAV-000118,template,1.0,same_track,info_only_numeric_variant
EASA-ATPLA-NAV-000128,EASA-ATPLA-NAV-000119,template,1.0,same_track,info_only_numeric_variant
EASA-ATPLA-NAV-000129,EASA-ATPLA-NAV-000130,template,1.0,same_track,info_only_numeric_variant
EASA-ATPLA-NAV-000129,EASA-ATPLA-NAV-000131,template,1.0,same_track,info_only_numeric_variant
EASA-ATPLA-NAV-000129,EASA-ATPLA-NAV-000132,template,1.0,same_track,info_only_numeric_variant
EASA-ATPLA-NAV-000129,EASA-ATPLA-NAV-000133,template,1.0,same_track,info_only_numeric_variant
EASA-ATPLA-NAV-000129,EASA-ATPLA-NAV-000134,template,1.0,same_track,info_only_numeric_variant
EASA-ATPLA-NAV-000129,EASA-ATPLA-NAV-000135,template,1.0,same_track,info_only_numeric_variant
EASA-ATPLA-NAV-000129,EASA-ATPLA-NAV-000136,template,1.0,same_track,info_only_numeric_variant
EASA-ATPLA-NAV-000129,EASA-ATPLA-NAV-000114,template,1.0,same_track,info_only_numeric_variant
EASA-ATPLA-NAV-000129,EASA-ATPLA-NAV-000115,template,1.0,same_track,info_only_numeric_variant
EASA-ATPLA-NAV-000129,EASA-ATPLA-NAV-000116,template,1.0,same_track,info_only_numeric_variant
EASA-ATPLA-NAV-000129,EASA-ATPLA-NAV-000117,template,1.0,same_track,info_only_numeric_variant
EASA-ATPLA-NAV-000129,EASA-ATPLA-NAV-000118,template,1.0,same_track,info_only_numeric_variant
EASA-ATPLA-NAV-000129,EASA-ATPLA-NAV-000119,template,1.0,same_track,info_only_numeric_variant
EASA-ATPLA-NAV-000130,EASA-ATPLA-NAV-000131,template,1.0,same_track,info_only_numeric_variant
EASA-ATPLA-NAV-000130,EASA-ATPLA-NAV-000132,template,1.0,same_track,info_only_numeric_variant
EASA-ATPLA-NAV-000130,EASA-ATPLA-NAV-000133,template,1.0,same_track,info_only_numeric_variant
EASA-ATPLA-NAV-000130,EASA-ATPLA-NAV-000134,template,1.0,same_track,info_only_numeric_variant
EASA-ATPLA-NAV-000130,EASA-ATPLA-NAV-000135,template,1.0,same_track,info_only_numeric_variant
EASA-ATPLA-NAV-000130,EASA-ATPLA-NAV-000136,template,1.0,same_track,info_only_numeric_variant
EASA-ATPLA-NAV-000130,EASA-ATPLA-NAV-000114,template,1.0,same_track,info_only_numeric_variant
EASA-ATPLA-NAV-000130,EASA-ATPLA-NAV-000115,template,1.0,same_track,info_only_numeric_variant
EASA-ATPLA-NAV-000130,EASA-ATPLA-NAV-000116,template,1.0,same_track,info_only_numeric_variant
EASA-ATPLA-NAV-000130,EASA-ATPLA-NAV-000117,template,1.0,same_track,info_only_numeric_variant
EASA-ATPLA-NAV-000130,EASA-ATPLA-NAV-000118,template,1.0,same_track,info_only_numeric_variant
EASA-ATPLA-NAV-000130,EASA-ATPLA-NAV-000119,template,1.0,same_track,info_only_numeric_variant
EASA-ATPLA-NAV-000131,EASA-ATPLA-NAV-000132,template,1.0,same_track,info_only_numeric_variant
EASA-ATPLA-NAV-000131,EASA-ATPLA-NAV-000133,template,1.0,same_track,info_only_numeric_variant
EASA-ATPLA-NAV-000131,EASA-ATPLA-NAV-000134,template,1.0,same_track,info_only_numeric_variant
EASA-ATPLA-NAV-000131,EASA-ATPLA-NAV-000135,template,1.0,same_track,info_only_numeric_variant
EASA-ATPLA-NAV-000131,EASA-ATPLA-NAV-000136,template,1.0,same_track,info_only_numeric_variant
EASA-ATPLA-NAV-000131,EASA-ATPLA-NAV-000114,template,1.0,same_track,info_only_numeric_variant
EASA-ATPLA-NAV-000131,EASA-ATPLA-NAV-000115,template,1.0,same_track,info_only_numeric_variant
EASA-ATPLA-NAV-000131,EASA-ATPLA-NAV-000116,template,1.0,same_track,info_only_numeric_variant
EASA-ATPLA-NAV-000131,EASA-ATPLA-NAV-000117,template,1.0,same_track,info_only_numeric_variant
EASA-ATPLA-NAV-000131,EASA-ATPLA-NAV-000118,template,1.0,same_track,info_only_numeric_variant
EASA-ATPLA-NAV-000131,EASA-ATPLA-NAV-000119,template,1.0,same_track,info_only_numeric_variant
EASA-ATPLA-NAV-000132,EASA-ATPLA-NAV-000133,template,1.0,same_track,info_only_numeric_variant
EASA-ATPLA-NAV-000132,EASA-ATPLA-NAV-000134,template,1.0,same_track,info_only_numeric_variant
EASA-ATPLA-NAV-000132,EASA-ATPLA-NAV-000135,template,1.0,same_track,info_only_numeric_variant
EASA-ATPLA-NAV-000132,EASA-ATPLA-NAV-000136,template,1.0,same_track,info_only_numeric_variant
EASA-ATPLA-NAV-000132,EASA-ATPLA-NAV-000114,template,1.0,same_track,info_only_numeric_variant
EASA-ATPLA-NAV-000132,EASA-ATPLA-NAV-000115,template,1.0,same_track,info_only_numeric_variant
EASA-ATPLA-NAV-000132,EASA-ATPLA-NAV-000116,template,1.0,same_track,info_only_numeric_variant
EASA-ATPLA-NAV-000132,EASA-ATPLA-NAV-000117,template,1.0,same_track,info_only_numeric_variant
EASA-ATPLA-NAV-000132,EASA-ATPLA-NAV-000118,template,1.0,same_track,info_only_numeric_variant
EASA-ATPLA-NAV-000132,EASA-ATPLA-NAV-000119,template,1.0,same_track,info_only_numeric_variant
EASA-ATPLA-NAV-000133,EASA-ATPLA-NAV-000134,template,1.0,same_track,info_only_numeric_variant
EASA-ATPLA-NAV-000133,EASA-ATPLA-NAV-000135,template,1.0,same_track,info_only_numeric_variant
EASA-ATPLA-NAV-000133,EASA-ATPLA-NAV-000136,template,1.0,same_track,info_only_numeric_variant
EASA-ATPLA-NAV-000133,EASA-ATPLA-NAV-000114,template,1.0,same_track,info_only_numeric_variant
EASA-ATPLA-NAV-000133,EASA-ATPLA-NAV-000115,template,1.0,same_track,info_only_numeric_variant
EASA-ATPLA-NAV-000133,EASA-ATPLA-NAV-000116,template,1.0,same_track,info_only_numeric_variant
EASA-ATPLA-NAV-000133,EASA-ATPLA-NAV-000117,template,1.0,same_track,info_only_numeric_variant
EASA-ATPLA-NAV-000133,EASA-ATPLA-NAV-000118,template,1.0,same_track,info_only_numeric_variant
EASA-ATPLA-NAV-000133,EASA-ATPLA-NAV-000119,template,1.0,same_track,info_only_numeric_variant
EASA-ATPLA-NAV-000134,EASA-ATPLA-NAV-000135,template,1.0,same_track,info_only_numeric_variant
EASA-ATPLA-NAV-000134,EASA-ATPLA-NAV-000136,template,1.0,same_track,info_only_numeric_variant
EASA-ATPLA-NAV-000134,EASA-ATPLA-NAV-000114,template,1.0,same_track,info_only_numeric_variant
EASA-ATPLA-NAV-000134,EASA-ATPLA-NAV-000115,template,1.0,same_track,info_only_numeric_variant
EASA-ATPLA-NAV-000134,EASA-ATPLA-NAV-000116,template,1.0,same_track,info_only_numeric_variant
EASA-ATPLA-NAV-000134,EASA-ATPLA-NAV-000117,template,1.0,same_track,info_only_numeric_variant
EASA-ATPLA-NAV-000134,EASA-ATPLA-NAV-000118,template,1.0,same_track,info_only_numeric_variant
EASA-ATPLA-NAV-000134,EASA-ATPLA-NAV-000119,template,1.0,same_track,info_only_numeric_variant
EASA-ATPLA-NAV-000135,EASA-ATPLA-NAV-000136,template,1.0,same_track,info_only_numeric_variant
EASA-ATPLA-NAV-000135,EASA-ATPLA-NAV-000114,template,1.0,same_track,info_only_numeric_variant
EASA-ATPLA-NAV-000135,EASA-ATPLA-NAV-000115,template,1.0,same_track,info_only_numeric_variant
EASA-ATPLA-NAV-000135,EASA-ATPLA-NAV-000116,template,1.0,same_track,info_only_numeric_variant
EASA-ATPLA-NAV-000135,EASA-ATPLA-NAV-000117,template,1.0,same_track,info_only_numeric_variant
EASA-ATPLA-NAV-000135,EASA-ATPLA-NAV-000118,template,1.0,same_track,info_only_numeric_variant
EASA-ATPLA-NAV-000135,EASA-ATPLA-NAV-000119,template,1.0,same_track,info_only_numeric_variant
EASA-ATPLA-NAV-000136,EASA-ATPLA-NAV-000114,template,1.0,same_track,info_only_numeric_variant
EASA-ATPLA-NAV-000136,EASA-ATPLA-NAV-000115,template,1.0,same_track,info_only_numeric_variant
EASA-ATPLA-NAV-000136,EASA-ATPLA-NAV-000116,template,1.0,same_track,info_only_numeric_variant
EASA-ATPLA-NAV-000136,EASA-ATPLA-NAV-000117,template,1.0,same_track,info_only_numeric_variant
EASA-ATPLA-NAV-000136,EASA-ATPLA-NAV-000118,template,1.0,same_track,info_only_numeric_variant
EASA-ATPLA-NAV-000136,EASA-ATPLA-NAV-000119,template,1.0,same_track,info_only_numeric_variant
EASA-ATPLA-NAV-000141,EASA-ATPLA-NAV-000142,template,1.0,same_track,info_only_numeric_variant
EASA-ATPLA-NAV-000141,EASA-ATPLA-NAV-000143,template,1.0,same_track,info_only_numeric_variant
EASA-ATPLA-NAV-000141,EASA-ATPLA-NAV-000144,template,1.0,same_track,info_only_numeric_variant
EASA-ATPLA-NAV-000141,EASA-ATPLA-NAV-000145,template,1.0,same_track,info_only_numeric_variant
EASA-ATPLA-NAV-000141,EASA-ATPLA-NAV-000146,template,1.0,same_track,info_only_numeric_variant
EASA-ATPLA-NAV-000141,EASA-ATPLA-NAV-000147,template,1.0,same_track,info_only_numeric_variant
EASA-ATPLA-NAV-000141,EASA-ATPLA-NAV-000148,template,1.0,same_track,info_only_numeric_variant
EASA-ATPLA-NAV-000141,EASA-ATPLA-NAV-000149,template,1.0,same_track,info_only_numeric_variant
EASA-ATPLA-NAV-000141,EASA-ATPLA-NAV-000150,template,1.0,same_track,info_only_numeric_variant
EASA-ATPLA-NAV-000141,EASA-ATPLA-NAV-000151,template,1.0,same_track,info_only_numeric_variant
EASA-ATPLA-NAV-000141,EASA-ATPLA-NAV-000152,template,1.0,same_track,info_only_numeric_variant
EASA-ATPLA-NAV-000141,EASA-ATPLA-NAV-000153,template,1.0,same_track,info_only_numeric_variant
EASA-ATPLA-NAV-000141,EASA-ATPLA-NAV-000154,template,1.0,same_track,info_only_numeric_variant
EASA-ATPLA-NAV-000141,EASA-ATPLA-NAV-000155,template,1.0,same_track,info_only_numeric_variant
EASA-ATPLA-NAV-000141,EASA-ATPLA-NAV-000156,template,1.0,same_track,info_only_numeric_variant
EASA-ATPLA-NAV-000141,EASA-ATPLA-NAV-000157,template,1.0,same_track,info_only_numeric_variant
EASA-ATPLA-NAV-000141,EASA-ATPLA-NAV-000158,template,1.0,same_track,info_only_numeric_variant
EASA-ATPLA-NAV-000141,EASA-ATPLA-NAV-000159,template,1.0,same_track,info_only_numeric_variant
EASA-ATPLA-NAV-000141,EASA-ATPLA-NAV-000160,template,1.0,same_track,info_only_numeric_variant
EASA-ATPLA-NAV-000141,EASA-ATPLA-NAV-000137,template,1.0,same_track,info_only_numeric_variant
EASA-ATPLA-NAV-000141,EASA-ATPLA-NAV-000138,template,1.0,same_track,info_only_numeric_variant
EASA-ATPLA-NAV-000141,EASA-ATPLA-NAV-000139,template,1.0,same_track,info_only_numeric_variant
EASA-ATPLA-NAV-000141,EASA-ATPLA-NAV-000140,template,1.0,same_track,info_only_numeric_variant
EASA-ATPLA-NAV-000142,EASA-ATPLA-NAV-000143,template,1.0,same_track,info_only_numeric_variant
EASA-ATPLA-NAV-000142,EASA-ATPLA-NAV-000144,template,1.0,same_track,info_only_numeric_variant
EASA-ATPLA-NAV-000142,EASA-ATPLA-NAV-000145,template,1.0,same_track,info_only_numeric_variant
EASA-ATPLA-NAV-000142,EASA-ATPLA-NAV-000146,template,1.0,same_track,info_only_numeric_variant
EASA-ATPLA-NAV-000142,EASA-ATPLA-NAV-000147,template,1.0,same_track,info_only_numeric_variant
EASA-ATPLA-NAV-000142,EASA-ATPLA-NAV-000148,template,1.0,same_track,info_only_numeric_variant
EASA-ATPLA-NAV-000142,EASA-ATPLA-NAV-000149,template,1.0,same_track,info_only_numeric_variant
EASA-ATPLA-NAV-000142,EASA-ATPLA-NAV-000150,template,1.0,same_track,info_only_numeric_variant
EASA-ATPLA-NAV-000142,EASA-ATPLA-NAV-000151,template,1.0,same_track,info_only_numeric_variant
EASA-ATPLA-NAV-000142,EASA-ATPLA-NAV-000152,template,1.0,same_track,info_only_numeric_variant
EASA-ATPLA-NAV-000142,EASA-ATPLA-NAV-000153,template,1.0,same_track,info_only_numeric_variant
EASA-ATPLA-NAV-000142,EASA-ATPLA-NAV-000154,template,1.0,same_track,info_only_numeric_variant
EASA-ATPLA-NAV-000142,EASA-ATPLA-NAV-000155,template,1.0,same_track,info_only_numeric_variant
EASA-ATPLA-NAV-000142,EASA-ATPLA-NAV-000156,template,1.0,same_track,info_only_numeric_variant
EASA-ATPLA-NAV-000142,EASA-ATPLA-NAV-000157,template,1.0,same_track,info_only_numeric_variant
EASA-ATPLA-NAV-000142,EASA-ATPLA-NAV-000158,template,1.0,same_track,info_only_numeric_variant
EASA-ATPLA-NAV-000142,EASA-ATPLA-NAV-000159,template,1.0,same_track,info_only_numeric_variant
EASA-ATPLA-NAV-000142,EASA-ATPLA-NAV-000160,template,1.0,same_track,info_only_numeric_variant
EASA-ATPLA-NAV-000142,EASA-ATPLA-NAV-000137,template,1.0,same_track,info_only_numeric_variant
EASA-ATPLA-NAV-000142,EASA-ATPLA-NAV-000138,template,1.0,same_track,info_only_numeric_variant
EASA-ATPLA-NAV-000142,EASA-ATPLA-NAV-000139,template,1.0,same_track,info_only_numeric_variant
EASA-ATPLA-NAV-000142,EASA-ATPLA-NAV-000140,template,1.0,same_track,info_only_numeric_variant
EASA-ATPLA-NAV-000143,EASA-ATPLA-NAV-000144,template,1.0,same_track,info_only_numeric_variant
EASA-ATPLA-NAV-000143,EASA-ATPLA-NAV-000145,template,1.0,same_track,info_only_numeric_variant
EASA-ATPLA-NAV-000143,EASA-ATPLA-NAV-000146,template,1.0,same_track,info_only_numeric_variant
EASA-ATPLA-NAV-000143,EASA-ATPLA-NAV-000147,template,1.0,same_track,info_only_numeric_variant
EASA-ATPLA-NAV-000143,EASA-ATPLA-NAV-000148,template,1.0,same_track,info_only_numeric_variant
EASA-ATPLA-NAV-000143,EASA-ATPLA-NAV-000149,template,1.0,same_track,info_only_numeric_variant
EASA-ATPLA-NAV-000143,EASA-ATPLA-NAV-000150,template,1.0,same_track,info_only_numeric_variant
EASA-ATPLA-NAV-000143,EASA-ATPLA-NAV-000151,template,1.0,same_track,info_only_numeric_variant
EASA-ATPLA-NAV-000143,EASA-ATPLA-NAV-000152,template,1.0,same_track,info_only_numeric_variant
EASA-ATPLA-NAV-000143,EASA-ATPLA-NAV-000153,template,1.0,same_track,info_only_numeric_variant
EASA-ATPLA-NAV-000143,EASA-ATPLA-NAV-000154,template,1.0,same_track,info_only_numeric_variant
EASA-ATPLA-NAV-000143,EASA-ATPLA-NAV-000155,template,1.0,same_track,info_only_numeric_variant
EASA-ATPLA-NAV-000143,EASA-ATPLA-NAV-000156,template,1.0,same_track,info_only_numeric_variant
EASA-ATPLA-NAV-000143,EASA-ATPLA-NAV-000157,template,1.0,same_track,info_only_numeric_variant
EASA-ATPLA-NAV-000143,EASA-ATPLA-NAV-000158,template,1.0,same_track,info_only_numeric_variant
EASA-ATPLA-NAV-000143,EASA-ATPLA-NAV-000159,template,1.0,same_track,info_only_numeric_variant
EASA-ATPLA-NAV-000143,EASA-ATPLA-NAV-000160,template,1.0,same_track,info_only_numeric_variant
EASA-ATPLA-NAV-000143,EASA-ATPLA-NAV-000137,template,1.0,same_track,info_only_numeric_variant
EASA-ATPLA-NAV-000143,EASA-ATPLA-NAV-000138,template,1.0,same_track,info_only_numeric_variant
EASA-ATPLA-NAV-000143,EASA-ATPLA-NAV-000139,template,1.0,same_track,info_only_numeric_variant
EASA-ATPLA-NAV-000143,EASA-ATPLA-NAV-000140,template,1.0,same_track,info_only_numeric_variant
EASA-ATPLA-NAV-000144,EASA-ATPLA-NAV-000145,template,1.0,same_track,info_only_numeric_variant
EASA-ATPLA-NAV-000144,EASA-ATPLA-NAV-000146,template,1.0,same_track,info_only_numeric_variant
EASA-ATPLA-NAV-000144,EASA-ATPLA-NAV-000147,template,1.0,same_track,info_only_numeric_variant
EASA-ATPLA-NAV-000144,EASA-ATPLA-NAV-000148,template,1.0,same_track,info_only_numeric_variant
EASA-ATPLA-NAV-000144,EASA-ATPLA-NAV-000149,template,1.0,same_track,info_only_numeric_variant
EASA-ATPLA-NAV-000144,EASA-ATPLA-NAV-000150,template,1.0,same_track,info_only_numeric_variant
EASA-ATPLA-NAV-000144,EASA-ATPLA-NAV-000151,template,1.0,same_track,info_only_numeric_variant
EASA-ATPLA-NAV-000144,EASA-ATPLA-NAV-000152,template,1.0,same_track,info_only_numeric_variant
EASA-ATPLA-NAV-000144,EASA-ATPLA-NAV-000153,template,1.0,same_track,info_only_numeric_variant
EASA-ATPLA-NAV-000144,EASA-ATPLA-NAV-000154,template,1.0,same_track,info_only_numeric_variant
EASA-ATPLA-NAV-000144,EASA-ATPLA-NAV-000155,template,1.0,same_track,info_only_numeric_variant
EASA-ATPLA-NAV-000144,EASA-ATPLA-NAV-000156,template,1.0,same_track,info_only_numeric_variant
EASA-ATPLA-NAV-000144,EASA-ATPLA-NAV-000157,template,1.0,same_track,info_only_numeric_variant
EASA-ATPLA-NAV-000144,EASA-ATPLA-NAV-000158,template,1.0,same_track,info_only_numeric_variant
EASA-ATPLA-NAV-000144,EASA-ATPLA-NAV-000159,template,1.0,same_track,info_only_numeric_variant
EASA-ATPLA-NAV-000144,EASA-ATPLA-NAV-000160,template,1.0,same_track,info_only_numeric_variant
EASA-ATPLA-NAV-000144,EASA-ATPLA-NAV-000137,template,1.0,same_track,info_only_numeric_variant
EASA-ATPLA-NAV-000144,EASA-ATPLA-NAV-000138,template,1.0,same_track,info_only_numeric_variant
EASA-ATPLA-NAV-000144,EASA-ATPLA-NAV-000139,template,1.0,same_track,info_only_numeric_variant
EASA-ATPLA-NAV-000144,EASA-ATPLA-NAV-000140,template,1.0,same_track,info_only_numeric_variant
EASA-ATPLA-NAV-000145,EASA-ATPLA-NAV-000146,template,1.0,same_track,info_only_numeric_variant
EASA-ATPLA-NAV-000145,EASA-ATPLA-NAV-000147,template,1.0,same_track,info_only_numeric_variant
EASA-ATPLA-NAV-000145,EASA-ATPLA-NAV-000148,template,1.0,same_track,info_only_numeric_variant
EASA-ATPLA-NAV-000145,EASA-ATPLA-NAV-000149,template,1.0,same_track,info_only_numeric_variant
EASA-ATPLA-NAV-000145,EASA-ATPLA-NAV-000150,template,1.0,same_track,info_only_numeric_variant
EASA-ATPLA-NAV-000145,EASA-ATPLA-NAV-000151,template,1.0,same_track,info_only_numeric_variant
EASA-ATPLA-NAV-000145,EASA-ATPLA-NAV-000152,template,1.0,same_track,info_only_numeric_variant
EASA-ATPLA-NAV-000145,EASA-ATPLA-NAV-000153,template,1.0,same_track,info_only_numeric_variant
EASA-ATPLA-NAV-000145,EASA-ATPLA-NAV-000154,template,1.0,same_track,info_only_numeric_variant
EASA-ATPLA-NAV-000145,EASA-ATPLA-NAV-000155,template,1.0,same_track,info_only_numeric_variant
EASA-ATPLA-NAV-000145,EASA-ATPLA-NAV-000156,template,1.0,same_track,info_only_numeric_variant
EASA-ATPLA-NAV-000145,EASA-ATPLA-NAV-000157,template,1.0,same_track,info_only_numeric_variant
EASA-ATPLA-NAV-000145,EASA-ATPLA-NAV-000158,template,1.0,same_track,info_only_numeric_variant
EASA-ATPLA-NAV-000145,EASA-ATPLA-NAV-000159,template,1.0,same_track,info_only_numeric_variant
EASA-ATPLA-NAV-000145,EASA-ATPLA-NAV-000160,template,1.0,same_track,info_only_numeric_variant
EASA-ATPLA-NAV-000145,EASA-ATPLA-NAV-000137,template,1.0,same_track,info_only_numeric_variant
EASA-ATPLA-NAV-000145,EASA-ATPLA-NAV-000138,template,1.0,same_track,info_only_numeric_variant
EASA-ATPLA-NAV-000145,EASA-ATPLA-NAV-000139,template,1.0,same_track,info_only_numeric_variant
EASA-ATPLA-NAV-000145,EASA-ATPLA-NAV-000140,template,1.0,same_track,info_only_numeric_variant
EASA-ATPLA-NAV-000146,EASA-ATPLA-NAV-000147,template,1.0,same_track,info_only_numeric_variant
EASA-ATPLA-NAV-000146,EASA-ATPLA-NAV-000148,template,1.0,same_track,info_only_numeric_variant
EASA-ATPLA-NAV-000146,EASA-ATPLA-NAV-000149,template,1.0,same_track,info_only_numeric_variant
EASA-ATPLA-NAV-000146,EASA-ATPLA-NAV-000150,template,1.0,same_track,info_only_numeric_variant
EASA-ATPLA-NAV-000146,EASA-ATPLA-NAV-000151,template,1.0,same_track,info_only_numeric_variant
EASA-ATPLA-NAV-000146,EASA-ATPLA-NAV-000152,template,1.0,same_track,info_only_numeric_variant
EASA-ATPLA-NAV-000146,EASA-ATPLA-NAV-000153,template,1.0,same_track,info_only_numeric_variant
EASA-ATPLA-NAV-000146,EASA-ATPLA-NAV-000154,template,1.0,same_track,info_only_numeric_variant
EASA-ATPLA-NAV-000146,EASA-ATPLA-NAV-000155,template,1.0,same_track,info_only_numeric_variant
EASA-ATPLA-NAV-000146,EASA-ATPLA-NAV-000156,template,1.0,same_track,info_only_numeric_variant
EASA-ATPLA-NAV-000146,EASA-ATPLA-NAV-000157,template,1.0,same_track,info_only_numeric_variant
EASA-ATPLA-NAV-000146,EASA-ATPLA-NAV-000158,template,1.0,same_track,info_only_numeric_variant
EASA-ATPLA-NAV-000146,EASA-ATPLA-NAV-000159,template,1.0,same_track,info_only_numeric_variant
EASA-ATPLA-NAV-000146,EASA-ATPLA-NAV-000160,template,1.0,same_track,info_only_numeric_variant
EASA-ATPLA-NAV-000146,EASA-ATPLA-NAV-000137,template,1.0,same_track,info_only_numeric_variant
EASA-ATPLA-NAV-000146,EASA-ATPLA-NAV-000138,template,1.0,same_track,info_only_numeric_variant
EASA-ATPLA-NAV-000146,EASA-ATPLA-NAV-000139,template,1.0,same_track,info_only_numeric_variant
EASA-ATPLA-NAV-000146,EASA-ATPLA-NAV-000140,template,1.0,same_track,info_only_numeric_variant
EASA-ATPLA-NAV-000147,EASA-ATPLA-NAV-000148,template,1.0,same_track,info_only_numeric_variant
EASA-ATPLA-NAV-000147,EASA-ATPLA-NAV-000149,template,1.0,same_track,info_only_numeric_variant
EASA-ATPLA-NAV-000147,EASA-ATPLA-NAV-000150,template,1.0,same_track,info_only_numeric_variant
EASA-ATPLA-NAV-000147,EASA-ATPLA-NAV-000151,template,1.0,same_track,info_only_numeric_variant
EASA-ATPLA-NAV-000147,EASA-ATPLA-NAV-000152,template,1.0,same_track,info_only_numeric_variant
EASA-ATPLA-NAV-000147,EASA-ATPLA-NAV-000153,template,1.0,same_track,info_only_numeric_variant
EASA-ATPLA-NAV-000147,EASA-ATPLA-NAV-000154,template,1.0,same_track,info_only_numeric_variant
EASA-ATPLA-NAV-000147,EASA-ATPLA-NAV-000155,template,1.0,same_track,info_only_numeric_variant
EASA-ATPLA-NAV-000147,EASA-ATPLA-NAV-000156,template,1.0,same_track,info_only_numeric_variant
EASA-ATPLA-NAV-000147,EASA-ATPLA-NAV-000157,template,1.0,same_track,info_only_numeric_variant
EASA-ATPLA-NAV-000147,EASA-ATPLA-NAV-000158,template,1.0,same_track,info_only_numeric_variant
EASA-ATPLA-NAV-000147,EASA-ATPLA-NAV-000159,template,1.0,same_track,info_only_numeric_variant
EASA-ATPLA-NAV-000147,EASA-ATPLA-NAV-000160,template,1.0,same_track,info_only_numeric_variant
EASA-ATPLA-NAV-000147,EASA-ATPLA-NAV-000137,template,1.0,same_track,info_only_numeric_variant
EASA-ATPLA-NAV-000147,EASA-ATPLA-NAV-000138,template,1.0,same_track,info_only_numeric_variant
EASA-ATPLA-NAV-000147,EASA-ATPLA-NAV-000139,template,1.0,same_track,info_only_numeric_variant
EASA-ATPLA-NAV-000147,EASA-ATPLA-NAV-000140,template,1.0,same_track,info_only_numeric_variant
EASA-ATPLA-NAV-000148,EASA-ATPLA-NAV-000149,template,1.0,same_track,info_only_numeric_variant
EASA-ATPLA-NAV-000148,EASA-ATPLA-NAV-000150,template,1.0,same_track,info_only_numeric_variant
EASA-ATPLA-NAV-000148,EASA-ATPLA-NAV-000151,template,1.0,same_track,info_only_numeric_variant
EASA-ATPLA-NAV-000148,EASA-ATPLA-NAV-000152,template,1.0,same_track,info_only_numeric_variant
EASA-ATPLA-NAV-000148,EASA-ATPLA-NAV-000153,template,1.0,same_track,info_only_numeric_variant
EASA-ATPLA-NAV-000148,EASA-ATPLA-NAV-000154,template,1.0,same_track,info_only_numeric_variant
EASA-ATPLA-NAV-000148,EASA-ATPLA-NAV-000155,template,1.0,same_track,info_only_numeric_variant
EASA-ATPLA-NAV-000148,EASA-ATPLA-NAV-000156,template,1.0,same_track,info_only_numeric_variant
EASA-ATPLA-NAV-000148,EASA-ATPLA-NAV-000157,template,1.0,same_track,info_only_numeric_variant
EASA-ATPLA-NAV-000148,EASA-ATPLA-NAV-000158,template,1.0,same_track,info_only_numeric_variant
EASA-ATPLA-NAV-000148,EASA-ATPLA-NAV-000159,template,1.0,same_track,info_only_numeric_variant
EASA-ATPLA-NAV-000148,EASA-ATPLA-NAV-000160,template,1.0,same_track,info_only_numeric_variant
EASA-ATPLA-NAV-000148,EASA-ATPLA-NAV-000137,template,1.0,same_track,info_only_numeric_variant
EASA-ATPLA-NAV-000148,EASA-ATPLA-NAV-000138,template,1.0,same_track,info_only_numeric_variant
EASA-ATPLA-NAV-000148,EASA-ATPLA-NAV-000139,template,1.0,same_track,info_only_numeric_variant
EASA-ATPLA-NAV-000148,EASA-ATPLA-NAV-000140,template,1.0,same_track,info_only_numeric_variant
EASA-ATPLA-NAV-000149,EASA-ATPLA-NAV-000150,template,1.0,same_track,info_only_numeric_variant
EASA-ATPLA-NAV-000149,EASA-ATPLA-NAV-000151,template,1.0,same_track,info_only_numeric_variant
EASA-ATPLA-NAV-000149,EASA-ATPLA-NAV-000152,template,1.0,same_track,info_only_numeric_variant
EASA-ATPLA-NAV-000149,EASA-ATPLA-NAV-000153,template,1.0,same_track,info_only_numeric_variant
EASA-ATPLA-NAV-000149,EASA-ATPLA-NAV-000154,template,1.0,same_track,info_only_numeric_variant
EASA-ATPLA-NAV-000149,EASA-ATPLA-NAV-000155,template,1.0,same_track,info_only_numeric_variant
EASA-ATPLA-NAV-000149,EASA-ATPLA-NAV-000156,template,1.0,same_track,info_only_numeric_variant
EASA-ATPLA-NAV-000149,EASA-ATPLA-NAV-000157,template,1.0,same_track,info_only_numeric_variant
EASA-ATPLA-NAV-000149,EASA-ATPLA-NAV-000158,template,1.0,same_track,info_only_numeric_variant
EASA-ATPLA-NAV-000149,EASA-ATPLA-NAV-000159,template,1.0,same_track,info_only_numeric_variant
EASA-ATPLA-NAV-000149,EASA-ATPLA-NAV-000160,template,1.0,same_track,info_only_numeric_variant
EASA-ATPLA-NAV-000149,EASA-ATPLA-NAV-000137,template,1.0,same_track,info_only_numeric_variant
EASA-ATPLA-NAV-000149,EASA-ATPLA-NAV-000138,template,1.0,same_track,info_only_numeric_variant
EASA-ATPLA-NAV-000149,EASA-ATPLA-NAV-000139,template,1.0,same_track,info_only_numeric_variant
EASA-ATPLA-NAV-000149,EASA-ATPLA-NAV-000140,template,1.0,same_track,info_only_numeric_variant
EASA-ATPLA-NAV-000150,EASA-ATPLA-NAV-000151,template,1.0,same_track,info_only_numeric_variant
EASA-ATPLA-NAV-000150,EASA-ATPLA-NAV-000152,template,1.0,same_track,info_only_numeric_variant
EASA-ATPLA-NAV-000150,EASA-ATPLA-NAV-000153,template,1.0,same_track,info_only_numeric_variant
EASA-ATPLA-NAV-000150,EASA-ATPLA-NAV-000154,template,1.0,same_track,info_only_numeric_variant
EASA-ATPLA-NAV-000150,EASA-ATPLA-NAV-000155,template,1.0,same_track,info_only_numeric_variant
EASA-ATPLA-NAV-000150,EASA-ATPLA-NAV-000156,template,1.0,same_track,info_only_numeric_variant
EASA-ATPLA-NAV-000150,EASA-ATPLA-NAV-000157,template,1.0,same_track,info_only_numeric_variant
EASA-ATPLA-NAV-000150,EASA-ATPLA-NAV-000158,template,1.0,same_track,info_only_numeric_variant
EASA-ATPLA-NAV-000150,EASA-ATPLA-NAV-000159,template,1.0,same_track,info_only_numeric_variant
EASA-ATPLA-NAV-000150,EASA-ATPLA-NAV-000160,template,1.0,same_track,info_only_numeric_variant
EASA-ATPLA-NAV-000150,EASA-ATPLA-NAV-000137,template,1.0,same_track,info_only_numeric_variant
EASA-ATPLA-NAV-000150,EASA-ATPLA-NAV-000138,template,1.0,same_track,info_only_numeric_variant
EASA-ATPLA-NAV-000150,EASA-ATPLA-NAV-000139,template,1.0,same_track,info_only_numeric_variant
EASA-ATPLA-NAV-000150,EASA-ATPLA-NAV-000140,template,1.0,same_track,info_only_numeric_variant
EASA-ATPLA-NAV-000151,EASA-ATPLA-NAV-000152,template,1.0,same_track,info_only_numeric_variant
EASA-ATPLA-NAV-000151,EASA-ATPLA-NAV-000153,template,1.0,same_track,info_only_numeric_variant
EASA-ATPLA-NAV-000151,EASA-ATPLA-NAV-000154,template,1.0,same_track,info_only_numeric_variant
EASA-ATPLA-NAV-000151,EASA-ATPLA-NAV-000155,template,1.0,same_track,info_only_numeric_variant
EASA-ATPLA-NAV-000151,EASA-ATPLA-NAV-000156,template,1.0,same_track,info_only_numeric_variant
EASA-ATPLA-NAV-000151,EASA-ATPLA-NAV-000157,template,1.0,same_track,info_only_numeric_variant
EASA-ATPLA-NAV-000151,EASA-ATPLA-NAV-000158,template,1.0,same_track,info_only_numeric_variant
EASA-ATPLA-NAV-000151,EASA-ATPLA-NAV-000159,template,1.0,same_track,info_only_numeric_variant
EASA-ATPLA-NAV-000151,EASA-ATPLA-NAV-000160,template,1.0,same_track,info_only_numeric_variant
EASA-ATPLA-NAV-000151,EASA-ATPLA-NAV-000137,template,1.0,same_track,info_only_numeric_variant
EASA-ATPLA-NAV-000151,EASA-ATPLA-NAV-000138,template,1.0,same_track,info_only_numeric_variant
EASA-ATPLA-NAV-000151,EASA-ATPLA-NAV-000139,template,1.0,same_track,info_only_numeric_variant
EASA-ATPLA-NAV-000151,EASA-ATPLA-NAV-000140,template,1.0,same_track,info_only_numeric_variant
EASA-ATPLA-NAV-000152,EASA-ATPLA-NAV-000153,template,1.0,same_track,info_only_numeric_variant
EASA-ATPLA-NAV-000152,EASA-ATPLA-NAV-000154,template,1.0,same_track,info_only_numeric_variant
EASA-ATPLA-NAV-000152,EASA-ATPLA-NAV-000155,template,1.0,same_track,info_only_numeric_variant
EASA-ATPLA-NAV-000152,EASA-ATPLA-NAV-000156,template,1.0,same_track,info_only_numeric_variant
EASA-ATPLA-NAV-000152,EASA-ATPLA-NAV-000157,template,1.0,same_track,info_only_numeric_variant
EASA-ATPLA-NAV-000152,EASA-ATPLA-NAV-000158,template,1.0,same_track,info_only_numeric_variant
EASA-ATPLA-NAV-000152,EASA-ATPLA-NAV-000159,template,1.0,same_track,info_only_numeric_variant
EASA-ATPLA-NAV-000152,EASA-ATPLA-NAV-000160,template,1.0,same_track,info_only_numeric_variant
EASA-ATPLA-NAV-000152,EASA-ATPLA-NAV-000137,template,1.0,same_track,info_only_numeric_variant
EASA-ATPLA-NAV-000152,EASA-ATPLA-NAV-000138,template,1.0,same_track,info_only_numeric_variant
EASA-ATPLA-NAV-000152,EASA-ATPLA-NAV-000139,template,1.0,same_track,info_only_numeric_variant
EASA-ATPLA-NAV-000152,EASA-ATPLA-NAV-000140,template,1.0,same_track,info_only_numeric_variant
EASA-ATPLA-NAV-000153,EASA-ATPLA-NAV-000154,template,1.0,same_track,info_only_numeric_variant
EASA-ATPLA-NAV-000153,EASA-ATPLA-NAV-000155,template,1.0,same_track,info_only_numeric_variant
EASA-ATPLA-NAV-000153,EASA-ATPLA-NAV-000156,template,1.0,same_track,info_only_numeric_variant
EASA-ATPLA-NAV-000153,EASA-ATPLA-NAV-000157,template,1.0,same_track,info_only_numeric_variant
EASA-ATPLA-NAV-000153,EASA-ATPLA-NAV-000158,template,1.0,same_track,info_only_numeric_variant
EASA-ATPLA-NAV-000153,EASA-ATPLA-NAV-000159,template,1.0,same_track,info_only_numeric_variant
EASA-ATPLA-NAV-000153,EASA-ATPLA-NAV-000160,template,1.0,same_track,info_only_numeric_variant
EASA-ATPLA-NAV-000153,EASA-ATPLA-NAV-000137,template,1.0,same_track,info_only_numeric_variant
EASA-ATPLA-NAV-000153,EASA-ATPLA-NAV-000138,template,1.0,same_track,info_only_numeric_variant
EASA-ATPLA-NAV-000153,EASA-ATPLA-NAV-000139,template,1.0,same_track,info_only_numeric_variant
EASA-ATPLA-NAV-000153,EASA-ATPLA-NAV-000140,template,1.0,same_track,info_only_numeric_variant
EASA-ATPLA-NAV-000154,EASA-ATPLA-NAV-000155,template,1.0,same_track,info_only_numeric_variant
EASA-ATPLA-NAV-000154,EASA-ATPLA-NAV-000156,template,1.0,same_track,info_only_numeric_variant
EASA-ATPLA-NAV-000154,EASA-ATPLA-NAV-000157,template,1.0,same_track,info_only_numeric_variant
EASA-ATPLA-NAV-000154,EASA-ATPLA-NAV-000158,template,1.0,same_track,info_only_numeric_variant
EASA-ATPLA-NAV-000154,EASA-ATPLA-NAV-000159,template,1.0,same_track,info_only_numeric_variant
EASA-ATPLA-NAV-000154,EASA-ATPLA-NAV-000160,template,1.0,same_track,info_only_numeric_variant
EASA-ATPLA-NAV-000154,EASA-ATPLA-NAV-000137,template,1.0,same_track,info_only_numeric_variant
EASA-ATPLA-NAV-000154,EASA-ATPLA-NAV-000138,template,1.0,same_track,info_only_numeric_variant
EASA-ATPLA-NAV-000154,EASA-ATPLA-NAV-000139,template,1.0,same_track,info_only_numeric_variant
EASA-ATPLA-NAV-000154,EASA-ATPLA-NAV-000140,template,1.0,same_track,info_only_numeric_variant
EASA-ATPLA-NAV-000155,EASA-ATPLA-NAV-000156,template,1.0,same_track,info_only_numeric_variant
EASA-ATPLA-NAV-000155,EASA-ATPLA-NAV-000157,template,1.0,same_track,info_only_numeric_variant
EASA-ATPLA-NAV-000155,EASA-ATPLA-NAV-000158,template,1.0,same_track,info_only_numeric_variant
EASA-ATPLA-NAV-000155,EASA-ATPLA-NAV-000159,template,1.0,same_track,info_only_numeric_variant
EASA-ATPLA-NAV-000155,EASA-ATPLA-NAV-000160,template,1.0,same_track,info_only_numeric_variant
EASA-ATPLA-NAV-000155,EASA-ATPLA-NAV-000137,template,1.0,same_track,info_only_numeric_variant
EASA-ATPLA-NAV-000155,EASA-ATPLA-NAV-000138,template,1.0,same_track,info_only_numeric_variant
EASA-ATPLA-NAV-000155,EASA-ATPLA-NAV-000139,template,1.0,same_track,info_only_numeric_variant
EASA-ATPLA-NAV-000155,EASA-ATPLA-NAV-000140,template,1.0,same_track,info_only_numeric_variant
EASA-ATPLA-NAV-000156,EASA-ATPLA-NAV-000157,template,1.0,same_track,info_only_numeric_variant
EASA-ATPLA-NAV-000156,EASA-ATPLA-NAV-000158,template,1.0,same_track,info_only_numeric_variant
EASA-ATPLA-NAV-000156,EASA-ATPLA-NAV-000159,template,1.0,same_track,info_only_numeric_variant
EASA-ATPLA-NAV-000156,EASA-ATPLA-NAV-000160,template,1.0,same_track,info_only_numeric_variant
EASA-ATPLA-NAV-000156,EASA-ATPLA-NAV-000137,template,1.0,same_track,info_only_numeric_variant
EASA-ATPLA-NAV-000156,EASA-ATPLA-NAV-000138,template,1.0,same_track,info_only_numeric_variant
EASA-ATPLA-NAV-000156,EASA-ATPLA-NAV-000139,template,1.0,same_track,info_only_numeric_variant
EASA-ATPLA-NAV-000156,EASA-ATPLA-NAV-000140,template,1.0,same_track,info_only_numeric_variant
EASA-ATPLA-NAV-000157,EASA-ATPLA-NAV-000158,template,1.0,same_track,info_only_numeric_variant
EASA-ATPLA-NAV-000157,EASA-ATPLA-NAV-000159,template,1.0,same_track,info_only_numeric_variant
EASA-ATPLA-NAV-000157,EASA-ATPLA-NAV-000160,template,1.0,same_track,info_only_numeric_variant
EASA-ATPLA-NAV-000157,EASA-ATPLA-NAV-000137,template,1.0,same_track,info_only_numeric_variant
EASA-ATPLA-NAV-000157,EASA-ATPLA-NAV-000138,template,1.0,same_track,info_only_numeric_variant
EASA-ATPLA-NAV-000157,EASA-ATPLA-NAV-000139,template,1.0,same_track,info_only_numeric_variant
EASA-ATPLA-NAV-000157,EASA-ATPLA-NAV-000140,template,1.0,same_track,info_only_numeric_variant
EASA-ATPLA-NAV-000158,EASA-ATPLA-NAV-000159,template,1.0,same_track,info_only_numeric_variant
EASA-ATPLA-NAV-000158,EASA-ATPLA-NAV-000160,template,1.0,same_track,info_only_numeric_variant
EASA-ATPLA-NAV-000158,EASA-ATPLA-NAV-000137,template,1.0,same_track,info_only_numeric_variant
EASA-ATPLA-NAV-000158,EASA-ATPLA-NAV-000138,template,1.0,same_track,info_only_numeric_variant
EASA-ATPLA-NAV-000158,EASA-ATPLA-NAV-000139,template,1.0,same_track,info_only_numeric_variant
EASA-ATPLA-NAV-000158,EASA-ATPLA-NAV-000140,template,1.0,same_track,info_only_numeric_variant
EASA-ATPLA-NAV-000159,EASA-ATPLA-NAV-000160,template,1.0,same_track,info_only_numeric_variant
EASA-ATPLA-NAV-000159,EASA-ATPLA-NAV-000137,template,1.0,same_track,info_only_numeric_variant
EASA-ATPLA-NAV-000159,EASA-ATPLA-NAV-000138,template,1.0,same_track,info_only_numeric_variant
EASA-ATPLA-NAV-000159,EASA-ATPLA-NAV-000139,template,1.0,same_track,info_only_numeric_variant
EASA-ATPLA-NAV-000159,EASA-ATPLA-NAV-000140,template,1.0,same_track,info_only_numeric_variant
EASA-ATPLA-NAV-000160,EASA-ATPLA-NAV-000137,template,1.0,same_track,info_only_numeric_variant
EASA-ATPLA-NAV-000160,EASA-ATPLA-NAV-000138,template,1.0,same_track,info_only_numeric_variant
EASA-ATPLA-NAV-000160,EASA-ATPLA-NAV-000139,template,1.0,same_track,info_only_numeric_variant
EASA-ATPLA-NAV-000160,EASA-ATPLA-NAV-000140,template,1.0,same_track,info_only_numeric_variant
EASA-ATPLA-NAV-000161,EASA-ATPLA-NAV-000164,template,1.0,same_track,info_only_numeric_variant
EASA-ATPLA-NAV-000161,EASA-ATPLA-NAV-000165,template,1.0,same_track,info_only_numeric_variant
EASA-ATPLA-NAV-000161,EASA-ATPLA-NAV-000166,template,1.0,same_track,info_only_numeric_variant
EASA-ATPLA-NAV-000161,EASA-ATPLA-NAV-000167,template,1.0,same_track,info_only_numeric_variant
EASA-ATPLA-NAV-000161,EASA-ATPLA-NAV-000168,template,1.0,same_track,info_only_numeric_variant
EASA-ATPLA-NAV-000161,EASA-ATPLA-NAV-000169,template,1.0,same_track,info_only_numeric_variant
EASA-ATPLA-NAV-000161,EASA-ATPLA-NAV-000170,template,1.0,same_track,info_only_numeric_variant
EASA-ATPLA-NAV-000161,EASA-ATPLA-NAV-000171,template,1.0,same_track,info_only_numeric_variant
EASA-ATPLA-NAV-000161,EASA-ATPLA-NAV-000173,template,1.0,same_track,info_only_numeric_variant
EASA-ATPLA-NAV-000162,EASA-ATPLA-NAV-000163,template,1.0,same_track,info_only_numeric_variant
EASA-ATPLA-NAV-000162,EASA-ATPLA-NAV-000168,char,0.91,same_track,distinct
EASA-ATPLA-NAV-000162,EASA-ATPLA-NAV-000172,template,1.0,same_track,info_only_numeric_variant
EASA-ATPLA-NAV-000162,EASA-ATPLA-NAV-000174,template,1.0,same_track,info_only_numeric_variant
EASA-ATPLA-NAV-000163,EASA-ATPLA-NAV-000170,char,0.91,same_track,distinct
EASA-ATPLA-NAV-000163,EASA-ATPLA-NAV-000172,template,1.0,same_track,info_only_numeric_variant
EASA-ATPLA-NAV-000163,EASA-ATPLA-NAV-000174,template,1.0,same_track,info_only_numeric_variant
EASA-ATPLA-NAV-000164,EASA-ATPLA-NAV-000165,template,1.0,same_track,info_only_numeric_variant
EASA-ATPLA-NAV-000164,EASA-ATPLA-NAV-000166,template,1.0,same_track,info_only_numeric_variant
EASA-ATPLA-NAV-000164,EASA-ATPLA-NAV-000167,template,1.0,same_track,info_only_numeric_variant
EASA-ATPLA-NAV-000164,EASA-ATPLA-NAV-000168,template,1.0,same_track,info_only_numeric_variant
EASA-ATPLA-NAV-000164,EASA-ATPLA-NAV-000169,template,1.0,same_track,info_only_numeric_variant
EASA-ATPLA-NAV-000164,EASA-ATPLA-NAV-000170,template,1.0,same_track,info_only_numeric_variant
EASA-ATPLA-NAV-000164,EASA-ATPLA-NAV-000171,template,1.0,same_track,info_only_numeric_variant
EASA-ATPLA-NAV-000164,EASA-ATPLA-NAV-000173,template,1.0,same_track,info_only_numeric_variant
EASA-ATPLA-NAV-000165,EASA-ATPLA-NAV-000166,template,1.0,same_track,info_only_numeric_variant
EASA-ATPLA-NAV-000165,EASA-ATPLA-NAV-000167,template,1.0,same_track,info_only_numeric_variant
EASA-ATPLA-NAV-000165,EASA-ATPLA-NAV-000168,template,1.0,same_track,info_only_numeric_variant
EASA-ATPLA-NAV-000165,EASA-ATPLA-NAV-000169,template,1.0,same_track,info_only_numeric_variant
EASA-ATPLA-NAV-000165,EASA-ATPLA-NAV-000170,template,1.0,same_track,info_only_numeric_variant
EASA-ATPLA-NAV-000165,EASA-ATPLA-NAV-000171,template,1.0,same_track,info_only_numeric_variant
EASA-ATPLA-NAV-000165,EASA-ATPLA-NAV-000173,template,1.0,same_track,info_only_numeric_variant
EASA-ATPLA-NAV-000166,EASA-ATPLA-NAV-000167,template,1.0,same_track,info_only_numeric_variant
EASA-ATPLA-NAV-000166,EASA-ATPLA-NAV-000168,template,1.0,same_track,info_only_numeric_variant
EASA-ATPLA-NAV-000166,EASA-ATPLA-NAV-000169,template,1.0,same_track,info_only_numeric_variant
EASA-ATPLA-NAV-000166,EASA-ATPLA-NAV-000170,template,1.0,same_track,info_only_numeric_variant
EASA-ATPLA-NAV-000166,EASA-ATPLA-NAV-000171,template,1.0,same_track,info_only_numeric_variant
EASA-ATPLA-NAV-000166,EASA-ATPLA-NAV-000173,template,1.0,same_track,info_only_numeric_variant
EASA-ATPLA-NAV-000167,EASA-ATPLA-NAV-000168,template,1.0,same_track,info_only_numeric_variant
EASA-ATPLA-NAV-000167,EASA-ATPLA-NAV-000169,template,1.0,same_track,info_only_numeric_variant
EASA-ATPLA-NAV-000167,EASA-ATPLA-NAV-000170,template,1.0,same_track,info_only_numeric_variant
EASA-ATPLA-NAV-000167,EASA-ATPLA-NAV-000171,template,1.0,same_track,info_only_numeric_variant
EASA-ATPLA-NAV-000167,EASA-ATPLA-NAV-000173,template,1.0,same_track,info_only_numeric_variant
EASA-ATPLA-NAV-000168,EASA-ATPLA-NAV-000169,template,1.0,same_track,info_only_numeric_variant
EASA-ATPLA-NAV-000168,EASA-ATPLA-NAV-000170,template,1.0,same_track,info_only_numeric_variant
EASA-ATPLA-NAV-000168,EASA-ATPLA-NAV-000171,template,1.0,same_track,info_only_numeric_variant
EASA-ATPLA-NAV-000168,EASA-ATPLA-NAV-000173,template,1.0,same_track,info_only_numeric_variant
EASA-ATPLA-NAV-000169,EASA-ATPLA-NAV-000170,template,1.0,same_track,info_only_numeric_variant
EASA-ATPLA-NAV-000169,EASA-ATPLA-NAV-000171,template,1.0,same_track,info_only_numeric_variant
EASA-ATPLA-NAV-000169,EASA-ATPLA-NAV-000173,template,1.0,same_track,info_only_numeric_variant
EASA-ATPLA-NAV-000169,EASA-ATPLA-NAV-000174,char,0.91,same_track,distinct
EASA-ATPLA-NAV-000170,EASA-ATPLA-NAV-000171,template,1.0,same_track,info_only_numeric_variant
EASA-ATPLA-NAV-000170,EASA-ATPLA-NAV-000173,template,1.0,same_track,info_only_numeric_variant
EASA-ATPLA-NAV-000171,EASA-ATPLA-NAV-000173,template,1.0,same_track,info_only_numeric_variant
EASA-ATPLA-NAV-000172,EASA-ATPLA-NAV-000174,template,1.0,same_track,info_only_numeric_variant
EASA-ATPLA-NAV-000114,EASA-ATPLA-NAV-000115,template,1.0,same_track,info_only_numeric_variant
EASA-ATPLA-NAV-000114,EASA-ATPLA-NAV-000116,template,1.0,same_track,info_only_numeric_variant
EASA-ATPLA-NAV-000114,EASA-ATPLA-NAV-000117,template,1.0,same_track,info_only_numeric_variant
EASA-ATPLA-NAV-000114,EASA-ATPLA-NAV-000118,template,1.0,same_track,info_only_numeric_variant
EASA-ATPLA-NAV-000114,EASA-ATPLA-NAV-000119,template,1.0,same_track,info_only_numeric_variant
EASA-ATPLA-NAV-000115,EASA-ATPLA-NAV-000116,template,1.0,same_track,info_only_numeric_variant
EASA-ATPLA-NAV-000115,EASA-ATPLA-NAV-000117,template,1.0,same_track,info_only_numeric_variant
EASA-ATPLA-NAV-000115,EASA-ATPLA-NAV-000118,template,1.0,same_track,info_only_numeric_variant
EASA-ATPLA-NAV-000115,EASA-ATPLA-NAV-000119,template,1.0,same_track,info_only_numeric_variant
EASA-ATPLA-NAV-000116,EASA-ATPLA-NAV-000117,template,1.0,same_track,info_only_numeric_variant
EASA-ATPLA-NAV-000116,EASA-ATPLA-NAV-000118,template,1.0,same_track,info_only_numeric_variant
EASA-ATPLA-NAV-000116,EASA-ATPLA-NAV-000119,template,1.0,same_track,info_only_numeric_variant
EASA-ATPLA-NAV-000117,EASA-ATPLA-NAV-000118,template,1.0,same_track,info_only_numeric_variant
EASA-ATPLA-NAV-000117,EASA-ATPLA-NAV-000119,template,1.0,same_track,info_only_numeric_variant
EASA-ATPLA-NAV-000118,EASA-ATPLA-NAV-000119,template,1.0,same_track,info_only_numeric_variant
EASA-ATPLA-NAV-000137,EASA-ATPLA-NAV-000138,template,1.0,same_track,info_only_numeric_variant
EASA-ATPLA-NAV-000137,EASA-ATPLA-NAV-000139,template,1.0,same_track,info_only_numeric_variant
EASA-ATPLA-NAV-000137,EASA-ATPLA-NAV-000140,template,1.0,same_track,info_only_numeric_variant
EASA-ATPLA-NAV-000138,EASA-ATPLA-NAV-000139,template,1.0,same_track,info_only_numeric_variant
EASA-ATPLA-NAV-000138,EASA-ATPLA-NAV-000140,template,1.0,same_track,info_only_numeric_variant
EASA-ATPLA-NAV-000139,EASA-ATPLA-NAV-000140,template,1.0,same_track,info_only_numeric_variant
EASA-ATPLA-RNAV-000019,EASA-ATPLA-RNAV-000020,template,1.0,same_track,info_only_numeric_variant
EASA-ATPLA-RNAV-000019,EASA-ATPLA-RNAV-000021,template,1.0,same_track,info_only_numeric_variant
EASA-ATPLA-RNAV-000019,EASA-ATPLA-RNAV-000022,template,1.0,same_track,info_only_numeric_variant
EASA-ATPLA-RNAV-000019,EASA-ATPLA-RNAV-000023,template,1.0,same_track,info_only_numeric_variant
EASA-ATPLA-RNAV-000019,EASA-ATPLA-RNAV-000024,template,1.0,same_track,info_only_numeric_variant
EASA-ATPLA-RNAV-000019,EASA-ATPLA-RNAV-000025,template,1.0,same_track,info_only_numeric_variant
EASA-ATPLA-RNAV-000019,EASA-ATPLA-RNAV-000026,template,1.0,same_track,info_only_numeric_variant
EASA-ATPLA-RNAV-000019,EASA-ATPLA-RNAV-000027,template,1.0,same_track,info_only_numeric_variant
EASA-ATPLA-RNAV-000019,EASA-ATPLA-RNAV-000028,template,1.0,same_track,info_only_numeric_variant
EASA-ATPLA-RNAV-000019,EASA-ATPLA-RNAV-000029,template,1.0,same_track,info_only_numeric_variant
EASA-ATPLA-RNAV-000019,EASA-ATPLA-RNAV-000030,template,1.0,same_track,info_only_numeric_variant
EASA-ATPLA-RNAV-000019,EASA-ATPLA-RNAV-000031,template,1.0,same_track,info_only_numeric_variant
EASA-ATPLA-RNAV-000019,EASA-ATPLA-RNAV-000032,template,1.0,same_track,info_only_numeric_variant
EASA-ATPLA-RNAV-000019,EASA-ATPLA-RNAV-000033,template,1.0,same_track,info_only_numeric_variant
EASA-ATPLA-RNAV-000019,EASA-ATPLA-RNAV-000034,template,1.0,same_track,info_only_numeric_variant
EASA-ATPLA-RNAV-000019,EASA-ATPLA-RNAV-000035,template,1.0,same_track,info_only_numeric_variant
EASA-ATPLA-RNAV-000019,EASA-ATPLA-RNAV-000036,template,1.0,same_track,info_only_numeric_variant
EASA-ATPLA-RNAV-000019,EASA-ATPLA-RNAV-000037,template,1.0,same_track,info_only_numeric_variant
EASA-ATPLA-RNAV-000019,EASA-ATPLA-RNAV-000038,template,1.0,same_track,info_only_numeric_variant
EASA-ATPLA-RNAV-000019,EASA-ATPLA-RNAV-000039,template,1.0,same_track,info_only_numeric_variant
EASA-ATPLA-RNAV-000019,EASA-ATPLA-RNAV-000040,template,1.0,same_track,info_only_numeric_variant
EASA-ATPLA-RNAV-000019,EASA-ATPLA-RNAV-000041,template,1.0,same_track,info_only_numeric_variant
EASA-ATPLA-RNAV-000019,EASA-ATPLA-RNAV-000042,template,1.0,same_track,info_only_numeric_variant
EASA-ATPLA-RNAV-000020,EASA-ATPLA-RNAV-000021,template,1.0,same_track,info_only_numeric_variant
EASA-ATPLA-RNAV-000020,EASA-ATPLA-RNAV-000022,template,1.0,same_track,info_only_numeric_variant
EASA-ATPLA-RNAV-000020,EASA-ATPLA-RNAV-000023,template,1.0,same_track,info_only_numeric_variant
EASA-ATPLA-RNAV-000020,EASA-ATPLA-RNAV-000024,template,1.0,same_track,info_only_numeric_variant
EASA-ATPLA-RNAV-000020,EASA-ATPLA-RNAV-000025,template,1.0,same_track,info_only_numeric_variant
EASA-ATPLA-RNAV-000020,EASA-ATPLA-RNAV-000026,template,1.0,same_track,info_only_numeric_variant
EASA-ATPLA-RNAV-000020,EASA-ATPLA-RNAV-000027,template,1.0,same_track,info_only_numeric_variant
EASA-ATPLA-RNAV-000020,EASA-ATPLA-RNAV-000028,template,1.0,same_track,info_only_numeric_variant
EASA-ATPLA-RNAV-000020,EASA-ATPLA-RNAV-000029,template,1.0,same_track,info_only_numeric_variant
EASA-ATPLA-RNAV-000020,EASA-ATPLA-RNAV-000030,template,1.0,same_track,info_only_numeric_variant
EASA-ATPLA-RNAV-000020,EASA-ATPLA-RNAV-000031,template,1.0,same_track,info_only_numeric_variant
EASA-ATPLA-RNAV-000020,EASA-ATPLA-RNAV-000032,template,1.0,same_track,info_only_numeric_variant
EASA-ATPLA-RNAV-000020,EASA-ATPLA-RNAV-000033,template,1.0,same_track,info_only_numeric_variant
EASA-ATPLA-RNAV-000020,EASA-ATPLA-RNAV-000034,template,1.0,same_track,info_only_numeric_variant
EASA-ATPLA-RNAV-000020,EASA-ATPLA-RNAV-000035,template,1.0,same_track,info_only_numeric_variant
EASA-ATPLA-RNAV-000020,EASA-ATPLA-RNAV-000036,template,1.0,same_track,info_only_numeric_variant
EASA-ATPLA-RNAV-000020,EASA-ATPLA-RNAV-000037,template,1.0,same_track,info_only_numeric_variant
EASA-ATPLA-RNAV-000020,EASA-ATPLA-RNAV-000038,template,1.0,same_track,info_only_numeric_variant
EASA-ATPLA-RNAV-000020,EASA-ATPLA-RNAV-000039,template,1.0,same_track,info_only_numeric_variant
EASA-ATPLA-RNAV-000020,EASA-ATPLA-RNAV-000040,template,1.0,same_track,info_only_numeric_variant
EASA-ATPLA-RNAV-000020,EASA-ATPLA-RNAV-000041,template,1.0,same_track,info_only_numeric_variant
EASA-ATPLA-RNAV-000020,EASA-ATPLA-RNAV-000042,template,1.0,same_track,info_only_numeric_variant
EASA-ATPLA-RNAV-000021,EASA-ATPLA-RNAV-000022,template,1.0,same_track,info_only_numeric_variant
EASA-ATPLA-RNAV-000021,EASA-ATPLA-RNAV-000023,template,1.0,same_track,info_only_numeric_variant
EASA-ATPLA-RNAV-000021,EASA-ATPLA-RNAV-000024,template,1.0,same_track,info_only_numeric_variant
EASA-ATPLA-RNAV-000021,EASA-ATPLA-RNAV-000025,template,1.0,same_track,info_only_numeric_variant
EASA-ATPLA-RNAV-000021,EASA-ATPLA-RNAV-000026,template,1.0,same_track,info_only_numeric_variant
EASA-ATPLA-RNAV-000021,EASA-ATPLA-RNAV-000027,template,1.0,same_track,info_only_numeric_variant
EASA-ATPLA-RNAV-000021,EASA-ATPLA-RNAV-000028,template,1.0,same_track,info_only_numeric_variant
EASA-ATPLA-RNAV-000021,EASA-ATPLA-RNAV-000029,template,1.0,same_track,info_only_numeric_variant
EASA-ATPLA-RNAV-000021,EASA-ATPLA-RNAV-000030,template,1.0,same_track,info_only_numeric_variant
EASA-ATPLA-RNAV-000021,EASA-ATPLA-RNAV-000031,template,1.0,same_track,info_only_numeric_variant
EASA-ATPLA-RNAV-000021,EASA-ATPLA-RNAV-000032,template,1.0,same_track,info_only_numeric_variant
EASA-ATPLA-RNAV-000021,EASA-ATPLA-RNAV-000033,template,1.0,same_track,info_only_numeric_variant
EASA-ATPLA-RNAV-000021,EASA-ATPLA-RNAV-000034,template,1.0,same_track,info_only_numeric_variant
EASA-ATPLA-RNAV-000021,EASA-ATPLA-RNAV-000035,template,1.0,same_track,info_only_numeric_variant
EASA-ATPLA-RNAV-000021,EASA-ATPLA-RNAV-000036,template,1.0,same_track,info_only_numeric_variant
EASA-ATPLA-RNAV-000021,EASA-ATPLA-RNAV-000037,template,1.0,same_track,info_only_numeric_variant
EASA-ATPLA-RNAV-000021,EASA-ATPLA-RNAV-000038,template,1.0,same_track,info_only_numeric_variant
EASA-ATPLA-RNAV-000021,EASA-ATPLA-RNAV-000039,template,1.0,same_track,info_only_numeric_variant
EASA-ATPLA-RNAV-000021,EASA-ATPLA-RNAV-000040,template,1.0,same_track,info_only_numeric_variant
EASA-ATPLA-RNAV-000021,EASA-ATPLA-RNAV-000041,template,1.0,same_track,info_only_numeric_variant
EASA-ATPLA-RNAV-000021,EASA-ATPLA-RNAV-000042,template,1.0,same_track,info_only_numeric_variant
EASA-ATPLA-RNAV-000022,EASA-ATPLA-RNAV-000023,template,1.0,same_track,info_only_numeric_variant
EASA-ATPLA-RNAV-000022,EASA-ATPLA-RNAV-000024,template,1.0,same_track,info_only_numeric_variant
EASA-ATPLA-RNAV-000022,EASA-ATPLA-RNAV-000025,template,1.0,same_track,info_only_numeric_variant
EASA-ATPLA-RNAV-000022,EASA-ATPLA-RNAV-000026,template,1.0,same_track,info_only_numeric_variant
EASA-ATPLA-RNAV-000022,EASA-ATPLA-RNAV-000027,template,1.0,same_track,info_only_numeric_variant
EASA-ATPLA-RNAV-000022,EASA-ATPLA-RNAV-000028,template,1.0,same_track,info_only_numeric_variant
EASA-ATPLA-RNAV-000022,EASA-ATPLA-RNAV-000029,template,1.0,same_track,info_only_numeric_variant
EASA-ATPLA-RNAV-000022,EASA-ATPLA-RNAV-000030,template,1.0,same_track,info_only_numeric_variant
EASA-ATPLA-RNAV-000022,EASA-ATPLA-RNAV-000031,template,1.0,same_track,info_only_numeric_variant
EASA-ATPLA-RNAV-000022,EASA-ATPLA-RNAV-000032,template,1.0,same_track,info_only_numeric_variant
EASA-ATPLA-RNAV-000022,EASA-ATPLA-RNAV-000033,template,1.0,same_track,info_only_numeric_variant
EASA-ATPLA-RNAV-000022,EASA-ATPLA-RNAV-000034,template,1.0,same_track,info_only_numeric_variant
EASA-ATPLA-RNAV-000022,EASA-ATPLA-RNAV-000035,template,1.0,same_track,info_only_numeric_variant
EASA-ATPLA-RNAV-000022,EASA-ATPLA-RNAV-000036,template,1.0,same_track,info_only_numeric_variant
EASA-ATPLA-RNAV-000022,EASA-ATPLA-RNAV-000037,template,1.0,same_track,info_only_numeric_variant
EASA-ATPLA-RNAV-000022,EASA-ATPLA-RNAV-000038,template,1.0,same_track,info_only_numeric_variant
EASA-ATPLA-RNAV-000022,EASA-ATPLA-RNAV-000039,template,1.0,same_track,info_only_numeric_variant
EASA-ATPLA-RNAV-000022,EASA-ATPLA-RNAV-000040,template,1.0,same_track,info_only_numeric_variant
EASA-ATPLA-RNAV-000022,EASA-ATPLA-RNAV-000041,template,1.0,same_track,info_only_numeric_variant
EASA-ATPLA-RNAV-000022,EASA-ATPLA-RNAV-000042,template,1.0,same_track,info_only_numeric_variant
EASA-ATPLA-RNAV-000023,EASA-ATPLA-RNAV-000024,template,1.0,same_track,info_only_numeric_variant
EASA-ATPLA-RNAV-000023,EASA-ATPLA-RNAV-000025,template,1.0,same_track,info_only_numeric_variant
EASA-ATPLA-RNAV-000023,EASA-ATPLA-RNAV-000026,template,1.0,same_track,info_only_numeric_variant
EASA-ATPLA-RNAV-000023,EASA-ATPLA-RNAV-000027,template,1.0,same_track,info_only_numeric_variant
EASA-ATPLA-RNAV-000023,EASA-ATPLA-RNAV-000028,template,1.0,same_track,info_only_numeric_variant
EASA-ATPLA-RNAV-000023,EASA-ATPLA-RNAV-000029,template,1.0,same_track,info_only_numeric_variant
EASA-ATPLA-RNAV-000023,EASA-ATPLA-RNAV-000030,template,1.0,same_track,info_only_numeric_variant
EASA-ATPLA-RNAV-000023,EASA-ATPLA-RNAV-000031,template,1.0,same_track,info_only_numeric_variant
EASA-ATPLA-RNAV-000023,EASA-ATPLA-RNAV-000032,template,1.0,same_track,info_only_numeric_variant
EASA-ATPLA-RNAV-000023,EASA-ATPLA-RNAV-000033,template,1.0,same_track,info_only_numeric_variant
EASA-ATPLA-RNAV-000023,EASA-ATPLA-RNAV-000034,template,1.0,same_track,info_only_numeric_variant
EASA-ATPLA-RNAV-000023,EASA-ATPLA-RNAV-000035,template,1.0,same_track,info_only_numeric_variant
EASA-ATPLA-RNAV-000023,EASA-ATPLA-RNAV-000036,template,1.0,same_track,info_only_numeric_variant
EASA-ATPLA-RNAV-000023,EASA-ATPLA-RNAV-000037,template,1.0,same_track,info_only_numeric_variant
EASA-ATPLA-RNAV-000023,EASA-ATPLA-RNAV-000038,template,1.0,same_track,info_only_numeric_variant
EASA-ATPLA-RNAV-000023,EASA-ATPLA-RNAV-000039,template,1.0,same_track,info_only_numeric_variant
EASA-ATPLA-RNAV-000023,EASA-ATPLA-RNAV-000040,template,1.0,same_track,info_only_numeric_variant
EASA-ATPLA-RNAV-000023,EASA-ATPLA-RNAV-000041,template,1.0,same_track,info_only_numeric_variant
EASA-ATPLA-RNAV-000023,EASA-ATPLA-RNAV-000042,template,1.0,same_track,info_only_numeric_variant
EASA-ATPLA-RNAV-000024,EASA-ATPLA-RNAV-000025,template,1.0,same_track,info_only_numeric_variant
EASA-ATPLA-RNAV-000024,EASA-ATPLA-RNAV-000026,template,1.0,same_track,info_only_numeric_variant
EASA-ATPLA-RNAV-000024,EASA-ATPLA-RNAV-000027,template,1.0,same_track,info_only_numeric_variant
EASA-ATPLA-RNAV-000024,EASA-ATPLA-RNAV-000028,template,1.0,same_track,info_only_numeric_variant
EASA-ATPLA-RNAV-000024,EASA-ATPLA-RNAV-000029,template,1.0,same_track,info_only_numeric_variant
EASA-ATPLA-RNAV-000024,EASA-ATPLA-RNAV-000030,template,1.0,same_track,info_only_numeric_variant
EASA-ATPLA-RNAV-000024,EASA-ATPLA-RNAV-000031,template,1.0,same_track,info_only_numeric_variant
EASA-ATPLA-RNAV-000024,EASA-ATPLA-RNAV-000032,template,1.0,same_track,info_only_numeric_variant
EASA-ATPLA-RNAV-000024,EASA-ATPLA-RNAV-000033,template,1.0,same_track,info_only_numeric_variant
EASA-ATPLA-RNAV-000024,EASA-ATPLA-RNAV-000034,template,1.0,same_track,info_only_numeric_variant
EASA-ATPLA-RNAV-000024,EASA-ATPLA-RNAV-000035,template,1.0,same_track,info_only_numeric_variant
EASA-ATPLA-RNAV-000024,EASA-ATPLA-RNAV-000036,template,1.0,same_track,info_only_numeric_variant
EASA-ATPLA-RNAV-000024,EASA-ATPLA-RNAV-000037,template,1.0,same_track,info_only_numeric_variant
EASA-ATPLA-RNAV-000024,EASA-ATPLA-RNAV-000038,template,1.0,same_track,info_only_numeric_variant
EASA-ATPLA-RNAV-000024,EASA-ATPLA-RNAV-000039,template,1.0,same_track,info_only_numeric_variant
EASA-ATPLA-RNAV-000024,EASA-ATPLA-RNAV-000040,template,1.0,same_track,info_only_numeric_variant
EASA-ATPLA-RNAV-000024,EASA-ATPLA-RNAV-000041,template,1.0,same_track,info_only_numeric_variant
EASA-ATPLA-RNAV-000024,EASA-ATPLA-RNAV-000042,template,1.0,same_track,info_only_numeric_variant
EASA-ATPLA-RNAV-000025,EASA-ATPLA-RNAV-000026,template,1.0,same_track,info_only_numeric_variant
EASA-ATPLA-RNAV-000025,EASA-ATPLA-RNAV-000027,template,1.0,same_track,info_only_numeric_variant
EASA-ATPLA-RNAV-000025,EASA-ATPLA-RNAV-000028,template,1.0,same_track,info_only_numeric_variant
EASA-ATPLA-RNAV-000025,EASA-ATPLA-RNAV-000029,template,1.0,same_track,info_only_numeric_variant
EASA-ATPLA-RNAV-000025,EASA-ATPLA-RNAV-000030,template,1.0,same_track,info_only_numeric_variant
EASA-ATPLA-RNAV-000025,EASA-ATPLA-RNAV-000031,template,1.0,same_track,info_only_numeric_variant
EASA-ATPLA-RNAV-000025,EASA-ATPLA-RNAV-000032,template,1.0,same_track,info_only_numeric_variant
EASA-ATPLA-RNAV-000025,EASA-ATPLA-RNAV-000033,template,1.0,same_track,info_only_numeric_variant
EASA-ATPLA-RNAV-000025,EASA-ATPLA-RNAV-000034,template,1.0,same_track,info_only_numeric_variant
EASA-ATPLA-RNAV-000025,EASA-ATPLA-RNAV-000035,template,1.0,same_track,info_only_numeric_variant
EASA-ATPLA-RNAV-000025,EASA-ATPLA-RNAV-000036,template,1.0,same_track,info_only_numeric_variant
EASA-ATPLA-RNAV-000025,EASA-ATPLA-RNAV-000037,template,1.0,same_track,info_only_numeric_variant
EASA-ATPLA-RNAV-000025,EASA-ATPLA-RNAV-000038,template,1.0,same_track,info_only_numeric_variant
EASA-ATPLA-RNAV-000025,EASA-ATPLA-RNAV-000039,template,1.0,same_track,info_only_numeric_variant
EASA-ATPLA-RNAV-000025,EASA-ATPLA-RNAV-000040,template,1.0,same_track,info_only_numeric_variant
EASA-ATPLA-RNAV-000025,EASA-ATPLA-RNAV-000041,template,1.0,same_track,info_only_numeric_variant
EASA-ATPLA-RNAV-000025,EASA-ATPLA-RNAV-000042,template,1.0,same_track,info_only_numeric_variant
EASA-ATPLA-RNAV-000026,EASA-ATPLA-RNAV-000027,template,1.0,same_track,info_only_numeric_variant
EASA-ATPLA-RNAV-000026,EASA-ATPLA-RNAV-000028,template,1.0,same_track,info_only_numeric_variant
EASA-ATPLA-RNAV-000026,EASA-ATPLA-RNAV-000029,template,1.0,same_track,info_only_numeric_variant
EASA-ATPLA-RNAV-000026,EASA-ATPLA-RNAV-000030,template,1.0,same_track,info_only_numeric_variant
EASA-ATPLA-RNAV-000026,EASA-ATPLA-RNAV-000031,template,1.0,same_track,info_only_numeric_variant
EASA-ATPLA-RNAV-000026,EASA-ATPLA-RNAV-000032,template,1.0,same_track,info_only_numeric_variant
EASA-ATPLA-RNAV-000026,EASA-ATPLA-RNAV-000033,template,1.0,same_track,info_only_numeric_variant
EASA-ATPLA-RNAV-000026,EASA-ATPLA-RNAV-000034,template,1.0,same_track,info_only_numeric_variant
EASA-ATPLA-RNAV-000026,EASA-ATPLA-RNAV-000035,template,1.0,same_track,info_only_numeric_variant
EASA-ATPLA-RNAV-000026,EASA-ATPLA-RNAV-000036,template,1.0,same_track,info_only_numeric_variant
EASA-ATPLA-RNAV-000026,EASA-ATPLA-RNAV-000037,template,1.0,same_track,info_only_numeric_variant
EASA-ATPLA-RNAV-000026,EASA-ATPLA-RNAV-000038,template,1.0,same_track,info_only_numeric_variant
EASA-ATPLA-RNAV-000026,EASA-ATPLA-RNAV-000039,template,1.0,same_track,info_only_numeric_variant
EASA-ATPLA-RNAV-000026,EASA-ATPLA-RNAV-000040,template,1.0,same_track,info_only_numeric_variant
EASA-ATPLA-RNAV-000026,EASA-ATPLA-RNAV-000041,template,1.0,same_track,info_only_numeric_variant
EASA-ATPLA-RNAV-000026,EASA-ATPLA-RNAV-000042,template,1.0,same_track,info_only_numeric_variant
EASA-ATPLA-RNAV-000027,EASA-ATPLA-RNAV-000028,template,1.0,same_track,info_only_numeric_variant
EASA-ATPLA-RNAV-000027,EASA-ATPLA-RNAV-000029,template,1.0,same_track,info_only_numeric_variant
EASA-ATPLA-RNAV-000027,EASA-ATPLA-RNAV-000030,template,1.0,same_track,info_only_numeric_variant
EASA-ATPLA-RNAV-000027,EASA-ATPLA-RNAV-000031,template,1.0,same_track,info_only_numeric_variant
EASA-ATPLA-RNAV-000027,EASA-ATPLA-RNAV-000032,template,1.0,same_track,info_only_numeric_variant
EASA-ATPLA-RNAV-000027,EASA-ATPLA-RNAV-000033,template,1.0,same_track,info_only_numeric_variant
EASA-ATPLA-RNAV-000027,EASA-ATPLA-RNAV-000034,template,1.0,same_track,info_only_numeric_variant
EASA-ATPLA-RNAV-000027,EASA-ATPLA-RNAV-000035,template,1.0,same_track,info_only_numeric_variant
EASA-ATPLA-RNAV-000027,EASA-ATPLA-RNAV-000036,template,1.0,same_track,info_only_numeric_variant
EASA-ATPLA-RNAV-000027,EASA-ATPLA-RNAV-000037,template,1.0,same_track,info_only_numeric_variant
EASA-ATPLA-RNAV-000027,EASA-ATPLA-RNAV-000038,template,1.0,same_track,info_only_numeric_variant
EASA-ATPLA-RNAV-000027,EASA-ATPLA-RNAV-000039,template,1.0,same_track,info_only_numeric_variant
EASA-ATPLA-RNAV-000027,EASA-ATPLA-RNAV-000040,template,1.0,same_track,info_only_numeric_variant
EASA-ATPLA-RNAV-000027,EASA-ATPLA-RNAV-000041,template,1.0,same_track,info_only_numeric_variant
EASA-ATPLA-RNAV-000027,EASA-ATPLA-RNAV-000042,template,1.0,same_track,info_only_numeric_variant
EASA-ATPLA-RNAV-000028,EASA-ATPLA-RNAV-000029,template,1.0,same_track,info_only_numeric_variant
EASA-ATPLA-RNAV-000028,EASA-ATPLA-RNAV-000030,template,1.0,same_track,info_only_numeric_variant
EASA-ATPLA-RNAV-000028,EASA-ATPLA-RNAV-000031,template,1.0,same_track,info_only_numeric_variant
EASA-ATPLA-RNAV-000028,EASA-ATPLA-RNAV-000032,template,1.0,same_track,info_only_numeric_variant
EASA-ATPLA-RNAV-000028,EASA-ATPLA-RNAV-000033,template,1.0,same_track,info_only_numeric_variant
EASA-ATPLA-RNAV-000028,EASA-ATPLA-RNAV-000034,template,1.0,same_track,info_only_numeric_variant
EASA-ATPLA-RNAV-000028,EASA-ATPLA-RNAV-000035,template,1.0,same_track,info_only_numeric_variant
EASA-ATPLA-RNAV-000028,EASA-ATPLA-RNAV-000036,template,1.0,same_track,info_only_numeric_variant
EASA-ATPLA-RNAV-000028,EASA-ATPLA-RNAV-000037,template,1.0,same_track,info_only_numeric_variant
EASA-ATPLA-RNAV-000028,EASA-ATPLA-RNAV-000038,template,1.0,same_track,info_only_numeric_variant
EASA-ATPLA-RNAV-000028,EASA-ATPLA-RNAV-000039,template,1.0,same_track,info_only_numeric_variant
EASA-ATPLA-RNAV-000028,EASA-ATPLA-RNAV-000040,template,1.0,same_track,info_only_numeric_variant
EASA-ATPLA-RNAV-000028,EASA-ATPLA-RNAV-000041,template,1.0,same_track,info_only_numeric_variant
EASA-ATPLA-RNAV-000028,EASA-ATPLA-RNAV-000042,template,1.0,same_track,info_only_numeric_variant
EASA-ATPLA-RNAV-000029,EASA-ATPLA-RNAV-000030,template,1.0,same_track,info_only_numeric_variant
EASA-ATPLA-RNAV-000029,EASA-ATPLA-RNAV-000031,template,1.0,same_track,info_only_numeric_variant
EASA-ATPLA-RNAV-000029,EASA-ATPLA-RNAV-000032,template,1.0,same_track,info_only_numeric_variant
EASA-ATPLA-RNAV-000029,EASA-ATPLA-RNAV-000033,template,1.0,same_track,info_only_numeric_variant
EASA-ATPLA-RNAV-000029,EASA-ATPLA-RNAV-000034,template,1.0,same_track,info_only_numeric_variant
EASA-ATPLA-RNAV-000029,EASA-ATPLA-RNAV-000035,template,1.0,same_track,info_only_numeric_variant
EASA-ATPLA-RNAV-000029,EASA-ATPLA-RNAV-000036,template,1.0,same_track,info_only_numeric_variant
EASA-ATPLA-RNAV-000029,EASA-ATPLA-RNAV-000037,template,1.0,same_track,info_only_numeric_variant
EASA-ATPLA-RNAV-000029,EASA-ATPLA-RNAV-000038,template,1.0,same_track,info_only_numeric_variant
EASA-ATPLA-RNAV-000029,EASA-ATPLA-RNAV-000039,template,1.0,same_track,info_only_numeric_variant
EASA-ATPLA-RNAV-000029,EASA-ATPLA-RNAV-000040,template,1.0,same_track,info_only_numeric_variant
EASA-ATPLA-RNAV-000029,EASA-ATPLA-RNAV-000041,template,1.0,same_track,info_only_numeric_variant
EASA-ATPLA-RNAV-000029,EASA-ATPLA-RNAV-000042,template,1.0,same_track,info_only_numeric_variant
EASA-ATPLA-RNAV-000030,EASA-ATPLA-RNAV-000031,template,1.0,same_track,info_only_numeric_variant
EASA-ATPLA-RNAV-000030,EASA-ATPLA-RNAV-000032,template,1.0,same_track,info_only_numeric_variant
EASA-ATPLA-RNAV-000030,EASA-ATPLA-RNAV-000033,template,1.0,same_track,info_only_numeric_variant
EASA-ATPLA-RNAV-000030,EASA-ATPLA-RNAV-000034,template,1.0,same_track,info_only_numeric_variant
EASA-ATPLA-RNAV-000030,EASA-ATPLA-RNAV-000035,template,1.0,same_track,info_only_numeric_variant
EASA-ATPLA-RNAV-000030,EASA-ATPLA-RNAV-000036,template,1.0,same_track,info_only_numeric_variant
EASA-ATPLA-RNAV-000030,EASA-ATPLA-RNAV-000037,template,1.0,same_track,info_only_numeric_variant
EASA-ATPLA-RNAV-000030,EASA-ATPLA-RNAV-000038,template,1.0,same_track,info_only_numeric_variant
EASA-ATPLA-RNAV-000030,EASA-ATPLA-RNAV-000039,template,1.0,same_track,info_only_numeric_variant
EASA-ATPLA-RNAV-000030,EASA-ATPLA-RNAV-000040,template,1.0,same_track,info_only_numeric_variant
EASA-ATPLA-RNAV-000030,EASA-ATPLA-RNAV-000041,template,1.0,same_track,info_only_numeric_variant
EASA-ATPLA-RNAV-000030,EASA-ATPLA-RNAV-000042,template,1.0,same_track,info_only_numeric_variant
EASA-ATPLA-RNAV-000031,EASA-ATPLA-RNAV-000032,template,1.0,same_track,info_only_numeric_variant
EASA-ATPLA-RNAV-000031,EASA-ATPLA-RNAV-000033,template,1.0,same_track,info_only_numeric_variant
EASA-ATPLA-RNAV-000031,EASA-ATPLA-RNAV-000034,template,1.0,same_track,info_only_numeric_variant
EASA-ATPLA-RNAV-000031,EASA-ATPLA-RNAV-000035,template,1.0,same_track,info_only_numeric_variant
EASA-ATPLA-RNAV-000031,EASA-ATPLA-RNAV-000036,template,1.0,same_track,info_only_numeric_variant
EASA-ATPLA-RNAV-000031,EASA-ATPLA-RNAV-000037,template,1.0,same_track,info_only_numeric_variant
EASA-ATPLA-RNAV-000031,EASA-ATPLA-RNAV-000038,template,1.0,same_track,info_only_numeric_variant
EASA-ATPLA-RNAV-000031,EASA-ATPLA-RNAV-000039,template,1.0,same_track,info_only_numeric_variant
EASA-ATPLA-RNAV-000031,EASA-ATPLA-RNAV-000040,template,1.0,same_track,info_only_numeric_variant
EASA-ATPLA-RNAV-000031,EASA-ATPLA-RNAV-000041,template,1.0,same_track,info_only_numeric_variant
EASA-ATPLA-RNAV-000031,EASA-ATPLA-RNAV-000042,template,1.0,same_track,info_only_numeric_variant
EASA-ATPLA-RNAV-000032,EASA-ATPLA-RNAV-000033,template,1.0,same_track,info_only_numeric_variant
EASA-ATPLA-RNAV-000032,EASA-ATPLA-RNAV-000034,template,1.0,same_track,info_only_numeric_variant
EASA-ATPLA-RNAV-000032,EASA-ATPLA-RNAV-000035,template,1.0,same_track,info_only_numeric_variant
EASA-ATPLA-RNAV-000032,EASA-ATPLA-RNAV-000036,template,1.0,same_track,info_only_numeric_variant
EASA-ATPLA-RNAV-000032,EASA-ATPLA-RNAV-000037,template,1.0,same_track,info_only_numeric_variant
EASA-ATPLA-RNAV-000032,EASA-ATPLA-RNAV-000038,template,1.0,same_track,info_only_numeric_variant
EASA-ATPLA-RNAV-000032,EASA-ATPLA-RNAV-000039,template,1.0,same_track,info_only_numeric_variant
EASA-ATPLA-RNAV-000032,EASA-ATPLA-RNAV-000040,template,1.0,same_track,info_only_numeric_variant
EASA-ATPLA-RNAV-000032,EASA-ATPLA-RNAV-000041,template,1.0,same_track,info_only_numeric_variant
EASA-ATPLA-RNAV-000032,EASA-ATPLA-RNAV-000042,template,1.0,same_track,info_only_numeric_variant
EASA-ATPLA-RNAV-000033,EASA-ATPLA-RNAV-000034,template,1.0,same_track,info_only_numeric_variant
EASA-ATPLA-RNAV-000033,EASA-ATPLA-RNAV-000035,template,1.0,same_track,info_only_numeric_variant
EASA-ATPLA-RNAV-000033,EASA-ATPLA-RNAV-000036,template,1.0,same_track,info_only_numeric_variant
EASA-ATPLA-RNAV-000033,EASA-ATPLA-RNAV-000037,template,1.0,same_track,info_only_numeric_variant
EASA-ATPLA-RNAV-000033,EASA-ATPLA-RNAV-000038,template,1.0,same_track,info_only_numeric_variant
EASA-ATPLA-RNAV-000033,EASA-ATPLA-RNAV-000039,template,1.0,same_track,info_only_numeric_variant
EASA-ATPLA-RNAV-000033,EASA-ATPLA-RNAV-000040,template,1.0,same_track,info_only_numeric_variant
EASA-ATPLA-RNAV-000033,EASA-ATPLA-RNAV-000041,template,1.0,same_track,info_only_numeric_variant
EASA-ATPLA-RNAV-000033,EASA-ATPLA-RNAV-000042,template,1.0,same_track,info_only_numeric_variant
EASA-ATPLA-RNAV-000034,EASA-ATPLA-RNAV-000035,template,1.0,same_track,info_only_numeric_variant
EASA-ATPLA-RNAV-000034,EASA-ATPLA-RNAV-000036,template,1.0,same_track,info_only_numeric_variant
EASA-ATPLA-RNAV-000034,EASA-ATPLA-RNAV-000037,template,1.0,same_track,info_only_numeric_variant
EASA-ATPLA-RNAV-000034,EASA-ATPLA-RNAV-000038,template,1.0,same_track,info_only_numeric_variant
EASA-ATPLA-RNAV-000034,EASA-ATPLA-RNAV-000039,template,1.0,same_track,info_only_numeric_variant
EASA-ATPLA-RNAV-000034,EASA-ATPLA-RNAV-000040,template,1.0,same_track,info_only_numeric_variant
EASA-ATPLA-RNAV-000034,EASA-ATPLA-RNAV-000041,template,1.0,same_track,info_only_numeric_variant
EASA-ATPLA-RNAV-000034,EASA-ATPLA-RNAV-000042,template,1.0,same_track,info_only_numeric_variant
EASA-ATPLA-RNAV-000035,EASA-ATPLA-RNAV-000036,template,1.0,same_track,info_only_numeric_variant
EASA-ATPLA-RNAV-000035,EASA-ATPLA-RNAV-000037,template,1.0,same_track,info_only_numeric_variant
EASA-ATPLA-RNAV-000035,EASA-ATPLA-RNAV-000038,template,1.0,same_track,info_only_numeric_variant
EASA-ATPLA-RNAV-000035,EASA-ATPLA-RNAV-000039,template,1.0,same_track,info_only_numeric_variant
EASA-ATPLA-RNAV-000035,EASA-ATPLA-RNAV-000040,template,1.0,same_track,info_only_numeric_variant
EASA-ATPLA-RNAV-000035,EASA-ATPLA-RNAV-000041,template,1.0,same_track,info_only_numeric_variant
EASA-ATPLA-RNAV-000035,EASA-ATPLA-RNAV-000042,template,1.0,same_track,info_only_numeric_variant
EASA-ATPLA-RNAV-000036,EASA-ATPLA-RNAV-000037,template,1.0,same_track,info_only_numeric_variant
EASA-ATPLA-RNAV-000036,EASA-ATPLA-RNAV-000038,template,1.0,same_track,info_only_numeric_variant
EASA-ATPLA-RNAV-000036,EASA-ATPLA-RNAV-000039,template,1.0,same_track,info_only_numeric_variant
EASA-ATPLA-RNAV-000036,EASA-ATPLA-RNAV-000040,template,1.0,same_track,info_only_numeric_variant
EASA-ATPLA-RNAV-000036,EASA-ATPLA-RNAV-000041,template,1.0,same_track,info_only_numeric_variant
EASA-ATPLA-RNAV-000036,EASA-ATPLA-RNAV-000042,template,1.0,same_track,info_only_numeric_variant
EASA-ATPLA-RNAV-000037,EASA-ATPLA-RNAV-000038,template,1.0,same_track,info_only_numeric_variant
EASA-ATPLA-RNAV-000037,EASA-ATPLA-RNAV-000039,template,1.0,same_track,info_only_numeric_variant
EASA-ATPLA-RNAV-000037,EASA-ATPLA-RNAV-000040,template,1.0,same_track,info_only_numeric_variant
EASA-ATPLA-RNAV-000037,EASA-ATPLA-RNAV-000041,template,1.0,same_track,info_only_numeric_variant
EASA-ATPLA-RNAV-000037,EASA-ATPLA-RNAV-000042,template,1.0,same_track,info_only_numeric_variant
EASA-ATPLA-RNAV-000038,EASA-ATPLA-RNAV-000039,template,1.0,same_track,info_only_numeric_variant
EASA-ATPLA-RNAV-000038,EASA-ATPLA-RNAV-000040,template,1.0,same_track,info_only_numeric_variant
EASA-ATPLA-RNAV-000038,EASA-ATPLA-RNAV-000041,template,1.0,same_track,info_only_numeric_variant
EASA-ATPLA-RNAV-000038,EASA-ATPLA-RNAV-000042,template,1.0,same_track,info_only_numeric_variant
EASA-ATPLA-RNAV-000039,EASA-ATPLA-RNAV-000040,template,1.0,same_track,info_only_numeric_variant
EASA-ATPLA-RNAV-000039,EASA-ATPLA-RNAV-000041,template,1.0,same_track,info_only_numeric_variant
EASA-ATPLA-RNAV-000039,EASA-ATPLA-RNAV-000042,template,1.0,same_track,info_only_numeric_variant
EASA-ATPLA-RNAV-000040,EASA-ATPLA-RNAV-000041,template,1.0,same_track,info_only_numeric_variant
EASA-ATPLA-RNAV-000040,EASA-ATPLA-RNAV-000042,template,1.0,same_track,info_only_numeric_variant
EASA-ATPLA-RNAV-000041,EASA-ATPLA-RNAV-000042,template,1.0,same_track,info_only_numeric_variant
EASA-ATPLA-RNAV-000047,EASA-ATPLA-RNAV-000048,template,1.0,same_track,info_only_numeric_variant
EASA-ATPLA-RNAV-000047,EASA-ATPLA-RNAV-000049,template,1.0,same_track,info_only_numeric_variant
EASA-ATPLA-RNAV-000047,EASA-ATPLA-RNAV-000050,template,1.0,same_track,info_only_numeric_variant
EASA-ATPLA-RNAV-000047,EASA-ATPLA-RNAV-000051,template,1.0,same_track,info_only_numeric_variant
EASA-ATPLA-RNAV-000047,EASA-ATPLA-RNAV-000052,template,1.0,same_track,info_only_numeric_variant
EASA-ATPLA-RNAV-000047,EASA-ATPLA-RNAV-000053,template,1.0,same_track,info_only_numeric_variant
EASA-ATPLA-RNAV-000047,EASA-ATPLA-RNAV-000054,template,1.0,same_track,info_only_numeric_variant
EASA-ATPLA-RNAV-000047,EASA-ATPLA-RNAV-000055,template,1.0,same_track,info_only_numeric_variant
EASA-ATPLA-RNAV-000047,EASA-ATPLA-RNAV-000056,template,1.0,same_track,info_only_numeric_variant
EASA-ATPLA-RNAV-000047,EASA-ATPLA-RNAV-000043,template,1.0,same_track,info_only_numeric_variant
EASA-ATPLA-RNAV-000047,EASA-ATPLA-RNAV-000044,template,1.0,same_track,info_only_numeric_variant
EASA-ATPLA-RNAV-000047,EASA-ATPLA-RNAV-000045,template,1.0,same_track,info_only_numeric_variant
EASA-ATPLA-RNAV-000047,EASA-ATPLA-RNAV-000046,template,1.0,same_track,info_only_numeric_variant
EASA-ATPLA-RNAV-000048,EASA-ATPLA-RNAV-000049,template,1.0,same_track,info_only_numeric_variant
EASA-ATPLA-RNAV-000048,EASA-ATPLA-RNAV-000050,template,1.0,same_track,info_only_numeric_variant
EASA-ATPLA-RNAV-000048,EASA-ATPLA-RNAV-000051,template,1.0,same_track,info_only_numeric_variant
EASA-ATPLA-RNAV-000048,EASA-ATPLA-RNAV-000052,template,1.0,same_track,info_only_numeric_variant
EASA-ATPLA-RNAV-000048,EASA-ATPLA-RNAV-000053,template,1.0,same_track,info_only_numeric_variant
EASA-ATPLA-RNAV-000048,EASA-ATPLA-RNAV-000054,template,1.0,same_track,info_only_numeric_variant
EASA-ATPLA-RNAV-000048,EASA-ATPLA-RNAV-000055,template,1.0,same_track,info_only_numeric_variant
EASA-ATPLA-RNAV-000048,EASA-ATPLA-RNAV-000056,template,1.0,same_track,info_only_numeric_variant
EASA-ATPLA-RNAV-000048,EASA-ATPLA-RNAV-000043,template,1.0,same_track,info_only_numeric_variant
EASA-ATPLA-RNAV-000048,EASA-ATPLA-RNAV-000044,template,1.0,same_track,info_only_numeric_variant
EASA-ATPLA-RNAV-000048,EASA-ATPLA-RNAV-000045,template,1.0,same_track,info_only_numeric_variant
EASA-ATPLA-RNAV-000048,EASA-ATPLA-RNAV-000046,template,1.0,same_track,info_only_numeric_variant
EASA-ATPLA-RNAV-000049,EASA-ATPLA-RNAV-000050,template,1.0,same_track,info_only_numeric_variant
EASA-ATPLA-RNAV-000049,EASA-ATPLA-RNAV-000051,template,1.0,same_track,info_only_numeric_variant
EASA-ATPLA-RNAV-000049,EASA-ATPLA-RNAV-000052,template,1.0,same_track,info_only_numeric_variant
EASA-ATPLA-RNAV-000049,EASA-ATPLA-RNAV-000053,template,1.0,same_track,info_only_numeric_variant
EASA-ATPLA-RNAV-000049,EASA-ATPLA-RNAV-000054,template,1.0,same_track,info_only_numeric_variant
EASA-ATPLA-RNAV-000049,EASA-ATPLA-RNAV-000055,template,1.0,same_track,info_only_numeric_variant
EASA-ATPLA-RNAV-000049,EASA-ATPLA-RNAV-000056,template,1.0,same_track,info_only_numeric_variant
EASA-ATPLA-RNAV-000049,EASA-ATPLA-RNAV-000043,template,1.0,same_track,info_only_numeric_variant
EASA-ATPLA-RNAV-000049,EASA-ATPLA-RNAV-000044,template,1.0,same_track,info_only_numeric_variant
EASA-ATPLA-RNAV-000049,EASA-ATPLA-RNAV-000045,template,1.0,same_track,info_only_numeric_variant
EASA-ATPLA-RNAV-000049,EASA-ATPLA-RNAV-000046,template,1.0,same_track,info_only_numeric_variant
EASA-ATPLA-RNAV-000050,EASA-ATPLA-RNAV-000051,template,1.0,same_track,info_only_numeric_variant
EASA-ATPLA-RNAV-000050,EASA-ATPLA-RNAV-000052,template,1.0,same_track,info_only_numeric_variant
EASA-ATPLA-RNAV-000050,EASA-ATPLA-RNAV-000053,template,1.0,same_track,info_only_numeric_variant
EASA-ATPLA-RNAV-000050,EASA-ATPLA-RNAV-000054,template,1.0,same_track,info_only_numeric_variant
EASA-ATPLA-RNAV-000050,EASA-ATPLA-RNAV-000055,template,1.0,same_track,info_only_numeric_variant
EASA-ATPLA-RNAV-000050,EASA-ATPLA-RNAV-000056,template,1.0,same_track,info_only_numeric_variant
EASA-ATPLA-RNAV-000050,EASA-ATPLA-RNAV-000043,template,1.0,same_track,info_only_numeric_variant
EASA-ATPLA-RNAV-000050,EASA-ATPLA-RNAV-000044,template,1.0,same_track,info_only_numeric_variant
EASA-ATPLA-RNAV-000050,EASA-ATPLA-RNAV-000045,template,1.0,same_track,info_only_numeric_variant
EASA-ATPLA-RNAV-000050,EASA-ATPLA-RNAV-000046,template,1.0,same_track,info_only_numeric_variant
EASA-ATPLA-RNAV-000051,EASA-ATPLA-RNAV-000052,template,1.0,same_track,info_only_numeric_variant
EASA-ATPLA-RNAV-000051,EASA-ATPLA-RNAV-000053,template,1.0,same_track,info_only_numeric_variant
EASA-ATPLA-RNAV-000051,EASA-ATPLA-RNAV-000054,template,1.0,same_track,info_only_numeric_variant
EASA-ATPLA-RNAV-000051,EASA-ATPLA-RNAV-000055,template,1.0,same_track,info_only_numeric_variant
EASA-ATPLA-RNAV-000051,EASA-ATPLA-RNAV-000056,template,1.0,same_track,info_only_numeric_variant
EASA-ATPLA-RNAV-000051,EASA-ATPLA-RNAV-000043,template,1.0,same_track,info_only_numeric_variant
EASA-ATPLA-RNAV-000051,EASA-ATPLA-RNAV-000044,template,1.0,same_track,info_only_numeric_variant
EASA-ATPLA-RNAV-000051,EASA-ATPLA-RNAV-000045,template,1.0,same_track,info_only_numeric_variant
EASA-ATPLA-RNAV-000051,EASA-ATPLA-RNAV-000046,template,1.0,same_track,info_only_numeric_variant
EASA-ATPLA-RNAV-000052,EASA-ATPLA-RNAV-000053,template,1.0,same_track,info_only_numeric_variant
EASA-ATPLA-RNAV-000052,EASA-ATPLA-RNAV-000054,template,1.0,same_track,info_only_numeric_variant
EASA-ATPLA-RNAV-000052,EASA-ATPLA-RNAV-000055,template,1.0,same_track,info_only_numeric_variant
EASA-ATPLA-RNAV-000052,EASA-ATPLA-RNAV-000056,template,1.0,same_track,info_only_numeric_variant
EASA-ATPLA-RNAV-000052,EASA-ATPLA-RNAV-000043,template,1.0,same_track,info_only_numeric_variant
EASA-ATPLA-RNAV-000052,EASA-ATPLA-RNAV-000044,template,1.0,same_track,info_only_numeric_variant
EASA-ATPLA-RNAV-000052,EASA-ATPLA-RNAV-000045,template,1.0,same_track,info_only_numeric_variant
EASA-ATPLA-RNAV-000052,EASA-ATPLA-RNAV-000046,template,1.0,same_track,info_only_numeric_variant
EASA-ATPLA-RNAV-000053,EASA-ATPLA-RNAV-000054,template,1.0,same_track,info_only_numeric_variant
EASA-ATPLA-RNAV-000053,EASA-ATPLA-RNAV-000055,template,1.0,same_track,info_only_numeric_variant
EASA-ATPLA-RNAV-000053,EASA-ATPLA-RNAV-000056,template,1.0,same_track,info_only_numeric_variant
EASA-ATPLA-RNAV-000053,EASA-ATPLA-RNAV-000043,template,1.0,same_track,info_only_numeric_variant
EASA-ATPLA-RNAV-000053,EASA-ATPLA-RNAV-000044,template,1.0,same_track,info_only_numeric_variant
EASA-ATPLA-RNAV-000053,EASA-ATPLA-RNAV-000045,template,1.0,same_track,info_only_numeric_variant
EASA-ATPLA-RNAV-000053,EASA-ATPLA-RNAV-000046,template,1.0,same_track,info_only_numeric_variant
EASA-ATPLA-RNAV-000054,EASA-ATPLA-RNAV-000055,template,1.0,same_track,info_only_numeric_variant
EASA-ATPLA-RNAV-000054,EASA-ATPLA-RNAV-000056,template,1.0,same_track,info_only_numeric_variant
EASA-ATPLA-RNAV-000054,EASA-ATPLA-RNAV-000043,template,1.0,same_track,info_only_numeric_variant
EASA-ATPLA-RNAV-000054,EASA-ATPLA-RNAV-000044,template,1.0,same_track,info_only_numeric_variant
EASA-ATPLA-RNAV-000054,EASA-ATPLA-RNAV-000045,template,1.0,same_track,info_only_numeric_variant
EASA-ATPLA-RNAV-000054,EASA-ATPLA-RNAV-000046,template,1.0,same_track,info_only_numeric_variant
EASA-ATPLA-RNAV-000055,EASA-ATPLA-RNAV-000056,template,1.0,same_track,info_only_numeric_variant
EASA-ATPLA-RNAV-000055,EASA-ATPLA-RNAV-000043,template,1.0,same_track,info_only_numeric_variant
EASA-ATPLA-RNAV-000055,EASA-ATPLA-RNAV-000044,template,1.0,same_track,info_only_numeric_variant
EASA-ATPLA-RNAV-000055,EASA-ATPLA-RNAV-000045,template,1.0,same_track,info_only_numeric_variant
EASA-ATPLA-RNAV-000055,EASA-ATPLA-RNAV-000046,template,1.0,same_track,info_only_numeric_variant
EASA-ATPLA-RNAV-000056,EASA-ATPLA-RNAV-000043,template,1.0,same_track,info_only_numeric_variant
EASA-ATPLA-RNAV-000056,EASA-ATPLA-RNAV-000044,template,1.0,same_track,info_only_numeric_variant
EASA-ATPLA-RNAV-000056,EASA-ATPLA-RNAV-000045,template,1.0,same_track,info_only_numeric_variant
EASA-ATPLA-RNAV-000056,EASA-ATPLA-RNAV-000046,template,1.0,same_track,info_only_numeric_variant
EASA-ATPLA-RNAV-000057,EASA-ATPLA-RNAV-000059,template,1.0,same_track,info_only_numeric_variant
EASA-ATPLA-RNAV-000057,EASA-ATPLA-RNAV-000061,template,1.0,same_track,info_only_numeric_variant
EASA-ATPLA-RNAV-000057,EASA-ATPLA-RNAV-000063,template,1.0,same_track,info_only_numeric_variant
EASA-ATPLA-RNAV-000057,EASA-ATPLA-RNAV-000066,template,1.0,same_track,info_only_numeric_variant
EASA-ATPLA-RNAV-000057,EASA-ATPLA-RNAV-000067,template,1.0,same_track,info_only_numeric_variant
EASA-ATPLA-RNAV-000057,EASA-ATPLA-RNAV-000068,template,1.0,same_track,info_only_numeric_variant
EASA-ATPLA-RNAV-000057,EASA-ATPLA-RNAV-000070,template,1.0,same_track,info_only_numeric_variant
EASA-ATPLA-RNAV-000057,EASA-ATPLA-RNAV-000072,template,1.0,same_track,info_only_numeric_variant
EASA-ATPLA-RNAV-000058,EASA-ATPLA-RNAV-000060,template,1.0,same_track,info_only_numeric_variant
EASA-ATPLA-RNAV-000058,EASA-ATPLA-RNAV-000062,template,1.0,same_track,info_only_numeric_variant
EASA-ATPLA-RNAV-000058,EASA-ATPLA-RNAV-000064,template,1.0,same_track,info_only_numeric_variant
EASA-ATPLA-RNAV-000058,EASA-ATPLA-RNAV-000065,template,1.0,same_track,info_only_numeric_variant
EASA-ATPLA-RNAV-000058,EASA-ATPLA-RNAV-000069,template,1.0,same_track,info_only_numeric_variant
EASA-ATPLA-RNAV-000058,EASA-ATPLA-RNAV-000071,template,1.0,same_track,info_only_numeric_variant
EASA-ATPLA-RNAV-000059,EASA-ATPLA-RNAV-000061,template,1.0,same_track,info_only_numeric_variant
EASA-ATPLA-RNAV-000059,EASA-ATPLA-RNAV-000063,template,1.0,same_track,info_only_numeric_variant
EASA-ATPLA-RNAV-000059,EASA-ATPLA-RNAV-000066,template,1.0,same_track,info_only_numeric_variant
EASA-ATPLA-RNAV-000059,EASA-ATPLA-RNAV-000067,template,1.0,same_track,info_only_numeric_variant
EASA-ATPLA-RNAV-000059,EASA-ATPLA-RNAV-000068,template,1.0,same_track,info_only_numeric_variant
EASA-ATPLA-RNAV-000059,EASA-ATPLA-RNAV-000070,template,1.0,same_track,info_only_numeric_variant
EASA-ATPLA-RNAV-000059,EASA-ATPLA-RNAV-000072,template,1.0,same_track,info_only_numeric_variant
EASA-ATPLA-RNAV-000060,EASA-ATPLA-RNAV-000062,template,1.0,same_track,info_only_numeric_variant
EASA-ATPLA-RNAV-000060,EASA-ATPLA-RNAV-000064,template,1.0,same_track,info_only_numeric_variant
EASA-ATPLA-RNAV-000060,EASA-ATPLA-RNAV-000065,template,1.0,same_track,info_only_numeric_variant
EASA-ATPLA-RNAV-000060,EASA-ATPLA-RNAV-000069,template,1.0,same_track,info_only_numeric_variant
EASA-ATPLA-RNAV-000060,EASA-ATPLA-RNAV-000071,template,1.0,same_track,info_only_numeric_variant
EASA-ATPLA-RNAV-000061,EASA-ATPLA-RNAV-000063,template,1.0,same_track,info_only_numeric_variant
EASA-ATPLA-RNAV-000061,EASA-ATPLA-RNAV-000066,template,1.0,same_track,info_only_numeric_variant
EASA-ATPLA-RNAV-000061,EASA-ATPLA-RNAV-000067,template,1.0,same_track,info_only_numeric_variant
EASA-ATPLA-RNAV-000061,EASA-ATPLA-RNAV-000068,template,1.0,same_track,info_only_numeric_variant
EASA-ATPLA-RNAV-000061,EASA-ATPLA-RNAV-000070,template,1.0,same_track,info_only_numeric_variant
EASA-ATPLA-RNAV-000061,EASA-ATPLA-RNAV-000072,template,1.0,same_track,info_only_numeric_variant
EASA-ATPLA-RNAV-000062,EASA-ATPLA-RNAV-000064,template,1.0,same_track,info_only_numeric_variant
EASA-ATPLA-RNAV-000062,EASA-ATPLA-RNAV-000065,template,1.0,same_track,info_only_numeric_variant
EASA-ATPLA-RNAV-000062,EASA-ATPLA-RNAV-000069,template,1.0,same_track,info_only_numeric_variant
EASA-ATPLA-RNAV-000062,EASA-ATPLA-RNAV-000071,template,1.0,same_track,info_only_numeric_variant
EASA-ATPLA-RNAV-000063,EASA-ATPLA-RNAV-000066,template,1.0,same_track,info_only_numeric_variant
EASA-ATPLA-RNAV-000063,EASA-ATPLA-RNAV-000067,template,1.0,same_track,info_only_numeric_variant
EASA-ATPLA-RNAV-000063,EASA-ATPLA-RNAV-000068,template,1.0,same_track,info_only_numeric_variant
EASA-ATPLA-RNAV-000063,EASA-ATPLA-RNAV-000070,template,1.0,same_track,info_only_numeric_variant
EASA-ATPLA-RNAV-000063,EASA-ATPLA-RNAV-000072,template,1.0,same_track,info_only_numeric_variant
EASA-ATPLA-RNAV-000064,EASA-ATPLA-RNAV-000065,template,1.0,same_track,info_only_numeric_variant
EASA-ATPLA-RNAV-000064,EASA-ATPLA-RNAV-000069,template,1.0,same_track,info_only_numeric_variant
EASA-ATPLA-RNAV-000064,EASA-ATPLA-RNAV-000071,template,1.0,same_track,info_only_numeric_variant
EASA-ATPLA-RNAV-000065,EASA-ATPLA-RNAV-000069,template,1.0,same_track,info_only_numeric_variant
EASA-ATPLA-RNAV-000065,EASA-ATPLA-RNAV-000071,template,1.0,same_track,info_only_numeric_variant
EASA-ATPLA-RNAV-000066,EASA-ATPLA-RNAV-000067,template,1.0,same_track,info_only_numeric_variant
EASA-ATPLA-RNAV-000066,EASA-ATPLA-RNAV-000068,template,1.0,same_track,info_only_numeric_variant
EASA-ATPLA-RNAV-000066,EASA-ATPLA-RNAV-000070,template,1.0,same_track,info_only_numeric_variant
EASA-ATPLA-RNAV-000066,EASA-ATPLA-RNAV-000072,template,1.0,same_track,info_only_numeric_variant
EASA-ATPLA-RNAV-000067,EASA-ATPLA-RNAV-000068,template,1.0,same_track,info_only_numeric_variant
EASA-ATPLA-RNAV-000067,EASA-ATPLA-RNAV-000070,template,1.0,same_track,info_only_numeric_variant
EASA-ATPLA-RNAV-000067,EASA-ATPLA-RNAV-000072,template,1.0,same_track,info_only_numeric_variant
EASA-ATPLA-RNAV-000068,EASA-ATPLA-RNAV-000070,template,1.0,same_track,info_only_numeric_variant
EASA-ATPLA-RNAV-000068,EASA-ATPLA-RNAV-000072,template,1.0,same_track,info_only_numeric_variant
EASA-ATPLA-RNAV-000069,EASA-ATPLA-RNAV-000071,template,1.0,same_track,info_only_numeric_variant
EASA-ATPLA-RNAV-000070,EASA-ATPLA-RNAV-000072,template,1.0,same_track,info_only_numeric_variant
EASA-ATPLA-RNAV-000043,EASA-ATPLA-RNAV-000044,template,1.0,same_track,info_only_numeric_variant
EASA-ATPLA-RNAV-000043,EASA-ATPLA-RNAV-000045,template,1.0,same_track,info_only_numeric_variant
EASA-ATPLA-RNAV-000043,EASA-ATPLA-RNAV-000046,template,1.0,same_track,info_only_numeric_variant
EASA-ATPLA-RNAV-000044,EASA-ATPLA-RNAV-000045,template,1.0,same_track,info_only_numeric_variant
EASA-ATPLA-RNAV-000044,EASA-ATPLA-RNAV-000046,template,1.0,same_track,info_only_numeric_variant
EASA-ATPLA-RNAV-000045,EASA-ATPLA-RNAV-000046,template,1.0,same_track,info_only_numeric_variant
FAA-PAR-PPM-000448,FAA-PAR-PPM-000452,char,0.904,same_track,distinct
TC-GPL-AL-000001,TC-RPPPPLA-AL-000008,char,0.907,cross_licence,distinct
TC-GPL-REG-000010,TC-RPPPPLA-AL-000017,stem,1.0,cross_licence,distinct
TC-GPL-REG-000016,TC-RPPPPLA-AL-000003,exact,1.0,cross_licence,distinct
TC-GPL-REG-000016,TC-ULPP-REG-000010,exact,1.0,cross_licence,distinct
TC-RPPPPLA-AL-000003,TC-ULPP-REG-000010,exact,1.0,cross_licence,distinct
TC-RPPPPLA-AL-000013,TC-ULPP-REG-000006,exact,1.0,cross_licence,distinct
FAA-PAR-PERF-000044,FAA-PRH-PERF-000034,exact,1.0,cross_licence,distinct
