question_id,authority,track_id,regulatory_status,regulation_provision,regulation_reference,issues
EASA-PPLA-AL-000001,EASA,EASA:PPL(A),current_pending_second_review,SERA.3210(c)(2),"Commission Implementing Regulation (EU) No 923/2012 (SERA), Subpart D, Section 3, right-of-way rules for converging aircraft — exact SERA.32xx paragraph number not independently re-verified this session; mirrors ICAO Annex 2 §3.2.",status current_pending_second_review
EASA-PPLA-AL-000002,EASA,EASA:PPL(A),current_pending_second_review,SERA.3210(c)(1),"Commission Implementing Regulation (EU) No 923/2012 (SERA), right-of-way — approaching head-on provision; exact paragraph number not independently re-verified this session; mirrors ICAO Annex 2 §3.2.",status current_pending_second_review
EASA-PPLA-AL-000003,EASA,EASA:PPL(A),current_pending_second_review,SERA.3210(c)(3),"Commission Implementing Regulation (EU) No 923/2012 (SERA), right-of-way — overtaking provision; exact paragraph number not independently re-verified this session; mirrors ICAO Annex 2 §3.2.",status current_pending_second_review
EASA-PPLA-AL-000004,EASA,EASA:PPL(A),current_pending_second_review,SERA.3210(c)(2)(i)-(iii),"Commission Implementing Regulation (EU) No 923/2012 (SERA), right-of-way hierarchy by category of aircraft; exact paragraph number not independently re-verified this session; mirrors ICAO Annex 2 §3.2.",status current_pending_second_review
EASA-PPLA-AL-000005,EASA,EASA:PPL(A),current_pending_second_review,SERA.6001(a)(1),"ICAO Annex 11, Appendix 4 airspace classification table, as implemented in the EU via Commission Implementing Regulation (EU) No 923/2012 (SERA), Appendix 4; exact SERA article number not independently re-verified this session.",status current_pending_second_review
EASA-PPLA-AL-000007,EASA,EASA:PPL(A),current_pending_second_review,"Reg. (EU) 923/2012 Art. 2, definition of 'night'","Regulation (EU) No 1178/2011, Part-FCL, Annex I, Definitions — definition of 'night'; exact definitions-list numbering not independently re-verified this session.",status current_pending_second_review
EASA-PPLA-AL-000008,EASA,EASA:PPL(A),current_pending_second_review,SERA.5005; SERA Appendix 3 (table of cruising levels),"Commission Implementing Regulation (EU) No 923/2012 (SERA), cruising levels (semi-circular rule); exact SERA.5005 sub-paragraph not independently re-verified this session.",status current_pending_second_review
EASA-PPLA-AL-000009,EASA,EASA:PPL(A),current_pending_second_review,"SERA.5001, Table S5-1","SERA.5001, Table S5-1 - EASA Easy Access Rules for Standardised European Rules of the Air (SERA), Regulation (EU) No 923/2012 consolidated (EAR SERA, revision August 2025)",status current_pending_second_review
EASA-PPLA-AL-000010,EASA,EASA:PPL(A),current_pending_second_review,"SERA.5001, Table S5-1","SERA.5001, Table S5-1 - EASA Easy Access Rules for Standardised European Rules of the Air (SERA), Regulation (EU) No 923/2012 consolidated (EAR SERA, revision August 2025)",status current_pending_second_review
EASA-PPLA-AL-000011,EASA,EASA:PPL(A),current_pending_second_review,"SERA.5001, Table S5-1","SERA.5001, Table S5-1 - EASA Easy Access Rules for Standardised European Rules of the Air (SERA), Regulation (EU) No 923/2012 consolidated (EAR SERA, revision August 2025)",status current_pending_second_review
EASA-PPLA-AL-000012,EASA,EASA:PPL(A),current_pending_second_review,SERA.5005(f)(1),"SERA.5005(f)(1) - EASA Easy Access Rules for Standardised European Rules of the Air (SERA), Regulation (EU) No 923/2012 consolidated (EAR SERA, revision August 2025)",status current_pending_second_review
EASA-PPLA-AL-000013,EASA,EASA:PPL(A),current_pending_second_review,SERA.5005(f)(2),"SERA.5005(f)(2) - EASA Easy Access Rules for Standardised European Rules of the Air (SERA), Regulation (EU) No 923/2012 consolidated (EAR SERA, revision August 2025)",status current_pending_second_review
EASA-PPLA-AL-000014,EASA,EASA:PPL(A),current_pending_second_review,SERA.5005(b),"SERA.5005(b) - EASA Easy Access Rules for Standardised European Rules of the Air (SERA), Regulation (EU) No 923/2012 consolidated (EAR SERA, revision August 2025)",status current_pending_second_review
EASA-PPLA-AL-000015,EASA,EASA:PPL(A),current_pending_second_review,SERA.5010(b),"SERA.5010(b) - EASA Easy Access Rules for Standardised European Rules of the Air (SERA), Regulation (EU) No 923/2012 consolidated (EAR SERA, revision August 2025)",status current_pending_second_review
EASA-PPLA-AL-000016,EASA,EASA:PPL(A),current_pending_second_review,SERA.5010(c),"SERA.5010(c) - EASA Easy Access Rules for Standardised European Rules of the Air (SERA), Regulation (EU) No 923/2012 consolidated (EAR SERA, revision August 2025)",status current_pending_second_review
EASA-PPLA-AL-000017,EASA,EASA:PPL(A),current_pending_second_review,SERA.6001(a)(4),"SERA.6001(a)(4) - EASA Easy Access Rules for Standardised European Rules of the Air (SERA), Regulation (EU) No 923/2012 consolidated (EAR SERA, revision August 2025)",status current_pending_second_review
EASA-PPLA-AL-000018,EASA,EASA:PPL(A),current_pending_second_review,SERA.6001(a)(5),"SERA.6001(a)(5) - EASA Easy Access Rules for Standardised European Rules of the Air (SERA), Regulation (EU) No 923/2012 consolidated (EAR SERA, revision August 2025)",status current_pending_second_review
EASA-PPLA-AL-000019,EASA,EASA:PPL(A),current_pending_second_review,SERA.4001(b)(5),"SERA.4001(b)(5) - EASA Easy Access Rules for Standardised European Rules of the Air (SERA), Regulation (EU) No 923/2012 consolidated (EAR SERA, revision August 2025)",status current_pending_second_review
EASA-PPLA-AL-000020,EASA,EASA:PPL(A),current_pending_second_review,SERA.3210(c)(4)(i),"SERA.3210(c)(4)(i) - EASA Easy Access Rules for Standardised European Rules of the Air (SERA), Regulation (EU) No 923/2012 consolidated (EAR SERA, revision August 2025)",status current_pending_second_review
EASA-PPLA-AL-000021,EASA,EASA:PPL(A),current_pending_second_review,SERA.3210(d)(1)(i),"SERA.3210(d)(1)(i) - EASA Easy Access Rules for Standardised European Rules of the Air (SERA), Regulation (EU) No 923/2012 consolidated (EAR SERA, revision August 2025)",status current_pending_second_review
EASA-PPLA-AL-000022,EASA,EASA:PPL(A),current_pending_second_review,"SERA Appendix 1, 3.1.1, Table AP 1-1","SERA Appendix 1, 3.1.1, Table AP 1-1 - EASA Easy Access Rules for Standardised European Rules of the Air (SERA), Regulation (EU) No 923/2012 consolidated (EAR SERA, revision August 2025)",status current_pending_second_review
EASA-PPLA-AL-000023,EASA,EASA:PPL(A),current_pending_second_review,"SERA Appendix 1, 3.1.1, Table AP 1-1","SERA Appendix 1, 3.1.1, Table AP 1-1 - EASA Easy Access Rules for Standardised European Rules of the Air (SERA), Regulation (EU) No 923/2012 consolidated (EAR SERA, revision August 2025)",status current_pending_second_review
EASA-PPLA-AL-000024,EASA,EASA:PPL(A),current_pending_second_review,"SERA Appendix 1, 3.1.1, Table AP 1-1","SERA Appendix 1, 3.1.1, Table AP 1-1 - EASA Easy Access Rules for Standardised European Rules of the Air (SERA), Regulation (EU) No 923/2012 consolidated (EAR SERA, revision August 2025)",status current_pending_second_review
EASA-PPLA-AL-000025,EASA,EASA:PPL(A),current_pending_second_review,SERA.13005(a)(3),"SERA.13005(a)(3) - EASA Easy Access Rules for Standardised European Rules of the Air (SERA), Regulation (EU) No 923/2012 consolidated (EAR SERA, revision August 2025)",status current_pending_second_review
EASA-PPLA-AL-000026,EASA,EASA:PPL(A),current_pending_second_review,SERA.13005(b)(3),"SERA.13005(b)(3) - EASA Easy Access Rules for Standardised European Rules of the Air (SERA), Regulation (EU) No 923/2012 consolidated (EAR SERA, revision August 2025)",status current_pending_second_review
EASA-PPLA-AL-000027,EASA,EASA:PPL(A),current_pending_second_review,FCL.205.A(a),"FCL.205.A(a) - EASA Easy Access Rules for Aircrew, Regulation (EU) No 1178/2011 (Part-FCL, Part-MED) (EAR Aircrew, revision November 2025)",status current_pending_second_review
EASA-PPLA-AL-000028,EASA,EASA:PPL(A),current_pending_second_review,FCL.060(b)(1),"FCL.060(b)(1) - EASA Easy Access Rules for Aircrew, Regulation (EU) No 1178/2011 (Part-FCL, Part-MED) (EAR Aircrew, revision November 2025)",status current_pending_second_review
EASA-PPLA-AL-000029,EASA,EASA:PPL(A),current_pending_second_review,FCL.740.A(b)(1)(ii),"FCL.740.A(b)(1)(ii) - EASA Easy Access Rules for Aircrew, Regulation (EU) No 1178/2011 (Part-FCL, Part-MED) (EAR Aircrew, revision November 2025)",status current_pending_second_review
EASA-PPLA-AL-000030,EASA,EASA:PPL(A),current_pending_second_review,FCL.740(a)(1),"FCL.740(a)(1) - EASA Easy Access Rules for Aircrew, Regulation (EU) No 1178/2011 (Part-FCL, Part-MED) (EAR Aircrew, revision November 2025)",status current_pending_second_review
EASA-PPLA-AL-000031,EASA,EASA:PPL(A),current_pending_second_review,FCL.210.A(a),"FCL.210.A(a) - EASA Easy Access Rules for Aircrew, Regulation (EU) No 1178/2011 (Part-FCL, Part-MED) (EAR Aircrew, revision November 2025)",status current_pending_second_review
EASA-PPLA-AL-000032,EASA,EASA:PPL(A),current_pending_second_review,MED.A.030(c)(2),"MED.A.030(c)(2) - EASA Easy Access Rules for Aircrew, Regulation (EU) No 1178/2011 (Part-FCL, Part-MED) (EAR Aircrew, revision November 2025)",status current_pending_second_review
EASA-PPLA-AL-000033,EASA,EASA:PPL(A),current_pending_second_review,MED.A.045(a)(3)(i),"MED.A.045(a)(3)(i) - EASA Easy Access Rules for Aircrew, Regulation (EU) No 1178/2011 (Part-FCL, Part-MED) (EAR Aircrew, revision November 2025)",status current_pending_second_review
EASA-PPLA-COM-000001,EASA,EASA:PPL(A),current_pending_second_review,SERA.14070(c),"SERA.14070(c) - EASA Easy Access Rules for Standardised European Rules of the Air (SERA), Regulation (EU) No 923/2012 consolidated (EAR SERA, revision August 2025)",status current_pending_second_review
EASA-PPLA-COM-000002,EASA,EASA:PPL(A),current_pending_second_review,"SERA.14045(b), Table S14-4","SERA.14045(b), Table S14-4 - EASA Easy Access Rules for Standardised European Rules of the Air (SERA), Regulation (EU) No 923/2012 consolidated (EAR SERA, revision August 2025)",status current_pending_second_review
EASA-PPLA-COM-000003,EASA,EASA:PPL(A),current_pending_second_review,"SERA.14045(b), Table S14-4","SERA.14045(b), Table S14-4 - EASA Easy Access Rules for Standardised European Rules of the Air (SERA), Regulation (EU) No 923/2012 consolidated (EAR SERA, revision August 2025)",status current_pending_second_review
EASA-PPLA-COM-000004,EASA,EASA:PPL(A),current_pending_second_review,"SERA.14045(b), Table S14-4","SERA.14045(b), Table S14-4 - EASA Easy Access Rules for Standardised European Rules of the Air (SERA), Regulation (EU) No 923/2012 consolidated (EAR SERA, revision August 2025)",status current_pending_second_review
EASA-PPLA-COM-000005,EASA,EASA:PPL(A),current_pending_second_review,"SERA.14045(b), Table S14-4","SERA.14045(b), Table S14-4 - EASA Easy Access Rules for Standardised European Rules of the Air (SERA), Regulation (EU) No 923/2012 consolidated (EAR SERA, revision August 2025)",status current_pending_second_review
EASA-PPLA-COM-000006,EASA,EASA:PPL(A),current_pending_second_review,"SERA.14045(b), Table S14-4","SERA.14045(b), Table S14-4 - EASA Easy Access Rules for Standardised European Rules of the Air (SERA), Regulation (EU) No 923/2012 consolidated (EAR SERA, revision August 2025)",status current_pending_second_review
EASA-PPLA-COM-000007,EASA,EASA:PPL(A),current_pending_second_review,"SERA.14045(b), Table S14-4","SERA.14045(b), Table S14-4 - EASA Easy Access Rules for Standardised European Rules of the Air (SERA), Regulation (EU) No 923/2012 consolidated (EAR SERA, revision August 2025)",status current_pending_second_review
EASA-PPLA-COM-000008,EASA,EASA:PPL(A),current_pending_second_review,SERA.8015(e)(1)(iii),"SERA.8015(e)(1)(iii) - EASA Easy Access Rules for Standardised European Rules of the Air (SERA), Regulation (EU) No 923/2012 consolidated (EAR SERA, revision August 2025)",status current_pending_second_review
EASA-PPLA-COM-000009,EASA,EASA:PPL(A),current_pending_second_review,SERA.8015(e)(1)(ii); SERA.14055(c)(2),"SERA.8015(e)(1)(ii); SERA.14055(c)(2) - EASA Easy Access Rules for Standardised European Rules of the Air (SERA), Regulation (EU) No 923/2012 consolidated (EAR SERA, revision August 2025)",status current_pending_second_review
EASA-PPLA-COM-000010,EASA,EASA:PPL(A),current_pending_second_review,SERA.14055(c)(1),"SERA.14055(c)(1) - EASA Easy Access Rules for Standardised European Rules of the Air (SERA), Regulation (EU) No 923/2012 consolidated (EAR SERA, revision August 2025)",status current_pending_second_review
EASA-PPLA-COM-000011,EASA,EASA:PPL(A),current_pending_second_review,SERA.14050(b)(1),"SERA.14050(b)(1) - EASA Easy Access Rules for Standardised European Rules of the Air (SERA), Regulation (EU) No 923/2012 consolidated (EAR SERA, revision August 2025)",status current_pending_second_review
EASA-PPLA-COM-000012,EASA,EASA:PPL(A),current_pending_second_review,SERA.14055(b)(1),"SERA.14055(b)(1) - EASA Easy Access Rules for Standardised European Rules of the Air (SERA), Regulation (EU) No 923/2012 consolidated (EAR SERA, revision August 2025)",status current_pending_second_review
EASA-PPLA-COM-000013,EASA,EASA:PPL(A),current_pending_second_review,SERA.14035(a)(1),"SERA.14035(a)(1) - EASA Easy Access Rules for Standardised European Rules of the Air (SERA), Regulation (EU) No 923/2012 consolidated (EAR SERA, revision August 2025)",status current_pending_second_review
EASA-PPLA-COM-000014,EASA,EASA:PPL(A),current_pending_second_review,SERA.14035(a)(2),"SERA.14035(a)(2) - EASA Easy Access Rules for Standardised European Rules of the Air (SERA), Regulation (EU) No 923/2012 consolidated (EAR SERA, revision August 2025)",status current_pending_second_review
EASA-PPLA-COM-000015,EASA,EASA:PPL(A),current_pending_second_review,SERA.14035(a)(1)(ii),"SERA.14035(a)(1)(ii) - EASA Easy Access Rules for Standardised European Rules of the Air (SERA), Regulation (EU) No 923/2012 consolidated (EAR SERA, revision August 2025)",status current_pending_second_review
EASA-PPLA-COM-000016,EASA,EASA:PPL(A),current_pending_second_review,SERA.14035(a)(6),"SERA.14035(a)(6) - EASA Easy Access Rules for Standardised European Rules of the Air (SERA), Regulation (EU) No 923/2012 consolidated (EAR SERA, revision August 2025)",status current_pending_second_review
EASA-PPLA-COM-000017,EASA,EASA:PPL(A),current_pending_second_review,SERA.14095(a)(1),"SERA.14095(a)(1) - EASA Easy Access Rules for Standardised European Rules of the Air (SERA), Regulation (EU) No 923/2012 consolidated (EAR SERA, revision August 2025)",status current_pending_second_review
EASA-PPLA-COM-000018,EASA,EASA:PPL(A),current_pending_second_review,"SERA.14005, Table S14-1; SERA.14095(a)(2)","SERA.14005, Table S14-1; SERA.14095(a)(2) - EASA Easy Access Rules for Standardised European Rules of the Air (SERA), Regulation (EU) No 923/2012 consolidated (EAR SERA, revision August 2025)",status current_pending_second_review
EASA-PPLA-COM-000019,EASA,EASA:PPL(A),current_pending_second_review,SERA.14095(b)(1)(i),"SERA.14095(b)(1)(i) - EASA Easy Access Rules for Standardised European Rules of the Air (SERA), Regulation (EU) No 923/2012 consolidated (EAR SERA, revision August 2025)",status current_pending_second_review
EASA-PPLA-COM-000020,EASA,EASA:PPL(A),current_pending_second_review,SERA.14083(c)(2)-(3),"SERA.14083(c)(2)-(3) - EASA Easy Access Rules for Standardised European Rules of the Air (SERA), Regulation (EU) No 923/2012 consolidated (EAR SERA, revision August 2025)",status current_pending_second_review
EASA-PPLA-OPS-000001,EASA,EASA:PPL(A),current_pending_second_review,"Part-NCO, AMC1 NCO.OP.125(b)(a)(2)","Part-NCO, AMC1 NCO.OP.125(b)(a)(2) - EASA Easy Access Rules for Air Operations, Regulation (EU) No 965/2012 (Part-NCO) (EAR Air Operations, Revision 24, March 2026)",status current_pending_second_review
EASA-PPLA-OPS-000002,EASA,EASA:PPL(A),current_pending_second_review,"Part-NCO, AMC1 NCO.OP.125(b)(a)(1)","Part-NCO, AMC1 NCO.OP.125(b)(a)(1) - EASA Easy Access Rules for Air Operations, Regulation (EU) No 965/2012 (Part-NCO) (EAR Air Operations, Revision 24, March 2026)",status current_pending_second_review
EASA-PPLA-OPS-000003,EASA,EASA:PPL(A),current_pending_second_review,"Part-NCO, AMC1 NCO.OP.125(b)(a)(3)","Part-NCO, AMC1 NCO.OP.125(b)(a)(3) - EASA Easy Access Rules for Air Operations, Regulation (EU) No 965/2012 (Part-NCO) (EAR Air Operations, Revision 24, March 2026)",status current_pending_second_review
EASA-PPLA-OPS-000004,EASA,EASA:PPL(A),current_pending_second_review,"Part-NCO, NCO.OP.125(c)(1)","Part-NCO, NCO.OP.125(c)(1) - EASA Easy Access Rules for Air Operations, Regulation (EU) No 965/2012 (Part-NCO) (EAR Air Operations, Revision 24, March 2026)",status current_pending_second_review
EASA-PPLA-OPS-000005,EASA,EASA:PPL(A),current_pending_second_review,"Part-NCO, NCO.OP.190(b)","Part-NCO, NCO.OP.190(b) - EASA Easy Access Rules for Air Operations, Regulation (EU) No 965/2012 (Part-NCO) (EAR Air Operations, Revision 24, March 2026)",status current_pending_second_review
EASA-PPLA-OPS-000006,EASA,EASA:PPL(A),current_pending_second_review,"Part-NCO, NCO.IDE.A.175(a)(1)","Part-NCO, NCO.IDE.A.175(a)(1) - EASA Easy Access Rules for Air Operations, Regulation (EU) No 965/2012 (Part-NCO) (EAR Air Operations, Revision 24, March 2026)",status current_pending_second_review
EASA-PPLA-OPS-000007,EASA,EASA:PPL(A),current_pending_second_review,"Part-NCO, NCO.OP.145(a)","Part-NCO, NCO.OP.145(a) - EASA Easy Access Rules for Air Operations, Regulation (EU) No 965/2012 (Part-NCO) (EAR Air Operations, Revision 24, March 2026)",status current_pending_second_review
EASA-PPLA-OPS-000008,EASA,EASA:PPL(A),current_pending_second_review,"Part-NCO, NCO.GEN.135(a)(2)","Part-NCO, NCO.GEN.135(a)(2) - EASA Easy Access Rules for Air Operations, Regulation (EU) No 965/2012 (Part-NCO) (EAR Air Operations, Revision 24, March 2026)",status current_pending_second_review
EASA-PPLA-OPS-000009,EASA,EASA:PPL(A),current_pending_second_review,"Part-NCO, NCO.OP.130 and AMC1 NCO.OP.130","Part-NCO, NCO.OP.130 and AMC1 NCO.OP.130 - EASA Easy Access Rules for Air Operations, Regulation (EU) No 965/2012 (Part-NCO) (EAR Air Operations, Revision 24, March 2026)",status current_pending_second_review
EASA-PPLA-OPS-000010,EASA,EASA:PPL(A),current_pending_second_review,"Part-NCO, NCO.OP.155","Part-NCO, NCO.OP.155 - EASA Easy Access Rules for Air Operations, Regulation (EU) No 965/2012 (Part-NCO) (EAR Air Operations, Revision 24, March 2026)",status current_pending_second_review
FAA-CAX-MET-000023,FAA,FAA:CAX,current_pending_second_review,14 CFR 91.155,"14 CFR 91.155 (VFR cloud clearance minima, Class E below 10,000 ft MSL); METAR sky-condition interpretation (ceiling = lowest BKN/OVC layer).",status current_pending_second_review
FAA-CAX-OPS-000004,FAA,FAA:CAX,current_pending_second_review,14 CFR 91.103,14 CFR 91.103 (preflight action).,status current_pending_second_review
FAA-CAX-OPS-000016,FAA,FAA:CAX,current_pending_second_review,AIM 2-3-9; AIM 2-3-10,"AIM, airport taxiway direction signs.",status current_pending_second_review
FAA-CAX-OPS-000019,FAA,FAA:CAX,current_pending_second_review,AIM 4-3-11,"AIM, Land and Hold Short Operations (LAHSO).",status current_pending_second_review
FAA-CAX-OPS-000024,FAA,FAA:CAX,current_pending_second_review,14 CFR 91.131,14 CFR 91.131 (Class B airspace operating rules).,status current_pending_second_review
FAA-CAX-OPS-000030,FAA,FAA:CAX,current_pending_second_review,AIM 3-4-6,"AIM, special use airspace — Alert Areas.",status current_pending_second_review
FAA-CAX-REG-000002,FAA,FAA:CAX,current_pending_second_review,14 CFR 91.113(d),"14 CFR 91.113(d) (right-of-way rules, converging aircraft).",status current_pending_second_review
FAA-CAX-REG-000003,FAA,FAA:CAX,current_pending_second_review,14 CFR 91.155,14 CFR 91.155.,status current_pending_second_review
FAA-CAX-REG-000015,FAA,FAA:CAX,current_pending_second_review,14 CFR 119.1,14 CFR 119.1 (applicability).,status current_pending_second_review
FAA-CAX-REG-000020,FAA,FAA:CAX,current_pending_second_review,14 CFR 91.17,14 CFR 91.17 (alcohol or drugs).,status current_pending_second_review
FAA-CAX-REG-000021,FAA,FAA:CAX,current_pending_second_review,14 CFR 91.207(d),14 CFR 91.207(d) (emergency locator transmitters).,status current_pending_second_review
FAA-CAX-REG-000035,FAA,FAA:CAX,current_pending_second_review,14 CFR 39.7,14 CFR 39.7 (compliance with Airworthiness Directives required for operation).,status current_pending_second_review
FAA-CAX-REG-000037,FAA,FAA:CAX,current_pending_second_review,14 CFR 61.31(f),14 CFR 61.31(f) (additional training required for operating high-performance airplanes).,status current_pending_second_review
FAA-CAX-REG-000038,FAA,FAA:CAX,current_pending_second_review,14 CFR 61.57(a),14 CFR 61.57(a) (recent flight experience: pilot in command).,status current_pending_second_review
FAA-CAX-REG-000047,FAA,FAA:CAX,current_pending_second_review,49 CFR 830.5(a)(1),"49 CFR 830.5 (immediate notification — reportable incidents, including flight control system malfunction or failure).",status current_pending_second_review
FAA-FIA-HF-000038,FAA,FAA:FIA,current_pending_second_review,AIM 8-1-2 (recommendation); 14 CFR 91.211,"FAA guidance on supplemental oxygen and night vision (recommendation, distinct from the 14 CFR 91.211 legal requirement).",status current_pending_second_review
FAA-FIA-OPS-000026,FAA,FAA:FIA,current_pending_second_review,14 CFR 91.133; AIM 3-4-3,"AIM, special use airspace — restricted areas.",status current_pending_second_review
FAA-FIA-OPS-000029,FAA,FAA:FIA,current_pending_second_review,AIM 2-1-5,"AIM, runway centerline lighting system (RCLS).",status current_pending_second_review
FAA-FIA-OPS-000030,FAA,FAA:FIA,current_pending_second_review,AIM 2-1-2,"AIM, Visual Approach Slope Indicator (VASI).",status current_pending_second_review
FAA-FIA-OPS-000033,FAA,FAA:FIA,current_pending_second_review,AIM 2-1-9,"AIM, airport rotating beacons.",status current_pending_second_review
FAA-FIA-OPS-000034,FAA,FAA:FIA,current_pending_second_review,AIM 2-3-5,"AIM, airport marking aids — runway holding position markings.",status current_pending_second_review
FAA-FIA-REG-000004,FAA,FAA:FIA,current_pending_second_review,14 CFR 91.17(b),14 CFR 91.17(b).,status current_pending_second_review
FAA-FIA-REG-000005,FAA,FAA:FIA,current_pending_second_review,14 CFR 91.307,14 CFR 91.307 (parachutes and parachuting).,status current_pending_second_review
FAA-FIA-REG-000006,FAA,FAA:FIA,current_pending_second_review,14 CFR 91.409(a),14 CFR 91.409(a) (annual inspection requirement).,status current_pending_second_review
FAA-FIA-REG-000007,FAA,FAA:FIA,current_pending_second_review,14 CFR 91.207(d),14 CFR 91.207(d).,status current_pending_second_review
FAA-FIA-REG-000008,FAA,FAA:FIA,current_pending_second_review,14 CFR 91.209,14 CFR 91.209 (aircraft lights).,status current_pending_second_review
FAA-FIA-REG-000009,FAA,FAA:FIA,current_pending_second_review,14 CFR 91.209,14 CFR 91.209.,status current_pending_second_review
FAA-FIA-REG-000011,FAA,FAA:FIA,current_pending_second_review,14 CFR 61.83,14 CFR 61.83 (eligibility requirements for student pilots).,status current_pending_second_review
FAA-FIA-REG-000012,FAA,FAA:FIA,current_pending_second_review,14 CFR 61.83,14 CFR 61.83.,status current_pending_second_review
FAA-FIA-REG-000013,FAA,FAA:FIA,current_pending_second_review,14 CFR 61.129(a),14 CFR 61.129(a).,status current_pending_second_review
FAA-FIA-REG-000014,FAA,FAA:FIA,current_pending_second_review,14 CFR 61.109(a)(2),14 CFR 61.109(a)(2).,status current_pending_second_review
FAA-FIA-REG-000015,FAA,FAA:FIA,current_pending_second_review,14 CFR 61.123,14 CFR 61.123 (eligibility requirements: commercial pilots).,status current_pending_second_review
FAA-FIA-REG-000024,FAA,FAA:FIA,current_pending_second_review,14 CFR 91.130,"14 CFR 91.130, 91.215.",status current_pending_second_review
FAA-PAR-NAV-000038,FAA,FAA:PAR,current_pending_second_review,AIM 4-1-15,"AIM, traffic advisories.",status current_pending_second_review
FAA-PAR-OPS-000003,FAA,FAA:PAR,current_pending_second_review,AIM 4-3-13,"AIM, standard ATC light signals table.",status current_pending_second_review
FAA-PAR-OPS-000005,FAA,FAA:PAR,current_pending_second_review,14 CFR 91.126,"14 CFR 91.126, 91.127, 91.129 (operations at airports with an operating control tower).",status current_pending_second_review
FAA-PAR-OPS-000007,FAA,FAA:PAR,current_pending_second_review,14 CFR 91.130,14 CFR 91.130 (Class C airspace operating rules).,status current_pending_second_review
FAA-PAR-OPS-000008,FAA,FAA:PAR,current_pending_second_review,14 CFR 91.107,14 CFR 91.107 (use of safety belts).,status current_pending_second_review
FAA-PAR-OPS-000015,FAA,FAA:PAR,current_pending_second_review,AIM 3-4-5,"AIM, special use airspace — Military Operations Areas.",status current_pending_second_review
FAA-PAR-OPS-000016,FAA,FAA:PAR,current_pending_second_review,AIM 4-1-20,"AIM, transponder operation.",status current_pending_second_review
FAA-PAR-OPS-000022,FAA,FAA:PAR,current_pending_second_review,AIM 4-3-11,"AIM, Land and Hold Short Operations (LAHSO).",status current_pending_second_review
FAA-PAR-OPS-000037,FAA,FAA:PAR,current_pending_second_review,AIM 6-3-1,"AIM, emergency procedures — radio communications.",status current_pending_second_review
FAA-PAR-OPS-000046,FAA,FAA:PAR,current_pending_second_review,AIM 4-1-20,"AIM, transponder codes — emergency/special-purpose codes.",status current_pending_second_review
FAA-PAR-OPS-000060,FAA,FAA:PAR,current_pending_second_review,AIM 4-2-9,"AIM, pilot/controller phraseology — altitude reporting.",status current_pending_second_review
FAA-PAR-REG-000001,FAA,FAA:PAR,current_pending_second_review,14 CFR 91.413,14 CFR 91.413 (ATC transponder tests and inspections).,status current_pending_second_review
FAA-PAR-REG-000002,FAA,FAA:PAR,current_pending_second_review,14 CFR 1.1,"14 CFR 1.1 (definitions of category, class, and type).",status current_pending_second_review
FAA-PAR-REG-000004,FAA,FAA:PAR,current_pending_second_review,14 CFR 91.155,14 CFR 91.155.,status current_pending_second_review
FAA-PAR-REG-000006,FAA,FAA:PAR,current_pending_second_review,14 CFR 91.155,14 CFR 91.155.,status current_pending_second_review
FAA-PAR-REG-000009,FAA,FAA:PAR,current_pending_second_review,14 CFR 91.409(b),14 CFR 91.409(b) (100-hour inspection requirement and the 10-hour overrun allowance).,status current_pending_second_review
FAA-PAR-REG-000043,FAA,FAA:PAR,current_pending_second_review,AIM 3-2-4,"AIM, Class C airspace structure.",status current_pending_second_review
FAA-PAR-REG-000053,FAA,FAA:PAR,current_pending_second_review,14 CFR 61.57(a),14 CFR 61.57(a) (recent flight experience: pilot in command).,status current_pending_second_review
FAA-PAR-NAV-000114,FAA,FAA:PAR,current_pending_second_review,14 CFR 91.159(a),14 CFR 91.159(a),status current_pending_second_review
FAA-PAR-REG-000112,FAA,FAA:PAR,current_pending_second_review,14 CFR 91.151(a)(1),14 CFR 91.151(a)(1),status current_pending_second_review
FAA-PAR-REG-000113,FAA,FAA:PAR,current_pending_second_review,14 CFR 91.17(a),14 CFR 91.17(a),status current_pending_second_review
FAA-PAR-REG-000115,FAA,FAA:PAR,current_pending_second_review,14 CFR 91.103,14 CFR 91.103,status current_pending_second_review
FAA-PRH-OPS-000007,FAA,FAA:PRH,current_pending_second_review,AIM 4-3-17,"AIM, helicopter operations at airports.",status current_pending_second_review
FAA-PRH-OPS-000013,FAA,FAA:PRH,current_pending_second_review,AIM 4-1-11,"AIM, UNICOM frequency assignments.",status current_pending_second_review
FAA-PRH-OPS-000033,FAA,FAA:PRH,current_pending_second_review,AIM 2-1-2,"AIM, Visual Approach Slope Indicator (VASI).",status current_pending_second_review
FAA-PRH-OPS-000051,FAA,FAA:PRH,current_pending_second_review,AIM 4-1-20,"AIM, transponder operation.",status current_pending_second_review
FAA-PRH-REG-000001,FAA,FAA:PRH,current_pending_second_review,49 CFR 830.15,49 CFR 830.15 (reports and statements to be filed).,status current_pending_second_review
FAA-UAG-OPS-000006,FAA,FAA:UAG,current_pending_second_review,AIM 8-1-6,"AIM, collision avoidance scanning technique.",status current_pending_second_review
FAA-UAG-OPS-000037,FAA,FAA:UAG,current_pending_second_review,14 CFR 107.49(b),"14 CFR Part 107, remote PIC responsibilities.",status current_pending_second_review
FAA-UAG-REG-000002,FAA,FAA:UAG,current_pending_second_review,14 CFR 107.41,14 CFR 107.41 (operation in certain airspace).,status current_pending_second_review
FAA-UAG-REG-000003,FAA,FAA:UAG,current_pending_second_review,14 CFR 107.41,14 CFR 107.41.,status current_pending_second_review
FAA-UAG-REG-000019,FAA,FAA:UAG,current_pending_second_review,14 CFR 107.21,14 CFR 107.21 (in-flight emergency).,status current_pending_second_review
FAA-UAG-REG-000027,FAA,FAA:UAG,current_pending_second_review,14 CFR 107.29,"14 CFR 107.29 (operation at night, civil twilight).",status current_pending_second_review
FAA-UAG-REG-000029,FAA,FAA:UAG,current_pending_second_review,14 CFR 107.19(b),"14 CFR 107.49 (preflight familiarization, inspection, and actions for aircraft operation).",status current_pending_second_review
FAA-UAG-REG-000033,FAA,FAA:UAG,current_pending_second_review,14 CFR 107.15,14 CFR 107.15 (condition for safe operation).,status current_pending_second_review
FAA-UAG-REG-000034,FAA,FAA:UAG,current_pending_second_review,14 CFR 48.25(b),14 CFR Part 48 (registration and marking requirements for small unmanned aircraft).,status current_pending_second_review
FAA-UAG-REG-000035,FAA,FAA:UAG,current_pending_second_review,14 CFR 48.15,14 CFR Part 48.,status current_pending_second_review
FAA-UAG-REG-000040,FAA,FAA:UAG,current_pending_second_review,14 CFR 107.29(a)(2),14 CFR 107.29(a)(2) (anti-collision lighting).,status current_pending_second_review
FAA-UAG-REG-000041,FAA,FAA:UAG,current_pending_second_review,14 CFR 89.110(a)(2),14 CFR Part 89 (remote identification of unmanned aircraft).,status current_pending_second_review
FAA-UAG-REG-000042,FAA,FAA:UAG,current_pending_second_review,14 CFR 48.110; 89.115(a)(1)(ii),"14 CFR Part 48 / Part 89, registration and remote identification.",status current_pending_second_review
EASA-ATPLA-AL-000001,EASA,EASA:ATPL(A),quarantined,Article 2,"Regulation (EU) No 923/2012, Article 2 (definitions), Appendix 1, and SERA terminology",no effective date; no access date; status quarantined; regulatory review outstanding
EASA-ATPLA-AL-000002,EASA,EASA:ATPL(A),quarantined,Article 2,"Regulation (EU) No 923/2012, Article 2 (definitions), Appendix 1, and SERA terminology",no effective date; no access date; status quarantined; regulatory review outstanding
EASA-ATPLA-AL-000003,EASA,EASA:ATPL(A),quarantined,Article 2,"Regulation (EU) No 923/2012, Article 2 (definitions), Appendix 1, and SERA terminology",no effective date; no access date; status quarantined; regulatory review outstanding
EASA-ATPLA-AL-000004,EASA,EASA:ATPL(A),quarantined,Article 2,"Regulation (EU) No 923/2012, Article 2 (definitions), Appendix 1, and SERA terminology",no effective date; no access date; status quarantined; regulatory review outstanding
EASA-ATPLA-AL-000005,EASA,EASA:ATPL(A),quarantined,Article 2,"Regulation (EU) No 923/2012, Article 2 (definitions), Appendix 1, and SERA terminology",no effective date; no access date; status quarantined; regulatory review outstanding
EASA-ATPLA-AL-000006,EASA,EASA:ATPL(A),quarantined,Article 2,"Regulation (EU) No 923/2012, Article 2 (definitions), Appendix 1, and SERA terminology",no effective date; no access date; status quarantined; regulatory review outstanding
EASA-ATPLA-AL-000007,EASA,EASA:ATPL(A),quarantined,Article 2,"Regulation (EU) No 923/2012, Article 2 (definitions), Appendix 1, and SERA terminology",no effective date; no access date; status quarantined; regulatory review outstanding
EASA-ATPLA-AL-000008,EASA,EASA:ATPL(A),quarantined,Article 2,"Regulation (EU) No 923/2012, Article 2 (definitions), Appendix 1, and SERA terminology",no effective date; no access date; status quarantined; regulatory review outstanding
EASA-ATPLA-AL-000009,EASA,EASA:ATPL(A),quarantined,Article 2,"Regulation (EU) No 923/2012, Article 2 (definitions), Appendix 1, and SERA terminology",no effective date; no access date; status quarantined; regulatory review outstanding
EASA-ATPLA-AL-000010,EASA,EASA:ATPL(A),quarantined,Article 2,"Regulation (EU) No 923/2012, Article 2 (definitions), Appendix 1, and SERA terminology",no effective date; no access date; status quarantined; regulatory review outstanding
EASA-ATPLA-AL-000011,EASA,EASA:ATPL(A),quarantined,,"Chicago Convention, Articles 1, 5, 6, 7, 37, 38, 43, 48 and 50; International Air Services Transit Agreement",no exact provision; no effective date; no access date; status quarantined; regulatory review outstanding
EASA-ATPLA-AL-000012,EASA,EASA:ATPL(A),quarantined,,"Chicago Convention, Articles 1, 5, 6, 7, 37, 38, 43, 48 and 50; International Air Services Transit Agreement",no exact provision; no effective date; no access date; status quarantined; regulatory review outstanding
EASA-ATPLA-AL-000013,EASA,EASA:ATPL(A),quarantined,,"Chicago Convention, Articles 1, 5, 6, 7, 37, 38, 43, 48 and 50; International Air Services Transit Agreement",no exact provision; no effective date; no access date; status quarantined; regulatory review outstanding
EASA-ATPLA-AL-000014,EASA,EASA:ATPL(A),quarantined,,"Chicago Convention, Articles 1, 5, 6, 7, 37, 38, 43, 48 and 50; International Air Services Transit Agreement",no exact provision; no effective date; no access date; status quarantined; regulatory review outstanding
EASA-ATPLA-AL-000015,EASA,EASA:ATPL(A),quarantined,,"Chicago Convention, Articles 1, 5, 6, 7, 37, 38, 43, 48 and 50; International Air Services Transit Agreement",no exact provision; no effective date; no access date; status quarantined; regulatory review outstanding
EASA-ATPLA-AL-000016,EASA,EASA:ATPL(A),quarantined,,"Chicago Convention, Articles 1, 5, 6, 7, 37, 38, 43, 48 and 50; International Air Services Transit Agreement",no exact provision; no effective date; no access date; status quarantined; regulatory review outstanding
EASA-ATPLA-AL-000017,EASA,EASA:ATPL(A),quarantined,,"Chicago Convention, Articles 1, 5, 6, 7, 37, 38, 43, 48 and 50; International Air Services Transit Agreement",no exact provision; no effective date; no access date; status quarantined; regulatory review outstanding
EASA-ATPLA-AL-000018,EASA,EASA:ATPL(A),quarantined,,"Chicago Convention, Articles 1, 5, 6, 7, 37, 38, 43, 48 and 50; International Air Services Transit Agreement",no exact provision; no effective date; no access date; status quarantined; regulatory review outstanding
EASA-ATPLA-AL-000019,EASA,EASA:ATPL(A),quarantined,,"Chicago Convention, Articles 1, 5, 6, 7, 37, 38, 43, 48 and 50; International Air Services Transit Agreement",no exact provision; no effective date; no access date; status quarantined; regulatory review outstanding
EASA-ATPLA-AL-000020,EASA,EASA:ATPL(A),quarantined,,"Chicago Convention, Articles 1, 5, 6, 7, 37, 38, 43, 48 and 50; International Air Services Transit Agreement",no exact provision; no effective date; no access date; status quarantined; regulatory review outstanding
EASA-ATPLA-AL-000021,EASA,EASA:ATPL(A),quarantined,,"Regulation (EU) 2018/1139, especially Articles 75-87; Regulation (EC) No 1008/2008 for leasing context",no exact provision; no effective date; no access date; status quarantined; regulatory review outstanding
EASA-ATPLA-AL-000022,EASA,EASA:ATPL(A),quarantined,,"Regulation (EU) 2018/1139, especially Articles 75-87; Regulation (EC) No 1008/2008 for leasing context",no exact provision; no effective date; no access date; status quarantined; regulatory review outstanding
EASA-ATPLA-AL-000023,EASA,EASA:ATPL(A),quarantined,,"Regulation (EU) 2018/1139, especially Articles 75-87; Regulation (EC) No 1008/2008 for leasing context",no exact provision; no effective date; no access date; status quarantined; regulatory review outstanding
EASA-ATPLA-AL-000024,EASA,EASA:ATPL(A),quarantined,,"Regulation (EU) 2018/1139, especially Articles 75-87; Regulation (EC) No 1008/2008 for leasing context",no exact provision; no effective date; no access date; status quarantined; regulatory review outstanding
EASA-ATPLA-AL-000025,EASA,EASA:ATPL(A),quarantined,,"Regulation (EU) 2018/1139, especially Articles 75-87; Regulation (EC) No 1008/2008 for leasing context",no exact provision; no effective date; no access date; status quarantined; regulatory review outstanding
EASA-ATPLA-AL-000026,EASA,EASA:ATPL(A),quarantined,,"Regulation (EU) 2018/1139, especially Articles 75-87; Regulation (EC) No 1008/2008 for leasing context",no exact provision; no effective date; no access date; status quarantined; regulatory review outstanding
EASA-ATPLA-AL-000027,EASA,EASA:ATPL(A),quarantined,,"Regulation (EU) 2018/1139, especially Articles 75-87; Regulation (EC) No 1008/2008 for leasing context",no exact provision; no effective date; no access date; status quarantined; regulatory review outstanding
EASA-ATPLA-AL-000028,EASA,EASA:ATPL(A),quarantined,,"Regulation (EU) 2018/1139, especially Articles 75-87; Regulation (EC) No 1008/2008 for leasing context",no exact provision; no effective date; no access date; status quarantined; regulatory review outstanding
EASA-ATPLA-AL-000029,EASA,EASA:ATPL(A),quarantined,,"Regulation (EU) 2018/1139, especially Articles 75-87; Regulation (EC) No 1008/2008 for leasing context",no exact provision; no effective date; no access date; status quarantined; regulatory review outstanding
EASA-ATPLA-AL-000030,EASA,EASA:ATPL(A),quarantined,,"Regulation (EU) 2018/1139, especially Articles 75-87; Regulation (EC) No 1008/2008 for leasing context",no exact provision; no effective date; no access date; status quarantined; regulatory review outstanding
EASA-ATPLA-AL-000031,EASA,EASA:ATPL(A),quarantined,,"Regulation (EU) No 1178/2011, Annex I (Part-FCL) and Annex IV (Part-MED), as amended",no exact provision; no effective date; no access date; status quarantined; regulatory review outstanding
EASA-ATPLA-AL-000032,EASA,EASA:ATPL(A),quarantined,,"Regulation (EU) No 1178/2011, Annex I (Part-FCL) and Annex IV (Part-MED), as amended",no exact provision; no effective date; no access date; status quarantined; regulatory review outstanding
EASA-ATPLA-AL-000033,EASA,EASA:ATPL(A),quarantined,,"Regulation (EU) No 1178/2011, Annex I (Part-FCL) and Annex IV (Part-MED), as amended",no exact provision; no effective date; no access date; status quarantined; regulatory review outstanding
EASA-ATPLA-AL-000034,EASA,EASA:ATPL(A),quarantined,,"Regulation (EU) No 1178/2011, Annex I (Part-FCL) and Annex IV (Part-MED), as amended",no exact provision; no effective date; no access date; status quarantined; regulatory review outstanding
EASA-ATPLA-AL-000035,EASA,EASA:ATPL(A),quarantined,,"Regulation (EU) No 1178/2011, Annex I (Part-FCL) and Annex IV (Part-MED), as amended",no exact provision; no effective date; no access date; status quarantined; regulatory review outstanding
EASA-ATPLA-AL-000036,EASA,EASA:ATPL(A),quarantined,,"Regulation (EU) No 1178/2011, Annex I (Part-FCL) and Annex IV (Part-MED), as amended",no exact provision; no effective date; no access date; status quarantined; regulatory review outstanding
EASA-ATPLA-AL-000037,EASA,EASA:ATPL(A),quarantined,,"Regulation (EU) No 1178/2011, Annex I (Part-FCL) and Annex IV (Part-MED), as amended",no exact provision; no effective date; no access date; status quarantined; regulatory review outstanding
EASA-ATPLA-AL-000038,EASA,EASA:ATPL(A),quarantined,,"Regulation (EU) No 1178/2011, Annex I (Part-FCL) and Annex IV (Part-MED), as amended",no exact provision; no effective date; no access date; status quarantined; regulatory review outstanding
EASA-ATPLA-AL-000039,EASA,EASA:ATPL(A),quarantined,,"Regulation (EU) No 1178/2011, Annex I (Part-FCL) and Annex IV (Part-MED), as amended",no exact provision; no effective date; no access date; status quarantined; regulatory review outstanding
EASA-ATPLA-AL-000040,EASA,EASA:ATPL(A),quarantined,,"Regulation (EU) No 1178/2011, Annex I (Part-FCL) and Annex IV (Part-MED), as amended",no exact provision; no effective date; no access date; status quarantined; regulatory review outstanding
EASA-ATPLA-AL-000041,EASA,EASA:ATPL(A),quarantined,,"Chicago Convention, Articles 17-21; ICAO Annex 7; applicable State registration law",no exact provision; no effective date; no access date; status quarantined; regulatory review outstanding
EASA-ATPLA-AL-000042,EASA,EASA:ATPL(A),quarantined,,"Chicago Convention, Articles 17-21; ICAO Annex 7; applicable State registration law",no exact provision; no effective date; no access date; status quarantined; regulatory review outstanding
EASA-ATPLA-AL-000043,EASA,EASA:ATPL(A),quarantined,,"Chicago Convention, Articles 17-21; ICAO Annex 7; applicable State registration law",no exact provision; no effective date; no access date; status quarantined; regulatory review outstanding
EASA-ATPLA-AL-000044,EASA,EASA:ATPL(A),quarantined,,"Chicago Convention, Articles 17-21; ICAO Annex 7; applicable State registration law",no exact provision; no effective date; no access date; status quarantined; regulatory review outstanding
EASA-ATPLA-AL-000045,EASA,EASA:ATPL(A),quarantined,,"Chicago Convention, Articles 17-21; ICAO Annex 7; applicable State registration law",no exact provision; no effective date; no access date; status quarantined; regulatory review outstanding
EASA-ATPLA-AL-000046,EASA,EASA:ATPL(A),quarantined,,"Chicago Convention, Articles 17-21; ICAO Annex 7; applicable State registration law",no exact provision; no effective date; no access date; status quarantined; regulatory review outstanding
EASA-ATPLA-AL-000047,EASA,EASA:ATPL(A),quarantined,,"Chicago Convention, Articles 17-21; ICAO Annex 7; applicable State registration law",no exact provision; no effective date; no access date; status quarantined; regulatory review outstanding
EASA-ATPLA-AL-000048,EASA,EASA:ATPL(A),quarantined,,"Chicago Convention, Articles 17-21; ICAO Annex 7; applicable State registration law",no exact provision; no effective date; no access date; status quarantined; regulatory review outstanding
EASA-ATPLA-AL-000049,EASA,EASA:ATPL(A),quarantined,,"Chicago Convention, Articles 17-21; ICAO Annex 7; applicable State registration law",no exact provision; no effective date; no access date; status quarantined; regulatory review outstanding
EASA-ATPLA-AL-000050,EASA,EASA:ATPL(A),quarantined,,"Chicago Convention, Articles 17-21; ICAO Annex 7; applicable State registration law",no exact provision; no effective date; no access date; status quarantined; regulatory review outstanding
EASA-ATPLA-AL-000051,EASA,EASA:ATPL(A),quarantined,Article 3,"Regulations (EU) No 748/2012 and No 1321/2014, as amended; Regulation (EU) 2018/1139, Article 3 definitions",no effective date; no access date; status quarantined; regulatory review outstanding
EASA-ATPLA-AL-000052,EASA,EASA:ATPL(A),quarantined,Article 3,"Regulations (EU) No 748/2012 and No 1321/2014, as amended; Regulation (EU) 2018/1139, Article 3 definitions",no effective date; no access date; status quarantined; regulatory review outstanding
EASA-ATPLA-AL-000053,EASA,EASA:ATPL(A),quarantined,Article 3,"Regulations (EU) No 748/2012 and No 1321/2014, as amended; Regulation (EU) 2018/1139, Article 3 definitions",no effective date; no access date; status quarantined; regulatory review outstanding
EASA-ATPLA-AL-000054,EASA,EASA:ATPL(A),quarantined,Article 3,"Regulations (EU) No 748/2012 and No 1321/2014, as amended; Regulation (EU) 2018/1139, Article 3 definitions",no effective date; no access date; status quarantined; regulatory review outstanding
EASA-ATPLA-AL-000055,EASA,EASA:ATPL(A),quarantined,Article 3,"Regulations (EU) No 748/2012 and No 1321/2014, as amended; Regulation (EU) 2018/1139, Article 3 definitions",no effective date; no access date; status quarantined; regulatory review outstanding
EASA-ATPLA-AL-000056,EASA,EASA:ATPL(A),quarantined,Article 3,"Regulations (EU) No 748/2012 and No 1321/2014, as amended; Regulation (EU) 2018/1139, Article 3 definitions",no effective date; no access date; status quarantined; regulatory review outstanding
EASA-ATPLA-AL-000057,EASA,EASA:ATPL(A),quarantined,Article 3,"Regulations (EU) No 748/2012 and No 1321/2014, as amended; Regulation (EU) 2018/1139, Article 3 definitions",no effective date; no access date; status quarantined; regulatory review outstanding
EASA-ATPLA-AL-000058,EASA,EASA:ATPL(A),quarantined,Article 3,"Regulations (EU) No 748/2012 and No 1321/2014, as amended; Regulation (EU) 2018/1139, Article 3 definitions",no effective date; no access date; status quarantined; regulatory review outstanding
EASA-ATPLA-AL-000059,EASA,EASA:ATPL(A),quarantined,Article 3,"Regulations (EU) No 748/2012 and No 1321/2014, as amended; Regulation (EU) 2018/1139, Article 3 definitions",no effective date; no access date; status quarantined; regulatory review outstanding
EASA-ATPLA-AL-000060,EASA,EASA:ATPL(A),quarantined,Article 3,"Regulations (EU) No 748/2012 and No 1321/2014, as amended; Regulation (EU) 2018/1139, Article 3 definitions",no effective date; no access date; status quarantined; regulatory review outstanding
EASA-ATPLA-AL-000061,EASA,EASA:ATPL(A),current_pending_second_review,SERA.2010; SERA.3210; SERA.4001; SERA.5001; SERA.6001,"Regulation (EU) No 923/2012: SERA.2010, SERA.3210, SERA.4001, SERA.5001 and SERA.6001",no effective date; status current_pending_second_review; regulatory review outstanding
EASA-ATPLA-AL-000062,EASA,EASA:ATPL(A),current_pending_second_review,SERA.2010; SERA.3210; SERA.4001; SERA.5001; SERA.6001,"Regulation (EU) No 923/2012: SERA.2010, SERA.3210, SERA.4001, SERA.5001 and SERA.6001",no effective date; status current_pending_second_review; regulatory review outstanding
EASA-ATPLA-AL-000063,EASA,EASA:ATPL(A),current_pending_second_review,SERA.2010; SERA.3210; SERA.4001; SERA.5001; SERA.6001,"Regulation (EU) No 923/2012: SERA.2010, SERA.3210, SERA.4001, SERA.5001 and SERA.6001",no effective date; status current_pending_second_review; regulatory review outstanding
EASA-ATPLA-AL-000064,EASA,EASA:ATPL(A),current_pending_second_review,SERA.2010; SERA.3210; SERA.4001; SERA.5001; SERA.6001,"Regulation (EU) No 923/2012: SERA.2010, SERA.3210, SERA.4001, SERA.5001 and SERA.6001",no effective date; status current_pending_second_review; regulatory review outstanding
EASA-ATPLA-AL-000065,EASA,EASA:ATPL(A),current_pending_second_review,SERA.2010; SERA.3210; SERA.4001; SERA.5001; SERA.6001,"Regulation (EU) No 923/2012: SERA.2010, SERA.3210, SERA.4001, SERA.5001 and SERA.6001",no effective date; status current_pending_second_review; regulatory review outstanding
EASA-ATPLA-AL-000066,EASA,EASA:ATPL(A),current_pending_second_review,SERA.2010; SERA.3210; SERA.4001; SERA.5001; SERA.6001,"Regulation (EU) No 923/2012: SERA.2010, SERA.3210, SERA.4001, SERA.5001 and SERA.6001",no effective date; status current_pending_second_review; regulatory review outstanding
EASA-ATPLA-AL-000067,EASA,EASA:ATPL(A),current_pending_second_review,SERA.2010; SERA.3210; SERA.4001; SERA.5001; SERA.6001,"Regulation (EU) No 923/2012: SERA.2010, SERA.3210, SERA.4001, SERA.5001 and SERA.6001",no effective date; status current_pending_second_review; regulatory review outstanding
EASA-ATPLA-AL-000068,EASA,EASA:ATPL(A),current_pending_second_review,SERA.2010; SERA.3210; SERA.4001; SERA.5001; SERA.6001,"Regulation (EU) No 923/2012: SERA.2010, SERA.3210, SERA.4001, SERA.5001 and SERA.6001",no effective date; status current_pending_second_review; regulatory review outstanding
EASA-ATPLA-AL-000069,EASA,EASA:ATPL(A),current_pending_second_review,SERA.2010; SERA.3210; SERA.4001; SERA.5001; SERA.6001,"Regulation (EU) No 923/2012: SERA.2010, SERA.3210, SERA.4001, SERA.5001 and SERA.6001",no effective date; status current_pending_second_review; regulatory review outstanding
EASA-ATPLA-AL-000070,EASA,EASA:ATPL(A),current_pending_second_review,SERA.2010; SERA.3210; SERA.4001; SERA.5001; SERA.6001,"Regulation (EU) No 923/2012: SERA.2010, SERA.3210, SERA.4001, SERA.5001 and SERA.6001",no effective date; status current_pending_second_review; regulatory review outstanding
EASA-ATPLA-AL-000071,EASA,EASA:ATPL(A),current_pending_second_review,SERA.3301,"Regulation (EU) No 923/2012, SERA.3301 and Appendix 1 (Signals)",no effective date; status current_pending_second_review; regulatory review outstanding
EASA-ATPLA-AL-000072,EASA,EASA:ATPL(A),current_pending_second_review,SERA.3301,"Regulation (EU) No 923/2012, SERA.3301 and Appendix 1 (Signals)",no effective date; status current_pending_second_review; regulatory review outstanding
EASA-ATPLA-AL-000073,EASA,EASA:ATPL(A),current_pending_second_review,SERA.3301,"Regulation (EU) No 923/2012, SERA.3301 and Appendix 1 (Signals)",no effective date; status current_pending_second_review; regulatory review outstanding
EASA-ATPLA-AL-000074,EASA,EASA:ATPL(A),current_pending_second_review,SERA.3301,"Regulation (EU) No 923/2012, SERA.3301 and Appendix 1 (Signals)",no effective date; status current_pending_second_review; regulatory review outstanding
EASA-ATPLA-AL-000075,EASA,EASA:ATPL(A),current_pending_second_review,SERA.3301,"Regulation (EU) No 923/2012, SERA.3301 and Appendix 1 (Signals)",no effective date; status current_pending_second_review; regulatory review outstanding
EASA-ATPLA-AL-000076,EASA,EASA:ATPL(A),current_pending_second_review,SERA.3301,"Regulation (EU) No 923/2012, SERA.3301 and Appendix 1 (Signals)",no effective date; status current_pending_second_review; regulatory review outstanding
EASA-ATPLA-AL-000077,EASA,EASA:ATPL(A),current_pending_second_review,SERA.3301,"Regulation (EU) No 923/2012, SERA.3301 and Appendix 1 (Signals)",no effective date; status current_pending_second_review; regulatory review outstanding
EASA-ATPLA-AL-000078,EASA,EASA:ATPL(A),current_pending_second_review,SERA.3301,"Regulation (EU) No 923/2012, SERA.3301 and Appendix 1 (Signals)",no effective date; status current_pending_second_review; regulatory review outstanding
EASA-ATPLA-AL-000079,EASA,EASA:ATPL(A),current_pending_second_review,SERA.3301,"Regulation (EU) No 923/2012, SERA.3301 and Appendix 1 (Signals)",no effective date; status current_pending_second_review; regulatory review outstanding
EASA-ATPLA-AL-000080,EASA,EASA:ATPL(A),current_pending_second_review,SERA.3301,"Regulation (EU) No 923/2012, SERA.3301 and Appendix 1 (Signals)",no effective date; status current_pending_second_review; regulatory review outstanding
EASA-ATPLA-AL-000081,EASA,EASA:ATPL(A),quarantined,SERA.8015; Article 2,"Regulation (EU) No 923/2012, SERA.8015 and Article 2 definitions; State AIP altimeter-setting procedures",no effective date; no access date; status quarantined; regulatory review outstanding
EASA-ATPLA-AL-000082,EASA,EASA:ATPL(A),quarantined,SERA.8015; Article 2,"Regulation (EU) No 923/2012, SERA.8015 and Article 2 definitions; State AIP altimeter-setting procedures",no effective date; no access date; status quarantined; regulatory review outstanding
EASA-ATPLA-AL-000083,EASA,EASA:ATPL(A),quarantined,SERA.8015; Article 2,"Regulation (EU) No 923/2012, SERA.8015 and Article 2 definitions; State AIP altimeter-setting procedures",no effective date; no access date; status quarantined; regulatory review outstanding
EASA-ATPLA-AL-000084,EASA,EASA:ATPL(A),quarantined,SERA.8015; Article 2,"Regulation (EU) No 923/2012, SERA.8015 and Article 2 definitions; State AIP altimeter-setting procedures",no effective date; no access date; status quarantined; regulatory review outstanding
EASA-ATPLA-AL-000085,EASA,EASA:ATPL(A),quarantined,SERA.8015; Article 2,"Regulation (EU) No 923/2012, SERA.8015 and Article 2 definitions; State AIP altimeter-setting procedures",no effective date; no access date; status quarantined; regulatory review outstanding
EASA-ATPLA-AL-000086,EASA,EASA:ATPL(A),quarantined,SERA.8015; Article 2,"Regulation (EU) No 923/2012, SERA.8015 and Article 2 definitions; State AIP altimeter-setting procedures",no effective date; no access date; status quarantined; regulatory review outstanding
EASA-ATPLA-AL-000087,EASA,EASA:ATPL(A),quarantined,SERA.8015; Article 2,"Regulation (EU) No 923/2012, SERA.8015 and Article 2 definitions; State AIP altimeter-setting procedures",no effective date; no access date; status quarantined; regulatory review outstanding
EASA-ATPLA-AL-000088,EASA,EASA:ATPL(A),quarantined,SERA.8015; Article 2,"Regulation (EU) No 923/2012, SERA.8015 and Article 2 definitions; State AIP altimeter-setting procedures",no effective date; no access date; status quarantined; regulatory review outstanding
EASA-ATPLA-AL-000089,EASA,EASA:ATPL(A),quarantined,SERA.8015; Article 2,"Regulation (EU) No 923/2012, SERA.8015 and Article 2 definitions; State AIP altimeter-setting procedures",no effective date; no access date; status quarantined; regulatory review outstanding
EASA-ATPLA-AL-000090,EASA,EASA:ATPL(A),quarantined,SERA.8015; Article 2,"Regulation (EU) No 923/2012, SERA.8015 and Article 2 definitions; State AIP altimeter-setting procedures",no effective date; no access date; status quarantined; regulatory review outstanding
EASA-ATPLA-AL-000091,EASA,EASA:ATPL(A),quarantined,,"Regulation (EU) 2017/373, Annexes III, IV and VIII; ICAO Doc 8168 (PANS-OPS); applicable State AIP",no exact provision; no effective date; no access date; status quarantined; regulatory review outstanding
EASA-ATPLA-AL-000092,EASA,EASA:ATPL(A),quarantined,,"Regulation (EU) 2017/373, Annexes III, IV and VIII; ICAO Doc 8168 (PANS-OPS); applicable State AIP",no exact provision; no effective date; no access date; status quarantined; regulatory review outstanding
EASA-ATPLA-AL-000093,EASA,EASA:ATPL(A),quarantined,,"Regulation (EU) 2017/373, Annexes III, IV and VIII; ICAO Doc 8168 (PANS-OPS); applicable State AIP",no exact provision; no effective date; no access date; status quarantined; regulatory review outstanding
EASA-ATPLA-AL-000094,EASA,EASA:ATPL(A),quarantined,,"Regulation (EU) 2017/373, Annexes III, IV and VIII; ICAO Doc 8168 (PANS-OPS); applicable State AIP",no exact provision; no effective date; no access date; status quarantined; regulatory review outstanding
EASA-ATPLA-AL-000095,EASA,EASA:ATPL(A),quarantined,,"Regulation (EU) 2017/373, Annexes III, IV and VIII; ICAO Doc 8168 (PANS-OPS); applicable State AIP",no exact provision; no effective date; no access date; status quarantined; regulatory review outstanding
EASA-ATPLA-AL-000096,EASA,EASA:ATPL(A),quarantined,,"Regulation (EU) 2017/373, Annexes III, IV and VIII; ICAO Doc 8168 (PANS-OPS); applicable State AIP",no exact provision; no effective date; no access date; status quarantined; regulatory review outstanding
EASA-ATPLA-AL-000097,EASA,EASA:ATPL(A),quarantined,,"Regulation (EU) 2017/373, Annexes III, IV and VIII; ICAO Doc 8168 (PANS-OPS); applicable State AIP",no exact provision; no effective date; no access date; status quarantined; regulatory review outstanding
EASA-ATPLA-AL-000098,EASA,EASA:ATPL(A),quarantined,,"Regulation (EU) 2017/373, Annexes III, IV and VIII; ICAO Doc 8168 (PANS-OPS); applicable State AIP",no exact provision; no effective date; no access date; status quarantined; regulatory review outstanding
EASA-ATPLA-AL-000099,EASA,EASA:ATPL(A),quarantined,,"Regulation (EU) 2017/373, Annexes III, IV and VIII; ICAO Doc 8168 (PANS-OPS); applicable State AIP",no exact provision; no effective date; no access date; status quarantined; regulatory review outstanding
EASA-ATPLA-AL-000100,EASA,EASA:ATPL(A),quarantined,,"Regulation (EU) 2017/373, Annexes III, IV and VIII; ICAO Doc 8168 (PANS-OPS); applicable State AIP",no exact provision; no effective date; no access date; status quarantined; regulatory review outstanding
EASA-ATPLA-AL-000101,EASA,EASA:ATPL(A),quarantined,,"Regulation (EU) 2017/373, Annex VI (Part-AIS), including AIS.OR requirements",no exact provision; no effective date; no access date; status quarantined; regulatory review outstanding
EASA-ATPLA-AL-000102,EASA,EASA:ATPL(A),quarantined,,"Regulation (EU) 2017/373, Annex VI (Part-AIS), including AIS.OR requirements",no exact provision; no effective date; no access date; status quarantined; regulatory review outstanding
EASA-ATPLA-AL-000103,EASA,EASA:ATPL(A),quarantined,,"Regulation (EU) 2017/373, Annex VI (Part-AIS), including AIS.OR requirements",no exact provision; no effective date; no access date; status quarantined; regulatory review outstanding
EASA-ATPLA-AL-000104,EASA,EASA:ATPL(A),quarantined,,"Regulation (EU) 2017/373, Annex VI (Part-AIS), including AIS.OR requirements",no exact provision; no effective date; no access date; status quarantined; regulatory review outstanding
EASA-ATPLA-AL-000105,EASA,EASA:ATPL(A),quarantined,,"Regulation (EU) 2017/373, Annex VI (Part-AIS), including AIS.OR requirements",no exact provision; no effective date; no access date; status quarantined; regulatory review outstanding
EASA-ATPLA-AL-000106,EASA,EASA:ATPL(A),quarantined,,"Regulation (EU) 2017/373, Annex VI (Part-AIS), including AIS.OR requirements",no exact provision; no effective date; no access date; status quarantined; regulatory review outstanding
EASA-ATPLA-AL-000107,EASA,EASA:ATPL(A),quarantined,,"Regulation (EU) 2017/373, Annex VI (Part-AIS), including AIS.OR requirements",no exact provision; no effective date; no access date; status quarantined; regulatory review outstanding
EASA-ATPLA-AL-000108,EASA,EASA:ATPL(A),quarantined,,"Regulation (EU) 2017/373, Annex VI (Part-AIS), including AIS.OR requirements",no exact provision; no effective date; no access date; status quarantined; regulatory review outstanding
EASA-ATPLA-AL-000109,EASA,EASA:ATPL(A),quarantined,,"Regulation (EU) 2017/373, Annex VI (Part-AIS), including AIS.OR requirements",no exact provision; no effective date; no access date; status quarantined; regulatory review outstanding
EASA-ATPLA-AL-000110,EASA,EASA:ATPL(A),quarantined,,"Regulation (EU) 2017/373, Annex VI (Part-AIS), including AIS.OR requirements",no exact provision; no effective date; no access date; status quarantined; regulatory review outstanding
EASA-ATPLA-AL-000111,EASA,EASA:ATPL(A),quarantined,Article 2; SERA.6001,"Regulation (EU) No 923/2012, Article 2 and SERA.6001; Regulation (EU) 2017/373, Annex IV (Part-ATS)",no effective date; no access date; status quarantined; regulatory review outstanding
EASA-ATPLA-AL-000112,EASA,EASA:ATPL(A),quarantined,Article 2; SERA.6001,"Regulation (EU) No 923/2012, Article 2 and SERA.6001; Regulation (EU) 2017/373, Annex IV (Part-ATS)",no effective date; no access date; status quarantined; regulatory review outstanding
EASA-ATPLA-AL-000113,EASA,EASA:ATPL(A),quarantined,Article 2; SERA.6001,"Regulation (EU) No 923/2012, Article 2 and SERA.6001; Regulation (EU) 2017/373, Annex IV (Part-ATS)",no effective date; no access date; status quarantined; regulatory review outstanding
EASA-ATPLA-AL-000114,EASA,EASA:ATPL(A),quarantined,Article 2; SERA.6001,"Regulation (EU) No 923/2012, Article 2 and SERA.6001; Regulation (EU) 2017/373, Annex IV (Part-ATS)",no effective date; no access date; status quarantined; regulatory review outstanding
EASA-ATPLA-AL-000115,EASA,EASA:ATPL(A),quarantined,Article 2; SERA.6001,"Regulation (EU) No 923/2012, Article 2 and SERA.6001; Regulation (EU) 2017/373, Annex IV (Part-ATS)",no effective date; no access date; status quarantined; regulatory review outstanding
EASA-ATPLA-AL-000116,EASA,EASA:ATPL(A),quarantined,Article 2; SERA.6001,"Regulation (EU) No 923/2012, Article 2 and SERA.6001; Regulation (EU) 2017/373, Annex IV (Part-ATS)",no effective date; no access date; status quarantined; regulatory review outstanding
EASA-ATPLA-AL-000117,EASA,EASA:ATPL(A),quarantined,Article 2; SERA.6001,"Regulation (EU) No 923/2012, Article 2 and SERA.6001; Regulation (EU) 2017/373, Annex IV (Part-ATS)",no effective date; no access date; status quarantined; regulatory review outstanding
EASA-ATPLA-AL-000118,EASA,EASA:ATPL(A),quarantined,Article 2; SERA.6001,"Regulation (EU) No 923/2012, Article 2 and SERA.6001; Regulation (EU) 2017/373, Annex IV (Part-ATS)",no effective date; no access date; status quarantined; regulatory review outstanding
EASA-ATPLA-AL-000119,EASA,EASA:ATPL(A),quarantined,Article 2; SERA.6001,"Regulation (EU) No 923/2012, Article 2 and SERA.6001; Regulation (EU) 2017/373, Annex IV (Part-ATS)",no effective date; no access date; status quarantined; regulatory review outstanding
EASA-ATPLA-AL-000120,EASA,EASA:ATPL(A),quarantined,Article 2; SERA.6001,"Regulation (EU) No 923/2012, Article 2 and SERA.6001; Regulation (EU) 2017/373, Annex IV (Part-ATS)",no effective date; no access date; status quarantined; regulatory review outstanding
EASA-ATPLA-AL-000121,EASA,EASA:ATPL(A),quarantined,,"Regulation (EU) No 923/2012, Sections 8, 11 and 14; Regulation (EU) 2017/373, Annex IV (Part-ATS)",no exact provision; no effective date; no access date; status quarantined; regulatory review outstanding
EASA-ATPLA-AL-000122,EASA,EASA:ATPL(A),quarantined,,"Regulation (EU) No 923/2012, Sections 8, 11 and 14; Regulation (EU) 2017/373, Annex IV (Part-ATS)",no exact provision; no effective date; no access date; status quarantined; regulatory review outstanding
EASA-ATPLA-AL-000123,EASA,EASA:ATPL(A),quarantined,,"Regulation (EU) No 923/2012, Sections 8, 11 and 14; Regulation (EU) 2017/373, Annex IV (Part-ATS)",no exact provision; no effective date; no access date; status quarantined; regulatory review outstanding
EASA-ATPLA-AL-000124,EASA,EASA:ATPL(A),quarantined,,"Regulation (EU) No 923/2012, Sections 8, 11 and 14; Regulation (EU) 2017/373, Annex IV (Part-ATS)",no exact provision; no effective date; no access date; status quarantined; regulatory review outstanding
EASA-ATPLA-AL-000125,EASA,EASA:ATPL(A),quarantined,,"Regulation (EU) No 923/2012, Sections 8, 11 and 14; Regulation (EU) 2017/373, Annex IV (Part-ATS)",no exact provision; no effective date; no access date; status quarantined; regulatory review outstanding
EASA-ATPLA-AL-000126,EASA,EASA:ATPL(A),quarantined,,"Regulation (EU) No 923/2012, Sections 8, 11 and 14; Regulation (EU) 2017/373, Annex IV (Part-ATS)",no exact provision; no effective date; no access date; status quarantined; regulatory review outstanding
EASA-ATPLA-AL-000127,EASA,EASA:ATPL(A),quarantined,,"Regulation (EU) No 923/2012, Sections 8, 11 and 14; Regulation (EU) 2017/373, Annex IV (Part-ATS)",no exact provision; no effective date; no access date; status quarantined; regulatory review outstanding
EASA-ATPLA-AL-000128,EASA,EASA:ATPL(A),quarantined,,"Regulation (EU) No 923/2012, Sections 8, 11 and 14; Regulation (EU) 2017/373, Annex IV (Part-ATS)",no exact provision; no effective date; no access date; status quarantined; regulatory review outstanding
EASA-ATPLA-AL-000129,EASA,EASA:ATPL(A),quarantined,,"Regulation (EU) No 923/2012, Sections 8, 11 and 14; Regulation (EU) 2017/373, Annex IV (Part-ATS)",no exact provision; no effective date; no access date; status quarantined; regulatory review outstanding
EASA-ATPLA-AL-000130,EASA,EASA:ATPL(A),quarantined,,"Regulation (EU) No 923/2012, Sections 8, 11 and 14; Regulation (EU) 2017/373, Annex IV (Part-ATS)",no exact provision; no effective date; no access date; status quarantined; regulatory review outstanding
EASA-ATPLA-AL-000131,EASA,EASA:ATPL(A),quarantined,SERA.9001; SERA.9010,"Regulation (EU) No 923/2012, SERA.9001-SERA.9010; Regulation (EU) 2017/373, Annex IV (Part-ATS)",no effective date; no access date; status quarantined; regulatory review outstanding
EASA-ATPLA-AL-000132,EASA,EASA:ATPL(A),quarantined,SERA.9001; SERA.9010,"Regulation (EU) No 923/2012, SERA.9001-SERA.9010; Regulation (EU) 2017/373, Annex IV (Part-ATS)",no effective date; no access date; status quarantined; regulatory review outstanding
EASA-ATPLA-AL-000133,EASA,EASA:ATPL(A),quarantined,SERA.9001; SERA.9010,"Regulation (EU) No 923/2012, SERA.9001-SERA.9010; Regulation (EU) 2017/373, Annex IV (Part-ATS)",no effective date; no access date; status quarantined; regulatory review outstanding
EASA-ATPLA-AL-000134,EASA,EASA:ATPL(A),quarantined,SERA.9001; SERA.9010,"Regulation (EU) No 923/2012, SERA.9001-SERA.9010; Regulation (EU) 2017/373, Annex IV (Part-ATS)",no effective date; no access date; status quarantined; regulatory review outstanding
EASA-ATPLA-AL-000135,EASA,EASA:ATPL(A),quarantined,SERA.9001; SERA.9010,"Regulation (EU) No 923/2012, SERA.9001-SERA.9010; Regulation (EU) 2017/373, Annex IV (Part-ATS)",no effective date; no access date; status quarantined; regulatory review outstanding
EASA-ATPLA-AL-000136,EASA,EASA:ATPL(A),quarantined,SERA.9001; SERA.9010,"Regulation (EU) No 923/2012, SERA.9001-SERA.9010; Regulation (EU) 2017/373, Annex IV (Part-ATS)",no effective date; no access date; status quarantined; regulatory review outstanding
EASA-ATPLA-AL-000137,EASA,EASA:ATPL(A),quarantined,SERA.9001; SERA.9010,"Regulation (EU) No 923/2012, SERA.9001-SERA.9010; Regulation (EU) 2017/373, Annex IV (Part-ATS)",no effective date; no access date; status quarantined; regulatory review outstanding
EASA-ATPLA-AL-000138,EASA,EASA:ATPL(A),quarantined,SERA.9001; SERA.9010,"Regulation (EU) No 923/2012, SERA.9001-SERA.9010; Regulation (EU) 2017/373, Annex IV (Part-ATS)",no effective date; no access date; status quarantined; regulatory review outstanding
EASA-ATPLA-AL-000139,EASA,EASA:ATPL(A),quarantined,SERA.9001; SERA.9010,"Regulation (EU) No 923/2012, SERA.9001-SERA.9010; Regulation (EU) 2017/373, Annex IV (Part-ATS)",no effective date; no access date; status quarantined; regulatory review outstanding
EASA-ATPLA-AL-000140,EASA,EASA:ATPL(A),quarantined,SERA.9001; SERA.9010,"Regulation (EU) No 923/2012, SERA.9001-SERA.9010; Regulation (EU) 2017/373, Annex IV (Part-ATS)",no effective date; no access date; status quarantined; regulatory review outstanding
EASA-ATPLA-AL-000141,EASA,EASA:ATPL(A),quarantined,SERA.3210; SERA.8005,"Regulation (EU) No 923/2012, SERA.3210, SERA.8005 and Section 12; Regulation (EU) 2017/373, Annex IV",no effective date; no access date; status quarantined; regulatory review outstanding
EASA-ATPLA-AL-000142,EASA,EASA:ATPL(A),quarantined,SERA.3210; SERA.8005,"Regulation (EU) No 923/2012, SERA.3210, SERA.8005 and Section 12; Regulation (EU) 2017/373, Annex IV",no effective date; no access date; status quarantined; regulatory review outstanding
EASA-ATPLA-AL-000143,EASA,EASA:ATPL(A),quarantined,SERA.3210; SERA.8005,"Regulation (EU) No 923/2012, SERA.3210, SERA.8005 and Section 12; Regulation (EU) 2017/373, Annex IV",no effective date; no access date; status quarantined; regulatory review outstanding
EASA-ATPLA-AL-000144,EASA,EASA:ATPL(A),quarantined,SERA.3210; SERA.8005,"Regulation (EU) No 923/2012, SERA.3210, SERA.8005 and Section 12; Regulation (EU) 2017/373, Annex IV",no effective date; no access date; status quarantined; regulatory review outstanding
EASA-ATPLA-AL-000145,EASA,EASA:ATPL(A),quarantined,SERA.3210; SERA.8005,"Regulation (EU) No 923/2012, SERA.3210, SERA.8005 and Section 12; Regulation (EU) 2017/373, Annex IV",no effective date; no access date; status quarantined; regulatory review outstanding
EASA-ATPLA-AL-000146,EASA,EASA:ATPL(A),quarantined,SERA.3210; SERA.8005,"Regulation (EU) No 923/2012, SERA.3210, SERA.8005 and Section 12; Regulation (EU) 2017/373, Annex IV",no effective date; no access date; status quarantined; regulatory review outstanding
EASA-ATPLA-AL-000147,EASA,EASA:ATPL(A),quarantined,SERA.3210; SERA.8005,"Regulation (EU) No 923/2012, SERA.3210, SERA.8005 and Section 12; Regulation (EU) 2017/373, Annex IV",no effective date; no access date; status quarantined; regulatory review outstanding
EASA-ATPLA-AL-000148,EASA,EASA:ATPL(A),quarantined,SERA.3210; SERA.8005,"Regulation (EU) No 923/2012, SERA.3210, SERA.8005 and Section 12; Regulation (EU) 2017/373, Annex IV",no effective date; no access date; status quarantined; regulatory review outstanding
EASA-ATPLA-AL-000149,EASA,EASA:ATPL(A),quarantined,SERA.3210; SERA.8005,"Regulation (EU) No 923/2012, SERA.3210, SERA.8005 and Section 12; Regulation (EU) 2017/373, Annex IV",no effective date; no access date; status quarantined; regulatory review outstanding
EASA-ATPLA-AL-000150,EASA,EASA:ATPL(A),quarantined,SERA.3210; SERA.8005,"Regulation (EU) No 923/2012, SERA.3210, SERA.8005 and Section 12; Regulation (EU) 2017/373, Annex IV",no effective date; no access date; status quarantined; regulatory review outstanding
EASA-ATPLA-AL-000151,EASA,EASA:ATPL(A),quarantined,,"Regulation (EU) No 923/2012, Sections 8 and 14; Regulation (EU) 2017/373, Annex IV (Part-ATS)",no exact provision; no effective date; no access date; status quarantined; regulatory review outstanding
EASA-ATPLA-AL-000152,EASA,EASA:ATPL(A),quarantined,,"Regulation (EU) No 923/2012, Sections 8 and 14; Regulation (EU) 2017/373, Annex IV (Part-ATS)",no exact provision; no effective date; no access date; status quarantined; regulatory review outstanding
EASA-ATPLA-AL-000153,EASA,EASA:ATPL(A),quarantined,,"Regulation (EU) No 923/2012, Sections 8 and 14; Regulation (EU) 2017/373, Annex IV (Part-ATS)",no exact provision; no effective date; no access date; status quarantined; regulatory review outstanding
EASA-ATPLA-AL-000154,EASA,EASA:ATPL(A),quarantined,,"Regulation (EU) No 923/2012, Sections 8 and 14; Regulation (EU) 2017/373, Annex IV (Part-ATS)",no exact provision; no effective date; no access date; status quarantined; regulatory review outstanding
EASA-ATPLA-AL-000155,EASA,EASA:ATPL(A),quarantined,,"Regulation (EU) No 923/2012, Sections 8 and 14; Regulation (EU) 2017/373, Annex IV (Part-ATS)",no exact provision; no effective date; no access date; status quarantined; regulatory review outstanding
EASA-ATPLA-AL-000156,EASA,EASA:ATPL(A),quarantined,,"Regulation (EU) No 923/2012, Sections 8 and 14; Regulation (EU) 2017/373, Annex IV (Part-ATS)",no exact provision; no effective date; no access date; status quarantined; regulatory review outstanding
EASA-ATPLA-AL-000157,EASA,EASA:ATPL(A),quarantined,,"Regulation (EU) No 923/2012, Sections 8 and 14; Regulation (EU) 2017/373, Annex IV (Part-ATS)",no exact provision; no effective date; no access date; status quarantined; regulatory review outstanding
EASA-ATPLA-AL-000158,EASA,EASA:ATPL(A),quarantined,,"Regulation (EU) No 923/2012, Sections 8 and 14; Regulation (EU) 2017/373, Annex IV (Part-ATS)",no exact provision; no effective date; no access date; status quarantined; regulatory review outstanding
EASA-ATPLA-AL-000159,EASA,EASA:ATPL(A),quarantined,,"Regulation (EU) No 923/2012, Sections 8 and 14; Regulation (EU) 2017/373, Annex IV (Part-ATS)",no exact provision; no effective date; no access date; status quarantined; regulatory review outstanding
EASA-ATPLA-AL-000160,EASA,EASA:ATPL(A),quarantined,,"Regulation (EU) No 923/2012, Sections 8 and 14; Regulation (EU) 2017/373, Annex IV (Part-ATS)",no exact provision; no effective date; no access date; status quarantined; regulatory review outstanding
EASA-ATPLA-AL-000161,EASA,EASA:ATPL(A),quarantined,,"Regulation (EU) 2017/373, Annex IV (Part-ATS); applicable separation minima and State procedures",no exact provision; no effective date; no access date; status quarantined; regulatory review outstanding
EASA-ATPLA-AL-000162,EASA,EASA:ATPL(A),quarantined,,"Regulation (EU) 2017/373, Annex IV (Part-ATS); applicable separation minima and State procedures",no exact provision; no effective date; no access date; status quarantined; regulatory review outstanding
EASA-ATPLA-AL-000163,EASA,EASA:ATPL(A),quarantined,,"Regulation (EU) 2017/373, Annex IV (Part-ATS); applicable separation minima and State procedures",no exact provision; no effective date; no access date; status quarantined; regulatory review outstanding
EASA-ATPLA-AL-000164,EASA,EASA:ATPL(A),quarantined,,"Regulation (EU) 2017/373, Annex IV (Part-ATS); applicable separation minima and State procedures",no exact provision; no effective date; no access date; status quarantined; regulatory review outstanding
EASA-ATPLA-AL-000165,EASA,EASA:ATPL(A),quarantined,,"Regulation (EU) 2017/373, Annex IV (Part-ATS); applicable separation minima and State procedures",no exact provision; no effective date; no access date; status quarantined; regulatory review outstanding
EASA-ATPLA-AL-000166,EASA,EASA:ATPL(A),quarantined,,"Regulation (EU) 2017/373, Annex IV (Part-ATS); applicable separation minima and State procedures",no exact provision; no effective date; no access date; status quarantined; regulatory review outstanding
EASA-ATPLA-AL-000167,EASA,EASA:ATPL(A),quarantined,,"Regulation (EU) 2017/373, Annex IV (Part-ATS); applicable separation minima and State procedures",no exact provision; no effective date; no access date; status quarantined; regulatory review outstanding
EASA-ATPLA-AL-000168,EASA,EASA:ATPL(A),quarantined,,"Regulation (EU) 2017/373, Annex IV (Part-ATS); applicable separation minima and State procedures",no exact provision; no effective date; no access date; status quarantined; regulatory review outstanding
EASA-ATPLA-AL-000169,EASA,EASA:ATPL(A),quarantined,,"Regulation (EU) 2017/373, Annex IV (Part-ATS); applicable separation minima and State procedures",no exact provision; no effective date; no access date; status quarantined; regulatory review outstanding
EASA-ATPLA-AL-000170,EASA,EASA:ATPL(A),quarantined,,"Regulation (EU) 2017/373, Annex IV (Part-ATS); applicable separation minima and State procedures",no exact provision; no effective date; no access date; status quarantined; regulatory review outstanding
EASA-ATPLA-AL-000171,EASA,EASA:ATPL(A),quarantined,,Historical ICAO Annex 11 concept; no assumption of current EASA-wide availability; applicable State AIP controls,no exact provision; no effective date; no access date; status quarantined; regulatory review outstanding
EASA-ATPLA-AL-000172,EASA,EASA:ATPL(A),quarantined,,Historical ICAO Annex 11 concept; no assumption of current EASA-wide availability; applicable State AIP controls,no exact provision; no effective date; no access date; status quarantined; regulatory review outstanding
EASA-ATPLA-AL-000173,EASA,EASA:ATPL(A),quarantined,,Historical ICAO Annex 11 concept; no assumption of current EASA-wide availability; applicable State AIP controls,no exact provision; no effective date; no access date; status quarantined; regulatory review outstanding
EASA-ATPLA-AL-000174,EASA,EASA:ATPL(A),quarantined,,Historical ICAO Annex 11 concept; no assumption of current EASA-wide availability; applicable State AIP controls,no exact provision; no effective date; no access date; status quarantined; regulatory review outstanding
EASA-ATPLA-AL-000175,EASA,EASA:ATPL(A),quarantined,,Historical ICAO Annex 11 concept; no assumption of current EASA-wide availability; applicable State AIP controls,no exact provision; no effective date; no access date; status quarantined; regulatory review outstanding
EASA-ATPLA-AL-000176,EASA,EASA:ATPL(A),quarantined,,Historical ICAO Annex 11 concept; no assumption of current EASA-wide availability; applicable State AIP controls,no exact provision; no effective date; no access date; status quarantined; regulatory review outstanding
EASA-ATPLA-AL-000177,EASA,EASA:ATPL(A),quarantined,,Historical ICAO Annex 11 concept; no assumption of current EASA-wide availability; applicable State AIP controls,no exact provision; no effective date; no access date; status quarantined; regulatory review outstanding
EASA-ATPLA-AL-000178,EASA,EASA:ATPL(A),quarantined,,Historical ICAO Annex 11 concept; no assumption of current EASA-wide availability; applicable State AIP controls,no exact provision; no effective date; no access date; status quarantined; regulatory review outstanding
EASA-ATPLA-AL-000179,EASA,EASA:ATPL(A),quarantined,,Historical ICAO Annex 11 concept; no assumption of current EASA-wide availability; applicable State AIP controls,no exact provision; no effective date; no access date; status quarantined; regulatory review outstanding
EASA-ATPLA-AL-000180,EASA,EASA:ATPL(A),quarantined,,Historical ICAO Annex 11 concept; no assumption of current EASA-wide availability; applicable State AIP controls,no exact provision; no effective date; no access date; status quarantined; regulatory review outstanding
EASA-ATPLA-AL-000181,EASA,EASA:ATPL(A),quarantined,,"Regulation (EU) No 923/2012, Section 13; Regulation (EU) 2017/373, Annex IV (Part-ATS)",no exact provision; no effective date; no access date; status quarantined; regulatory review outstanding
EASA-ATPLA-AL-000182,EASA,EASA:ATPL(A),quarantined,,"Regulation (EU) No 923/2012, Section 13; Regulation (EU) 2017/373, Annex IV (Part-ATS)",no exact provision; no effective date; no access date; status quarantined; regulatory review outstanding
EASA-ATPLA-AL-000183,EASA,EASA:ATPL(A),quarantined,,"Regulation (EU) No 923/2012, Section 13; Regulation (EU) 2017/373, Annex IV (Part-ATS)",no exact provision; no effective date; no access date; status quarantined; regulatory review outstanding
EASA-ATPLA-AL-000184,EASA,EASA:ATPL(A),quarantined,,"Regulation (EU) No 923/2012, Section 13; Regulation (EU) 2017/373, Annex IV (Part-ATS)",no exact provision; no effective date; no access date; status quarantined; regulatory review outstanding
EASA-ATPLA-AL-000185,EASA,EASA:ATPL(A),quarantined,,"Regulation (EU) No 923/2012, Section 13; Regulation (EU) 2017/373, Annex IV (Part-ATS)",no exact provision; no effective date; no access date; status quarantined; regulatory review outstanding
EASA-ATPLA-AL-000186,EASA,EASA:ATPL(A),quarantined,,"Regulation (EU) No 923/2012, Section 13; Regulation (EU) 2017/373, Annex IV (Part-ATS)",no exact provision; no effective date; no access date; status quarantined; regulatory review outstanding
EASA-ATPLA-AL-000187,EASA,EASA:ATPL(A),quarantined,,"Regulation (EU) No 923/2012, Section 13; Regulation (EU) 2017/373, Annex IV (Part-ATS)",no exact provision; no effective date; no access date; status quarantined; regulatory review outstanding
EASA-ATPLA-AL-000188,EASA,EASA:ATPL(A),quarantined,,"Regulation (EU) No 923/2012, Section 13; Regulation (EU) 2017/373, Annex IV (Part-ATS)",no exact provision; no effective date; no access date; status quarantined; regulatory review outstanding
EASA-ATPLA-AL-000189,EASA,EASA:ATPL(A),quarantined,,"Regulation (EU) No 923/2012, Section 13; Regulation (EU) 2017/373, Annex IV (Part-ATS)",no exact provision; no effective date; no access date; status quarantined; regulatory review outstanding
EASA-ATPLA-AL-000190,EASA,EASA:ATPL(A),quarantined,,"Regulation (EU) No 923/2012, Section 13; Regulation (EU) 2017/373, Annex IV (Part-ATS)",no exact provision; no effective date; no access date; status quarantined; regulatory review outstanding
EASA-ATPLA-AL-000191,EASA,EASA:ATPL(A),current_pending_second_review,SERA.13001; SERA.13020,"Regulation (EU) No 923/2012, SERA.13001-SERA.13020",no effective date; status current_pending_second_review; regulatory review outstanding
EASA-ATPLA-AL-000192,EASA,EASA:ATPL(A),current_pending_second_review,SERA.13001; SERA.13020,"Regulation (EU) No 923/2012, SERA.13001-SERA.13020",no effective date; status current_pending_second_review; regulatory review outstanding
EASA-ATPLA-AL-000193,EASA,EASA:ATPL(A),current_pending_second_review,SERA.13001; SERA.13020,"Regulation (EU) No 923/2012, SERA.13001-SERA.13020",no effective date; status current_pending_second_review; regulatory review outstanding
EASA-ATPLA-AL-000194,EASA,EASA:ATPL(A),current_pending_second_review,SERA.13001; SERA.13020,"Regulation (EU) No 923/2012, SERA.13001-SERA.13020",no effective date; status current_pending_second_review; regulatory review outstanding
EASA-ATPLA-AL-000195,EASA,EASA:ATPL(A),current_pending_second_review,SERA.13001; SERA.13020,"Regulation (EU) No 923/2012, SERA.13001-SERA.13020",no effective date; status current_pending_second_review; regulatory review outstanding
EASA-ATPLA-AL-000196,EASA,EASA:ATPL(A),current_pending_second_review,SERA.13001; SERA.13020,"Regulation (EU) No 923/2012, SERA.13001-SERA.13020",no effective date; status current_pending_second_review; regulatory review outstanding
EASA-ATPLA-AL-000197,EASA,EASA:ATPL(A),current_pending_second_review,SERA.13001; SERA.13020,"Regulation (EU) No 923/2012, SERA.13001-SERA.13020",no effective date; status current_pending_second_review; regulatory review outstanding
EASA-ATPLA-AL-000198,EASA,EASA:ATPL(A),current_pending_second_review,SERA.13001; SERA.13020,"Regulation (EU) No 923/2012, SERA.13001-SERA.13020",no effective date; status current_pending_second_review; regulatory review outstanding
EASA-ATPLA-AL-000199,EASA,EASA:ATPL(A),current_pending_second_review,SERA.13001; SERA.13020,"Regulation (EU) No 923/2012, SERA.13001-SERA.13020",no effective date; status current_pending_second_review; regulatory review outstanding
EASA-ATPLA-AL-000200,EASA,EASA:ATPL(A),current_pending_second_review,SERA.13001; SERA.13020,"Regulation (EU) No 923/2012, SERA.13001-SERA.13020",no effective date; status current_pending_second_review; regulatory review outstanding
EASA-ATPLA-AL-000201,EASA,EASA:ATPL(A),current_pending_second_review,SERA.10001; SERA.10005,"Regulation (EU) No 923/2012, SERA.10001-SERA.10005; Regulation (EU) 2017/373, Annex IV",no effective date; status current_pending_second_review; regulatory review outstanding
EASA-ATPLA-AL-000202,EASA,EASA:ATPL(A),current_pending_second_review,SERA.10001; SERA.10005,"Regulation (EU) No 923/2012, SERA.10001-SERA.10005; Regulation (EU) 2017/373, Annex IV",no effective date; status current_pending_second_review; regulatory review outstanding
EASA-ATPLA-AL-000203,EASA,EASA:ATPL(A),current_pending_second_review,SERA.10001; SERA.10005,"Regulation (EU) No 923/2012, SERA.10001-SERA.10005; Regulation (EU) 2017/373, Annex IV",no effective date; status current_pending_second_review; regulatory review outstanding
EASA-ATPLA-AL-000204,EASA,EASA:ATPL(A),current_pending_second_review,SERA.10001; SERA.10005,"Regulation (EU) No 923/2012, SERA.10001-SERA.10005; Regulation (EU) 2017/373, Annex IV",no effective date; status current_pending_second_review; regulatory review outstanding
EASA-ATPLA-AL-000205,EASA,EASA:ATPL(A),current_pending_second_review,SERA.10001; SERA.10005,"Regulation (EU) No 923/2012, SERA.10001-SERA.10005; Regulation (EU) 2017/373, Annex IV",no effective date; status current_pending_second_review; regulatory review outstanding
EASA-ATPLA-AL-000206,EASA,EASA:ATPL(A),current_pending_second_review,SERA.10001; SERA.10005,"Regulation (EU) No 923/2012, SERA.10001-SERA.10005; Regulation (EU) 2017/373, Annex IV",no effective date; status current_pending_second_review; regulatory review outstanding
EASA-ATPLA-AL-000207,EASA,EASA:ATPL(A),current_pending_second_review,SERA.10001; SERA.10005,"Regulation (EU) No 923/2012, SERA.10001-SERA.10005; Regulation (EU) 2017/373, Annex IV",no effective date; status current_pending_second_review; regulatory review outstanding
EASA-ATPLA-AL-000208,EASA,EASA:ATPL(A),current_pending_second_review,SERA.10001; SERA.10005,"Regulation (EU) No 923/2012, SERA.10001-SERA.10005; Regulation (EU) 2017/373, Annex IV",no effective date; status current_pending_second_review; regulatory review outstanding
EASA-ATPLA-AL-000209,EASA,EASA:ATPL(A),current_pending_second_review,SERA.10001; SERA.10005,"Regulation (EU) No 923/2012, SERA.10001-SERA.10005; Regulation (EU) 2017/373, Annex IV",no effective date; status current_pending_second_review; regulatory review outstanding
EASA-ATPLA-AL-000210,EASA,EASA:ATPL(A),current_pending_second_review,SERA.10001; SERA.10005,"Regulation (EU) No 923/2012, SERA.10001-SERA.10005; Regulation (EU) 2017/373, Annex IV",no effective date; status current_pending_second_review; regulatory review outstanding
EASA-ATPLA-AL-000211,EASA,EASA:ATPL(A),quarantined,SERA.10001; SERA.10005,"Chicago Convention Annex 12; Regulation (EU) No 923/2012, SERA.10001-SERA.10005 and Appendix 1",no effective date; no access date; status quarantined; regulatory review outstanding
EASA-ATPLA-AL-000212,EASA,EASA:ATPL(A),quarantined,SERA.10001; SERA.10005,"Chicago Convention Annex 12; Regulation (EU) No 923/2012, SERA.10001-SERA.10005 and Appendix 1",no effective date; no access date; status quarantined; regulatory review outstanding
EASA-ATPLA-AL-000213,EASA,EASA:ATPL(A),quarantined,SERA.10001; SERA.10005,"Chicago Convention Annex 12; Regulation (EU) No 923/2012, SERA.10001-SERA.10005 and Appendix 1",no effective date; no access date; status quarantined; regulatory review outstanding
EASA-ATPLA-AL-000214,EASA,EASA:ATPL(A),quarantined,SERA.10001; SERA.10005,"Chicago Convention Annex 12; Regulation (EU) No 923/2012, SERA.10001-SERA.10005 and Appendix 1",no effective date; no access date; status quarantined; regulatory review outstanding
EASA-ATPLA-AL-000215,EASA,EASA:ATPL(A),quarantined,SERA.10001; SERA.10005,"Chicago Convention Annex 12; Regulation (EU) No 923/2012, SERA.10001-SERA.10005 and Appendix 1",no effective date; no access date; status quarantined; regulatory review outstanding
EASA-ATPLA-AL-000216,EASA,EASA:ATPL(A),quarantined,SERA.10001; SERA.10005,"Chicago Convention Annex 12; Regulation (EU) No 923/2012, SERA.10001-SERA.10005 and Appendix 1",no effective date; no access date; status quarantined; regulatory review outstanding
EASA-ATPLA-AL-000217,EASA,EASA:ATPL(A),quarantined,SERA.10001; SERA.10005,"Chicago Convention Annex 12; Regulation (EU) No 923/2012, SERA.10001-SERA.10005 and Appendix 1",no effective date; no access date; status quarantined; regulatory review outstanding
EASA-ATPLA-AL-000218,EASA,EASA:ATPL(A),quarantined,SERA.10001; SERA.10005,"Chicago Convention Annex 12; Regulation (EU) No 923/2012, SERA.10001-SERA.10005 and Appendix 1",no effective date; no access date; status quarantined; regulatory review outstanding
EASA-ATPLA-AL-000219,EASA,EASA:ATPL(A),quarantined,SERA.10001; SERA.10005,"Chicago Convention Annex 12; Regulation (EU) No 923/2012, SERA.10001-SERA.10005 and Appendix 1",no effective date; no access date; status quarantined; regulatory review outstanding
EASA-ATPLA-AL-000220,EASA,EASA:ATPL(A),quarantined,SERA.10001; SERA.10005,"Chicago Convention Annex 12; Regulation (EU) No 923/2012, SERA.10001-SERA.10005 and Appendix 1",no effective date; no access date; status quarantined; regulatory review outstanding
EASA-ATPLA-AL-000221,EASA,EASA:ATPL(A),quarantined,,"Regulation (EU) No 139/2014, Annexes III and IV; applicable Certification Specifications for Aerodromes",no exact provision; no effective date; no access date; status quarantined; regulatory review outstanding
EASA-ATPLA-AL-000222,EASA,EASA:ATPL(A),quarantined,,"Regulation (EU) No 139/2014, Annexes III and IV; applicable Certification Specifications for Aerodromes",no exact provision; no effective date; no access date; status quarantined; regulatory review outstanding
EASA-ATPLA-AL-000223,EASA,EASA:ATPL(A),quarantined,,"Regulation (EU) No 139/2014, Annexes III and IV; applicable Certification Specifications for Aerodromes",no exact provision; no effective date; no access date; status quarantined; regulatory review outstanding
EASA-ATPLA-AL-000224,EASA,EASA:ATPL(A),quarantined,,"Regulation (EU) No 139/2014, Annexes III and IV; applicable Certification Specifications for Aerodromes",no exact provision; no effective date; no access date; status quarantined; regulatory review outstanding
EASA-ATPLA-AL-000225,EASA,EASA:ATPL(A),quarantined,,"Regulation (EU) No 139/2014, Annexes III and IV; applicable Certification Specifications for Aerodromes",no exact provision; no effective date; no access date; status quarantined; regulatory review outstanding
EASA-ATPLA-AL-000226,EASA,EASA:ATPL(A),quarantined,,"Regulation (EU) No 139/2014, Annexes III and IV; applicable Certification Specifications for Aerodromes",no exact provision; no effective date; no access date; status quarantined; regulatory review outstanding
EASA-ATPLA-AL-000227,EASA,EASA:ATPL(A),quarantined,,"Regulation (EU) No 139/2014, Annexes III and IV; applicable Certification Specifications for Aerodromes",no exact provision; no effective date; no access date; status quarantined; regulatory review outstanding
EASA-ATPLA-AL-000228,EASA,EASA:ATPL(A),quarantined,,"Regulation (EU) No 139/2014, Annexes III and IV; applicable Certification Specifications for Aerodromes",no exact provision; no effective date; no access date; status quarantined; regulatory review outstanding
EASA-ATPLA-AL-000229,EASA,EASA:ATPL(A),quarantined,,"Regulation (EU) No 139/2014, Annexes III and IV; applicable Certification Specifications for Aerodromes",no exact provision; no effective date; no access date; status quarantined; regulatory review outstanding
EASA-ATPLA-AL-000230,EASA,EASA:ATPL(A),quarantined,,"Regulation (EU) No 139/2014, Annexes III and IV; applicable Certification Specifications for Aerodromes",no exact provision; no effective date; no access date; status quarantined; regulatory review outstanding
EASA-ATPLA-AL-000231,EASA,EASA:ATPL(A),quarantined,,"Regulation (EC) No 300/2008 and Commission Implementing Regulation (EU) 2015/1998, as amended",no exact provision; no effective date; no access date; status quarantined; regulatory review outstanding
EASA-ATPLA-AL-000232,EASA,EASA:ATPL(A),quarantined,,"Regulation (EC) No 300/2008 and Commission Implementing Regulation (EU) 2015/1998, as amended",no exact provision; no effective date; no access date; status quarantined; regulatory review outstanding
EASA-ATPLA-AL-000233,EASA,EASA:ATPL(A),quarantined,,"Regulation (EC) No 300/2008 and Commission Implementing Regulation (EU) 2015/1998, as amended",no exact provision; no effective date; no access date; status quarantined; regulatory review outstanding
EASA-ATPLA-AL-000234,EASA,EASA:ATPL(A),quarantined,,"Regulation (EC) No 300/2008 and Commission Implementing Regulation (EU) 2015/1998, as amended",no exact provision; no effective date; no access date; status quarantined; regulatory review outstanding
EASA-ATPLA-AL-000235,EASA,EASA:ATPL(A),quarantined,,"Regulation (EC) No 300/2008 and Commission Implementing Regulation (EU) 2015/1998, as amended",no exact provision; no effective date; no access date; status quarantined; regulatory review outstanding
EASA-ATPLA-AL-000236,EASA,EASA:ATPL(A),quarantined,,"Regulation (EC) No 300/2008 and Commission Implementing Regulation (EU) 2015/1998, as amended",no exact provision; no effective date; no access date; status quarantined; regulatory review outstanding
EASA-ATPLA-AL-000237,EASA,EASA:ATPL(A),quarantined,,"Regulation (EC) No 300/2008 and Commission Implementing Regulation (EU) 2015/1998, as amended",no exact provision; no effective date; no access date; status quarantined; regulatory review outstanding
EASA-ATPLA-AL-000238,EASA,EASA:ATPL(A),quarantined,,"Regulation (EC) No 300/2008 and Commission Implementing Regulation (EU) 2015/1998, as amended",no exact provision; no effective date; no access date; status quarantined; regulatory review outstanding
EASA-ATPLA-AL-000239,EASA,EASA:ATPL(A),quarantined,,"Regulation (EC) No 300/2008 and Commission Implementing Regulation (EU) 2015/1998, as amended",no exact provision; no effective date; no access date; status quarantined; regulatory review outstanding
EASA-ATPLA-AL-000240,EASA,EASA:ATPL(A),quarantined,,"Regulation (EC) No 300/2008 and Commission Implementing Regulation (EU) 2015/1998, as amended",no exact provision; no effective date; no access date; status quarantined; regulatory review outstanding
EASA-ATPLA-AL-000241,EASA,EASA:ATPL(A),quarantined,,"Regulation (EU) No 996/2010, especially Articles 1, 2, 5, 14, 16 and 17; ICAO Annex 13",no exact provision; no effective date; no access date; status quarantined; regulatory review outstanding
EASA-ATPLA-AL-000242,EASA,EASA:ATPL(A),quarantined,,"Regulation (EU) No 996/2010, especially Articles 1, 2, 5, 14, 16 and 17; ICAO Annex 13",no exact provision; no effective date; no access date; status quarantined; regulatory review outstanding
EASA-ATPLA-AL-000243,EASA,EASA:ATPL(A),quarantined,,"Regulation (EU) No 996/2010, especially Articles 1, 2, 5, 14, 16 and 17; ICAO Annex 13",no exact provision; no effective date; no access date; status quarantined; regulatory review outstanding
EASA-ATPLA-AL-000244,EASA,EASA:ATPL(A),quarantined,,"Regulation (EU) No 996/2010, especially Articles 1, 2, 5, 14, 16 and 17; ICAO Annex 13",no exact provision; no effective date; no access date; status quarantined; regulatory review outstanding
EASA-ATPLA-AL-000245,EASA,EASA:ATPL(A),quarantined,,"Regulation (EU) No 996/2010, especially Articles 1, 2, 5, 14, 16 and 17; ICAO Annex 13",no exact provision; no effective date; no access date; status quarantined; regulatory review outstanding
EASA-ATPLA-AL-000246,EASA,EASA:ATPL(A),quarantined,,"Regulation (EU) No 996/2010, especially Articles 1, 2, 5, 14, 16 and 17; ICAO Annex 13",no exact provision; no effective date; no access date; status quarantined; regulatory review outstanding
EASA-ATPLA-AL-000247,EASA,EASA:ATPL(A),quarantined,,"Regulation (EU) No 996/2010, especially Articles 1, 2, 5, 14, 16 and 17; ICAO Annex 13",no exact provision; no effective date; no access date; status quarantined; regulatory review outstanding
EASA-ATPLA-AL-000248,EASA,EASA:ATPL(A),quarantined,,"Regulation (EU) No 996/2010, especially Articles 1, 2, 5, 14, 16 and 17; ICAO Annex 13",no exact provision; no effective date; no access date; status quarantined; regulatory review outstanding
EASA-ATPLA-AL-000249,EASA,EASA:ATPL(A),quarantined,,"Regulation (EU) No 996/2010, especially Articles 1, 2, 5, 14, 16 and 17; ICAO Annex 13",no exact provision; no effective date; no access date; status quarantined; regulatory review outstanding
EASA-ATPLA-AL-000250,EASA,EASA:ATPL(A),quarantined,,"Regulation (EU) No 996/2010, especially Articles 1, 2, 5, 14, 16 and 17; ICAO Annex 13",no exact provision; no effective date; no access date; status quarantined; regulatory review outstanding
EASA-ATPLA-AL-000251,EASA,EASA:ATPL(A),quarantined,,"Chicago Convention Annex 9; applicable EU and national border, immigration, customs and public-health law",no exact provision; no effective date; no access date; status quarantined; regulatory review outstanding
EASA-ATPLA-AL-000252,EASA,EASA:ATPL(A),quarantined,,"Chicago Convention Annex 9; applicable EU and national border, immigration, customs and public-health law",no exact provision; no effective date; no access date; status quarantined; regulatory review outstanding
EASA-ATPLA-AL-000253,EASA,EASA:ATPL(A),quarantined,,"Chicago Convention Annex 9; applicable EU and national border, immigration, customs and public-health law",no exact provision; no effective date; no access date; status quarantined; regulatory review outstanding
EASA-ATPLA-AL-000254,EASA,EASA:ATPL(A),quarantined,,"Chicago Convention Annex 9; applicable EU and national border, immigration, customs and public-health law",no exact provision; no effective date; no access date; status quarantined; regulatory review outstanding
EASA-ATPLA-AL-000255,EASA,EASA:ATPL(A),quarantined,,"Chicago Convention Annex 9; applicable EU and national border, immigration, customs and public-health law",no exact provision; no effective date; no access date; status quarantined; regulatory review outstanding
EASA-ATPLA-AL-000256,EASA,EASA:ATPL(A),quarantined,,"Chicago Convention Annex 9; applicable EU and national border, immigration, customs and public-health law",no exact provision; no effective date; no access date; status quarantined; regulatory review outstanding
EASA-ATPLA-AL-000257,EASA,EASA:ATPL(A),quarantined,,"Chicago Convention Annex 9; applicable EU and national border, immigration, customs and public-health law",no exact provision; no effective date; no access date; status quarantined; regulatory review outstanding
EASA-ATPLA-AL-000258,EASA,EASA:ATPL(A),quarantined,,"Chicago Convention Annex 9; applicable EU and national border, immigration, customs and public-health law",no exact provision; no effective date; no access date; status quarantined; regulatory review outstanding
EASA-ATPLA-AL-000259,EASA,EASA:ATPL(A),quarantined,,"Chicago Convention Annex 9; applicable EU and national border, immigration, customs and public-health law",no exact provision; no effective date; no access date; status quarantined; regulatory review outstanding
EASA-ATPLA-AL-000260,EASA,EASA:ATPL(A),quarantined,,"Chicago Convention Annex 9; applicable EU and national border, immigration, customs and public-health law",no exact provision; no effective date; no access date; status quarantined; regulatory review outstanding
EASA-ATPLA-AL-000261,EASA,EASA:ATPL(A),quarantined,,Applicable State AIP and national aviation law; Regulation (EU) 2018/1139 within EU scope; UK law for UK-only matters,no exact provision; no effective date; no access date; status quarantined; regulatory review outstanding
EASA-ATPLA-AL-000262,EASA,EASA:ATPL(A),quarantined,,Applicable State AIP and national aviation law; Regulation (EU) 2018/1139 within EU scope; UK law for UK-only matters,no exact provision; no effective date; no access date; status quarantined; regulatory review outstanding
EASA-ATPLA-AL-000263,EASA,EASA:ATPL(A),quarantined,,Applicable State AIP and national aviation law; Regulation (EU) 2018/1139 within EU scope; UK law for UK-only matters,no exact provision; no effective date; no access date; status quarantined; regulatory review outstanding
EASA-ATPLA-AL-000264,EASA,EASA:ATPL(A),quarantined,,Applicable State AIP and national aviation law; Regulation (EU) 2018/1139 within EU scope; UK law for UK-only matters,no exact provision; no effective date; no access date; status quarantined; regulatory review outstanding
EASA-ATPLA-AL-000265,EASA,EASA:ATPL(A),quarantined,,Applicable State AIP and national aviation law; Regulation (EU) 2018/1139 within EU scope; UK law for UK-only matters,no exact provision; no effective date; no access date; status quarantined; regulatory review outstanding
EASA-ATPLA-AL-000266,EASA,EASA:ATPL(A),quarantined,,Applicable State AIP and national aviation law; Regulation (EU) 2018/1139 within EU scope; UK law for UK-only matters,no exact provision; no effective date; no access date; status quarantined; regulatory review outstanding
EASA-ATPLA-AL-000267,EASA,EASA:ATPL(A),quarantined,,Applicable State AIP and national aviation law; Regulation (EU) 2018/1139 within EU scope; UK law for UK-only matters,no exact provision; no effective date; no access date; status quarantined; regulatory review outstanding
EASA-ATPLA-AL-000268,EASA,EASA:ATPL(A),quarantined,,Applicable State AIP and national aviation law; Regulation (EU) 2018/1139 within EU scope; UK law for UK-only matters,no exact provision; no effective date; no access date; status quarantined; regulatory review outstanding
EASA-ATPLA-AL-000269,EASA,EASA:ATPL(A),quarantined,,Applicable State AIP and national aviation law; Regulation (EU) 2018/1139 within EU scope; UK law for UK-only matters,no exact provision; no effective date; no access date; status quarantined; regulatory review outstanding
EASA-ATPLA-AL-000270,EASA,EASA:ATPL(A),quarantined,,Applicable State AIP and national aviation law; Regulation (EU) 2018/1139 within EU scope; UK law for UK-only matters,no exact provision; no effective date; no access date; status quarantined; regulatory review outstanding
EASA-ATPLA-AL-000271,EASA,EASA:ATPL(A),quarantined,,"Commission Regulation (EU) No 748/2012, Part 21 Subpart P",no exact provision; no effective date; no access date; status quarantined; regulatory review outstanding
EASA-ATPLA-AL-000272,EASA,EASA:ATPL(A),quarantined,,"Commission Regulation (EU) No 1321/2014, Part-M / Part-CAMO",no exact provision; no effective date; no access date; status quarantined; regulatory review outstanding
EASA-ATPLA-AL-000273,EASA,EASA:ATPL(A),quarantined,,"Commission Regulation (EU) No 1321/2014, Part-M, M.A.201",no exact provision; no effective date; no access date; status quarantined; regulatory review outstanding
EASA-ATPLA-AL-000274,EASA,EASA:ATPL(A),quarantined,,"Commission Regulation (EU) No 1321/2014, Part-M, M.A.801 / Part-145",no exact provision; no effective date; no access date; status quarantined; regulatory review outstanding
EASA-ATPLA-AL-000275,EASA,EASA:ATPL(A),quarantined,,"ICAO Annex 11, Chapter 2",no exact provision; no effective date; no access date; status quarantined; regulatory review outstanding
EASA-ATPLA-AL-000276,EASA,EASA:ATPL(A),quarantined,,"ICAO Annex 11 / PANS-ATM Doc 4444, Chapter 5",no exact provision; no effective date; no access date; status quarantined; regulatory review outstanding
EASA-ATPLA-AL-000277,EASA,EASA:ATPL(A),quarantined,,"ICAO PANS-ATM Doc 4444, Chapter 5",no exact provision; no effective date; no access date; status quarantined; regulatory review outstanding
EASA-ATPLA-AL-000278,EASA,EASA:ATPL(A),quarantined,,"ICAO PANS-ATM Doc 4444, Chapter 8",no exact provision; no effective date; no access date; status quarantined; regulatory review outstanding
EASA-ATPLA-AL-000279,EASA,EASA:ATPL(A),quarantined,,"ICAO PANS-ATM Doc 4444, Chapter 15",no exact provision; no effective date; no access date; status quarantined; regulatory review outstanding
EASA-ATPLA-AL-000280,EASA,EASA:ATPL(A),quarantined,SERA.14025,"ICAO Annex 2, Appendix 2; SERA.14025",no effective date; no access date; status quarantined; regulatory review outstanding
EASA-ATPLA-AL-000281,EASA,EASA:ATPL(A),quarantined,,"ICAO Annex 11, Chapter 2",no exact provision; no effective date; no access date; status quarantined; regulatory review outstanding
EASA-ATPLA-AL-000282,EASA,EASA:ATPL(A),quarantined,,"ICAO PANS-ATM Doc 4444, Chapter 5",no exact provision; no effective date; no access date; status quarantined; regulatory review outstanding
EASA-ATPLA-AL-000283,EASA,EASA:ATPL(A),quarantined,,"ICAO Annex 11, Chapter 2",no exact provision; no effective date; no access date; status quarantined; regulatory review outstanding
EASA-ATPLA-AL-000284,EASA,EASA:ATPL(A),quarantined,,"ICAO Annex 11, Chapter 2",no exact provision; no effective date; no access date; status quarantined; regulatory review outstanding
EASA-ATPLA-AL-000285,EASA,EASA:ATPL(A),quarantined,,"ICAO PANS-ATM Doc 4444, Chapter 7",no exact provision; no effective date; no access date; status quarantined; regulatory review outstanding
EASA-ATPLA-AL-000286,EASA,EASA:ATPL(A),quarantined,,"ICAO PANS-ATM Doc 4444, Chapter 7",no exact provision; no effective date; no access date; status quarantined; regulatory review outstanding
EASA-ATPLA-AL-000287,EASA,EASA:ATPL(A),quarantined,,"ICAO PANS-ATM Doc 4444, Chapter 7",no exact provision; no effective date; no access date; status quarantined; regulatory review outstanding
EASA-ATPLA-AL-000288,EASA,EASA:ATPL(A),quarantined,,"ICAO PANS-ATM Doc 4444, Chapter 7",no exact provision; no effective date; no access date; status quarantined; regulatory review outstanding
EASA-ATPLA-AL-000289,EASA,EASA:ATPL(A),quarantined,,"ICAO PANS-ATM Doc 4444, Chapter 6",no exact provision; no effective date; no access date; status quarantined; regulatory review outstanding
EASA-ATPLA-AL-000290,EASA,EASA:ATPL(A),quarantined,,"ICAO PANS-ATM Doc 4444, Chapter 6",no exact provision; no effective date; no access date; status quarantined; regulatory review outstanding
EASA-ATPLA-AL-000291,EASA,EASA:ATPL(A),quarantined,,"ICAO PANS-ATM Doc 4444, Chapter 5",no exact provision; no effective date; no access date; status quarantined; regulatory review outstanding
EASA-ATPLA-AL-000292,EASA,EASA:ATPL(A),quarantined,,"ICAO PANS-ATM Doc 4444, Chapter 5",no exact provision; no effective date; no access date; status quarantined; regulatory review outstanding
EASA-ATPLA-AL-000293,EASA,EASA:ATPL(A),quarantined,,"ICAO PANS-ATM Doc 4444, Chapter 7",no exact provision; no effective date; no access date; status quarantined; regulatory review outstanding
EASA-ATPLA-AL-000294,EASA,EASA:ATPL(A),quarantined,,"ICAO PANS-ATM Doc 4444, Chapter 7",no exact provision; no effective date; no access date; status quarantined; regulatory review outstanding
EASA-ATPLA-AL-000295,EASA,EASA:ATPL(A),quarantined,,"ICAO PANS-ATM Doc 4444, Chapter 4",no exact provision; no effective date; no access date; status quarantined; regulatory review outstanding
EASA-ATPLA-AL-000296,EASA,EASA:ATPL(A),quarantined,,"ICAO PANS-ATM Doc 4444, Chapter 7",no exact provision; no effective date; no access date; status quarantined; regulatory review outstanding
EASA-ATPLA-AL-000297,EASA,EASA:ATPL(A),quarantined,,"ICAO PANS-OPS Doc 8168, Volume II, Part I",no exact provision; no effective date; no access date; status quarantined; regulatory review outstanding
EASA-ATPLA-AL-000298,EASA,EASA:ATPL(A),quarantined,,"ICAO PANS-OPS Doc 8168, Volume I",no exact provision; no effective date; no access date; status quarantined; regulatory review outstanding
EASA-ATPLA-AL-000299,EASA,EASA:ATPL(A),quarantined,,"ICAO PANS-OPS Doc 8168, Volume II",no exact provision; no effective date; no access date; status quarantined; regulatory review outstanding
EASA-ATPLA-AL-000300,EASA,EASA:ATPL(A),quarantined,,"ICAO PANS-OPS Doc 8168, Volume II, Part III, Section 3",no exact provision; no effective date; no access date; status quarantined; regulatory review outstanding
EASA-ATPLA-AL-000301,EASA,EASA:ATPL(A),quarantined,,"ICAO PANS-OPS Doc 8168, Volume II, Part III, Section 3",no exact provision; no effective date; no access date; status quarantined; regulatory review outstanding
EASA-ATPLA-AL-000302,EASA,EASA:ATPL(A),quarantined,,"ICAO PANS-OPS Doc 8168, Volume II, Part I, Section 4",no exact provision; no effective date; no access date; status quarantined; regulatory review outstanding
EASA-ATPLA-AL-000303,EASA,EASA:ATPL(A),quarantined,,"ICAO PANS-OPS Doc 8168, Volume II, Part I, Section 4",no exact provision; no effective date; no access date; status quarantined; regulatory review outstanding
EASA-ATPLA-AL-000304,EASA,EASA:ATPL(A),quarantined,,"ICAO PANS-OPS Doc 8168, Volume II, Part I, Section 2",no exact provision; no effective date; no access date; status quarantined; regulatory review outstanding
EASA-ATPLA-AL-000305,EASA,EASA:ATPL(A),quarantined,,"ICAO PANS-OPS Doc 8168, Volume II, Part I, Section 4",no exact provision; no effective date; no access date; status quarantined; regulatory review outstanding
EASA-ATPLA-AL-000306,EASA,EASA:ATPL(A),quarantined,,"ICAO PANS-OPS Doc 8168, Volume II, Part I, Section 4",no exact provision; no effective date; no access date; status quarantined; regulatory review outstanding
EASA-ATPLA-AL-000307,EASA,EASA:ATPL(A),quarantined,,"ICAO PANS-OPS Doc 8168, Volume II, Part I, Section 4",no exact provision; no effective date; no access date; status quarantined; regulatory review outstanding
EASA-ATPLA-AL-000308,EASA,EASA:ATPL(A),quarantined,,"ICAO PANS-OPS Doc 8168, Volume II, Part I, Section 4",no exact provision; no effective date; no access date; status quarantined; regulatory review outstanding
EASA-ATPLA-AL-000309,EASA,EASA:ATPL(A),quarantined,,"ICAO PANS-OPS Doc 8168, Volume II, Part I, Section 4",no exact provision; no effective date; no access date; status quarantined; regulatory review outstanding
EASA-ATPLA-AL-000310,EASA,EASA:ATPL(A),quarantined,,"ICAO PANS-OPS Doc 8168, Volume II, Part I, Section 4",no exact provision; no effective date; no access date; status quarantined; regulatory review outstanding
EASA-ATPLA-AL-000311,EASA,EASA:ATPL(A),quarantined,,"ICAO PANS-OPS Doc 8168, Volume II, Part I, Section 4",no exact provision; no effective date; no access date; status quarantined; regulatory review outstanding
EASA-ATPLA-AL-000312,EASA,EASA:ATPL(A),quarantined,,"ICAO PANS-OPS Doc 8168, Volume II, Part I, Section 4",no exact provision; no effective date; no access date; status quarantined; regulatory review outstanding
EASA-ATPLA-AL-000313,EASA,EASA:ATPL(A),quarantined,,"ICAO PANS-OPS Doc 8168, Volume II, Part III, Section 3; ICAO Doc 9613 (PBN Manual)",no exact provision; no effective date; no access date; status quarantined; regulatory review outstanding
EASA-ATPLA-AL-000314,EASA,EASA:ATPL(A),quarantined,,"ICAO PANS-OPS Doc 8168, Volume II, Part I, Section 5",no exact provision; no effective date; no access date; status quarantined; regulatory review outstanding
EASA-ATPLA-AL-000315,EASA,EASA:ATPL(A),quarantined,,"ICAO PANS-OPS Doc 8168, Volume II, Part I, Section 5",no exact provision; no effective date; no access date; status quarantined; regulatory review outstanding
EASA-ATPLA-AL-000316,EASA,EASA:ATPL(A),quarantined,,"ICAO Annex 2 / PANS-OPS Doc 8168, Volume I, Part VI",no exact provision; no effective date; no access date; status quarantined; regulatory review outstanding
EASA-ATPLA-AL-000317,EASA,EASA:ATPL(A),quarantined,,"ICAO PANS-ATM Doc 4444, Chapter 6",no exact provision; no effective date; no access date; status quarantined; regulatory review outstanding
EASA-ATPLA-AL-000318,EASA,EASA:ATPL(A),quarantined,,"ICAO PANS-ATM Doc 4444, Chapter 6",no exact provision; no effective date; no access date; status quarantined; regulatory review outstanding
EASA-ATPLA-AL-000319,EASA,EASA:ATPL(A),quarantined,,"ICAO PANS-OPS Doc 8168, Volume II, Part I, Section 3",no exact provision; no effective date; no access date; status quarantined; regulatory review outstanding
EASA-ATPLA-AL-000320,EASA,EASA:ATPL(A),quarantined,,"ICAO Annex 11, Chapter 2",no exact provision; no effective date; no access date; status quarantined; regulatory review outstanding
EASA-ATPLA-AL-000321,EASA,EASA:ATPL(A),quarantined,,"ICAO Annex 11, Chapter 2",no exact provision; no effective date; no access date; status quarantined; regulatory review outstanding
EASA-ATPLA-AL-000322,EASA,EASA:ATPL(A),quarantined,,"ICAO PANS-ATM Doc 4444, Chapter 7",no exact provision; no effective date; no access date; status quarantined; regulatory review outstanding
EASA-ATPLA-AL-000323,EASA,EASA:ATPL(A),quarantined,,"ICAO PANS-ATM Doc 4444, Chapter 7",no exact provision; no effective date; no access date; status quarantined; regulatory review outstanding
EASA-ATPLA-AL-000324,EASA,EASA:ATPL(A),quarantined,,"ICAO PANS-ATM Doc 4444, Chapter 7",no exact provision; no effective date; no access date; status quarantined; regulatory review outstanding
EASA-ATPLA-AL-000325,EASA,EASA:ATPL(A),quarantined,,"ICAO PANS-ATM Doc 4444, Chapter 4",no exact provision; no effective date; no access date; status quarantined; regulatory review outstanding
EASA-ATPLA-AL-000326,EASA,EASA:ATPL(A),quarantined,,"ICAO PANS-ATM Doc 4444, Chapter 8",no exact provision; no effective date; no access date; status quarantined; regulatory review outstanding
EASA-ATPLA-AL-000327,EASA,EASA:ATPL(A),quarantined,,"ICAO PANS-ATM Doc 4444, Chapter 8",no exact provision; no effective date; no access date; status quarantined; regulatory review outstanding
EASA-ATPLA-AL-000328,EASA,EASA:ATPL(A),quarantined,,"ICAO PANS-ATM Doc 4444, Chapter 8",no exact provision; no effective date; no access date; status quarantined; regulatory review outstanding
EASA-ATPLA-AL-000329,EASA,EASA:ATPL(A),quarantined,,"ICAO PANS-ATM Doc 4444, Chapter 8",no exact provision; no effective date; no access date; status quarantined; regulatory review outstanding
EASA-ATPLA-AL-000330,EASA,EASA:ATPL(A),quarantined,,"ICAO PANS-ATM Doc 4444, Chapter 8",no exact provision; no effective date; no access date; status quarantined; regulatory review outstanding
EASA-ATPLA-AL-000331,EASA,EASA:ATPL(A),quarantined,,"ICAO PANS-ATM Doc 4444, Chapter 15",no exact provision; no effective date; no access date; status quarantined; regulatory review outstanding
EASA-ATPLA-AL-000332,EASA,EASA:ATPL(A),quarantined,,"ICAO PANS-ATM Doc 4444, Chapter 8",no exact provision; no effective date; no access date; status quarantined; regulatory review outstanding
EASA-ATPLA-AL-000333,EASA,EASA:ATPL(A),quarantined,,"ICAO PANS-OPS Doc 8168, Volume II, Part I, Section 3",no exact provision; no effective date; no access date; status quarantined; regulatory review outstanding
EASA-ATPLA-AL-000334,EASA,EASA:ATPL(A),quarantined,,"ICAO PANS-ATM Doc 4444, Chapter 7",no exact provision; no effective date; no access date; status quarantined; regulatory review outstanding
EASA-ATPLA-AL-000335,EASA,EASA:ATPL(A),quarantined,,"ICAO PANS-ATM Doc 4444, Chapter 9",no exact provision; no effective date; no access date; status quarantined; regulatory review outstanding
EASA-ATPLA-AL-000336,EASA,EASA:ATPL(A),quarantined,,"ICAO Annex 11, Chapter 5",no exact provision; no effective date; no access date; status quarantined; regulatory review outstanding
EASA-ATPLA-AL-000337,EASA,EASA:ATPL(A),quarantined,,"ICAO PANS-ATM Doc 4444, Chapter 5",no exact provision; no effective date; no access date; status quarantined; regulatory review outstanding
EASA-ATPLA-AL-000338,EASA,EASA:ATPL(A),quarantined,,"ICAO Annex 14, Volume I, Chapter 1",no exact provision; no effective date; no access date; status quarantined; regulatory review outstanding
EASA-ATPLA-AL-000339,EASA,EASA:ATPL(A),quarantined,,"ICAO Annex 14, Volume I, Chapter 1",no exact provision; no effective date; no access date; status quarantined; regulatory review outstanding
EASA-ATPLA-AL-000340,EASA,EASA:ATPL(A),quarantined,,"ICAO Annex 14, Volume I, Chapter 2",no exact provision; no effective date; no access date; status quarantined; regulatory review outstanding
EASA-ATPLA-AL-000341,EASA,EASA:ATPL(A),quarantined,,"ICAO Annex 14, Volume I, Chapter 3",no exact provision; no effective date; no access date; status quarantined; regulatory review outstanding
EASA-ATPLA-AL-000342,EASA,EASA:ATPL(A),quarantined,,"ICAO Annex 14, Volume I, Chapter 3",no exact provision; no effective date; no access date; status quarantined; regulatory review outstanding
EASA-ATPLA-AL-000343,EASA,EASA:ATPL(A),quarantined,,"ICAO Annex 14, Volume I, Chapter 3",no exact provision; no effective date; no access date; status quarantined; regulatory review outstanding
EASA-ATPLA-AL-000344,EASA,EASA:ATPL(A),quarantined,,"ICAO Annex 14, Volume I, Chapter 3",no exact provision; no effective date; no access date; status quarantined; regulatory review outstanding
EASA-ATPLA-AL-000345,EASA,EASA:ATPL(A),quarantined,,"ICAO Annex 14, Volume I, Chapter 3",no exact provision; no effective date; no access date; status quarantined; regulatory review outstanding
EASA-ATPLA-AL-000346,EASA,EASA:ATPL(A),quarantined,,"ICAO Annex 14, Volume I, Chapter 5",no exact provision; no effective date; no access date; status quarantined; regulatory review outstanding
EASA-ATPLA-AL-000347,EASA,EASA:ATPL(A),quarantined,,"ICAO Annex 14, Volume I, Chapter 5",no exact provision; no effective date; no access date; status quarantined; regulatory review outstanding
EASA-ATPLA-AL-000348,EASA,EASA:ATPL(A),quarantined,,"ICAO Annex 14, Volume I, Chapter 5",no exact provision; no effective date; no access date; status quarantined; regulatory review outstanding
EASA-ATPLA-AL-000349,EASA,EASA:ATPL(A),quarantined,,"ICAO Annex 14, Volume I, Chapter 5",no exact provision; no effective date; no access date; status quarantined; regulatory review outstanding
EASA-ATPLA-AL-000350,EASA,EASA:ATPL(A),quarantined,,"ICAO Annex 14, Volume I, Chapter 5",no exact provision; no effective date; no access date; status quarantined; regulatory review outstanding
EASA-ATPLA-AL-000351,EASA,EASA:ATPL(A),quarantined,,"ICAO Annex 14, Volume I, Chapter 5",no exact provision; no effective date; no access date; status quarantined; regulatory review outstanding
EASA-ATPLA-AL-000352,EASA,EASA:ATPL(A),quarantined,,"ICAO Annex 14, Volume I, Chapter 5",no exact provision; no effective date; no access date; status quarantined; regulatory review outstanding
EASA-ATPLA-AL-000353,EASA,EASA:ATPL(A),quarantined,,"ICAO Annex 14, Volume I, Chapter 5",no exact provision; no effective date; no access date; status quarantined; regulatory review outstanding
EASA-ATPLA-AL-000354,EASA,EASA:ATPL(A),quarantined,,"ICAO Annex 14, Volume I, Chapter 5",no exact provision; no effective date; no access date; status quarantined; regulatory review outstanding
EASA-ATPLA-AL-000355,EASA,EASA:ATPL(A),quarantined,,"ICAO Annex 14, Volume I, Chapter 5",no exact provision; no effective date; no access date; status quarantined; regulatory review outstanding
EASA-ATPLA-AL-000356,EASA,EASA:ATPL(A),quarantined,,"ICAO Annex 14, Volume I, Chapter 5",no exact provision; no effective date; no access date; status quarantined; regulatory review outstanding
EASA-ATPLA-AL-000357,EASA,EASA:ATPL(A),quarantined,,"ICAO Annex 14, Volume I, Chapter 5",no exact provision; no effective date; no access date; status quarantined; regulatory review outstanding
EASA-ATPLA-AL-000358,EASA,EASA:ATPL(A),quarantined,,"ICAO Annex 14, Volume I, Chapter 5",no exact provision; no effective date; no access date; status quarantined; regulatory review outstanding
EASA-ATPLA-AL-000359,EASA,EASA:ATPL(A),quarantined,,"ICAO Annex 14, Volume I, Chapter 5",no exact provision; no effective date; no access date; status quarantined; regulatory review outstanding
EASA-ATPLA-AL-000360,EASA,EASA:ATPL(A),quarantined,,"ICAO Annex 14, Volume I, Chapter 4",no exact provision; no effective date; no access date; status quarantined; regulatory review outstanding
EASA-ATPLA-AL-000361,EASA,EASA:ATPL(A),quarantined,,"ICAO Annex 14, Volume I, Chapter 4",no exact provision; no effective date; no access date; status quarantined; regulatory review outstanding
EASA-ATPLA-AL-000362,EASA,EASA:ATPL(A),quarantined,,"ICAO Annex 14, Volume I, Chapter 6",no exact provision; no effective date; no access date; status quarantined; regulatory review outstanding
EASA-ATPLA-AL-000363,EASA,EASA:ATPL(A),quarantined,,"ICAO Annex 14, Volume I, Chapter 6",no exact provision; no effective date; no access date; status quarantined; regulatory review outstanding
EASA-ATPLA-AL-000364,EASA,EASA:ATPL(A),quarantined,,"ICAO Annex 14, Volume I, Chapter 6",no exact provision; no effective date; no access date; status quarantined; regulatory review outstanding
EASA-ATPLA-AL-000365,EASA,EASA:ATPL(A),quarantined,,"ICAO Annex 14, Volume I, Chapter 9",no exact provision; no effective date; no access date; status quarantined; regulatory review outstanding
EASA-ATPLA-AL-000366,EASA,EASA:ATPL(A),quarantined,,"ICAO Annex 14, Volume I, Chapter 9",no exact provision; no effective date; no access date; status quarantined; regulatory review outstanding
EASA-ATPLA-AL-000367,EASA,EASA:ATPL(A),quarantined,,"ICAO Annex 14, Volume I, Chapter 9",no exact provision; no effective date; no access date; status quarantined; regulatory review outstanding
EASA-ATPLA-AL-000368,EASA,EASA:ATPL(A),quarantined,,"ICAO Annex 14, Volume I, Chapter 1 / Annex 11 supplementary guidance",no exact provision; no effective date; no access date; status quarantined; regulatory review outstanding
EASA-ATPLA-AL-000369,EASA,EASA:ATPL(A),quarantined,,"ICAO Annex 9, Chapter 3",no exact provision; no effective date; no access date; status quarantined; regulatory review outstanding
EASA-ATPLA-AL-000370,EASA,EASA:ATPL(A),quarantined,,"ICAO Annex 9, Chapter 3, Appendix 1",no exact provision; no effective date; no access date; status quarantined; regulatory review outstanding
EASA-ATPLA-AL-000371,EASA,EASA:ATPL(A),quarantined,,"ICAO Annex 9, Chapter 3",no exact provision; no effective date; no access date; status quarantined; regulatory review outstanding
EASA-ATPLA-AL-000372,EASA,EASA:ATPL(A),quarantined,,"ICAO Annex 9, Chapter 1",no exact provision; no effective date; no access date; status quarantined; regulatory review outstanding
EASA-PPLA-AL-000006,EASA,EASA:PPL(A),quarantined,,"Commission Regulation (EU) No 965/2012 (Air Operations), Part-NCO, documents to be carried; principle also reflected in ICAO Annex 6. Exact NCO.GEN paragraph number not independently re-verified this session.",no exact provision; no effective date; no access date; status quarantined; regulatory review outstanding
FAA-CAX-REG-000034,FAA,FAA:CAX,current_pending_second_review,14 CFR 119.1(e),14 CFR 119.1(e) (Part 119 applicability exceptions — sightseeing flights).,no effective date; status current_pending_second_review; regulatory review outstanding
FAA-FIA-OPS-000003,FAA,FAA:FIA,quarantined,,"AIM, traffic pattern operations at airports without an operating control tower.",no exact provision; no effective date; status quarantined; regulatory review outstanding
FAA-PAR-PPM-000201,FAA,FAA:PAR,quarantined,,14 CFR Parts 61 and 91; FAA PHAK Chapters 1-2,no exact provision; no effective date; no access date; status quarantined; regulatory review outstanding
FAA-PAR-PPM-000202,FAA,FAA:PAR,quarantined,,14 CFR Parts 61 and 91; FAA PHAK Chapters 1-2,no exact provision; no effective date; no access date; status quarantined; regulatory review outstanding
FAA-PAR-PPM-000203,FAA,FAA:PAR,quarantined,,14 CFR Parts 61 and 91; FAA PHAK Chapters 1-2,no exact provision; no effective date; no access date; status quarantined; regulatory review outstanding
FAA-PAR-PPM-000204,FAA,FAA:PAR,quarantined,,14 CFR Parts 61 and 91; FAA PHAK Chapters 1-2,no exact provision; no effective date; no access date; status quarantined; regulatory review outstanding
FAA-PAR-PPM-000205,FAA,FAA:PAR,quarantined,,14 CFR Parts 61 and 91; FAA PHAK Chapters 1-2,no exact provision; no effective date; no access date; status quarantined; regulatory review outstanding
FAA-PAR-PPM-000206,FAA,FAA:PAR,quarantined,,14 CFR Parts 61 and 91; FAA PHAK Chapters 1-2,no exact provision; no effective date; no access date; status quarantined; regulatory review outstanding
FAA-PAR-PPM-000207,FAA,FAA:PAR,quarantined,,14 CFR Parts 61 and 91; FAA PHAK Chapters 1-2,no exact provision; no effective date; no access date; status quarantined; regulatory review outstanding
FAA-PAR-PPM-000208,FAA,FAA:PAR,quarantined,,14 CFR Parts 61 and 91; FAA PHAK Chapters 1-2,no exact provision; no effective date; no access date; status quarantined; regulatory review outstanding
FAA-PAR-PPM-000209,FAA,FAA:PAR,quarantined,,14 CFR Parts 61 and 91; FAA PHAK Chapters 1-2,no exact provision; no effective date; no access date; status quarantined; regulatory review outstanding
FAA-PAR-PPM-000210,FAA,FAA:PAR,quarantined,,14 CFR Parts 61 and 91; FAA PHAK Chapters 1-2,no exact provision; no effective date; no access date; status quarantined; regulatory review outstanding
FAA-PAR-PPM-000211,FAA,FAA:PAR,quarantined,,14 CFR Parts 61 and 91; FAA PHAK Chapters 1-2,no exact provision; no effective date; no access date; status quarantined; regulatory review outstanding
FAA-PAR-PPM-000212,FAA,FAA:PAR,quarantined,,14 CFR Parts 61 and 91; FAA PHAK Chapters 1-2,no exact provision; no effective date; no access date; status quarantined; regulatory review outstanding
FAA-PAR-PPM-000213,FAA,FAA:PAR,quarantined,,14 CFR Parts 61 and 91; FAA PHAK Chapters 1-2,no exact provision; no effective date; no access date; status quarantined; regulatory review outstanding
FAA-PAR-PPM-000214,FAA,FAA:PAR,quarantined,,14 CFR Parts 61 and 91; FAA PHAK Chapters 1-2,no exact provision; no effective date; no access date; status quarantined; regulatory review outstanding
FAA-PAR-PPM-000215,FAA,FAA:PAR,quarantined,,14 CFR Parts 61 and 91; FAA PHAK Chapters 1-2,no exact provision; no effective date; no access date; status quarantined; regulatory review outstanding
FAA-PAR-PPM-000216,FAA,FAA:PAR,quarantined,,14 CFR Parts 61 and 91; FAA PHAK Chapters 1-2,no exact provision; no effective date; no access date; status quarantined; regulatory review outstanding
FAA-PAR-PPM-000217,FAA,FAA:PAR,quarantined,,14 CFR Parts 61 and 91; FAA PHAK Chapters 1-2,no exact provision; no effective date; no access date; status quarantined; regulatory review outstanding
FAA-PAR-PPM-000218,FAA,FAA:PAR,quarantined,,14 CFR Parts 61 and 91; FAA PHAK Chapters 1-2,no exact provision; no effective date; no access date; status quarantined; regulatory review outstanding
FAA-PAR-PPM-000219,FAA,FAA:PAR,quarantined,,14 CFR Parts 61 and 91; FAA PHAK Chapters 1-2,no exact provision; no effective date; no access date; status quarantined; regulatory review outstanding
FAA-PAR-PPM-000220,FAA,FAA:PAR,quarantined,,14 CFR Parts 61 and 91; FAA PHAK Chapters 1-2,no exact provision; no effective date; no access date; status quarantined; regulatory review outstanding
FAA-PAR-PPM-000221,FAA,FAA:PAR,quarantined,,FAA PHAK Chapter 1; 14 CFR Part 61,no exact provision; no effective date; no access date; status quarantined; regulatory review outstanding
FAA-PAR-PPM-000222,FAA,FAA:PAR,quarantined,,FAA PHAK Chapter 1; 14 CFR Part 61,no exact provision; no effective date; no access date; status quarantined; regulatory review outstanding
FAA-PAR-PPM-000223,FAA,FAA:PAR,quarantined,,FAA PHAK Chapter 1; 14 CFR Part 61,no exact provision; no effective date; no access date; status quarantined; regulatory review outstanding
FAA-PAR-PPM-000224,FAA,FAA:PAR,quarantined,,FAA PHAK Chapter 1; 14 CFR Part 61,no exact provision; no effective date; no access date; status quarantined; regulatory review outstanding
FAA-PAR-PPM-000225,FAA,FAA:PAR,quarantined,,FAA PHAK Chapter 1; 14 CFR Part 61,no exact provision; no effective date; no access date; status quarantined; regulatory review outstanding
FAA-PAR-PPM-000226,FAA,FAA:PAR,quarantined,,FAA PHAK Chapter 1; 14 CFR Part 61,no exact provision; no effective date; no access date; status quarantined; regulatory review outstanding
FAA-PAR-PPM-000227,FAA,FAA:PAR,quarantined,,FAA PHAK Chapter 1; 14 CFR Part 61,no exact provision; no effective date; no access date; status quarantined; regulatory review outstanding
FAA-PAR-PPM-000228,FAA,FAA:PAR,quarantined,,FAA PHAK Chapter 1; 14 CFR Part 61,no exact provision; no effective date; no access date; status quarantined; regulatory review outstanding
FAA-PAR-PPM-000229,FAA,FAA:PAR,quarantined,,FAA PHAK Chapter 1; 14 CFR Part 61,no exact provision; no effective date; no access date; status quarantined; regulatory review outstanding
FAA-PAR-PPM-000230,FAA,FAA:PAR,quarantined,,FAA PHAK Chapter 1; 14 CFR Part 61,no exact provision; no effective date; no access date; status quarantined; regulatory review outstanding
FAA-PAR-PPM-000231,FAA,FAA:PAR,quarantined,,FAA PHAK Chapter 1; 14 CFR Part 61,no exact provision; no effective date; no access date; status quarantined; regulatory review outstanding
FAA-PAR-PPM-000232,FAA,FAA:PAR,quarantined,,FAA PHAK Chapter 1; 14 CFR Part 61,no exact provision; no effective date; no access date; status quarantined; regulatory review outstanding
FAA-PAR-PPM-000233,FAA,FAA:PAR,quarantined,,FAA PHAK Chapter 1; 14 CFR Part 61,no exact provision; no effective date; no access date; status quarantined; regulatory review outstanding
FAA-PAR-PPM-000234,FAA,FAA:PAR,quarantined,,FAA PHAK Chapter 1; 14 CFR Part 61,no exact provision; no effective date; no access date; status quarantined; regulatory review outstanding
FAA-PAR-PPM-000235,FAA,FAA:PAR,quarantined,,FAA PHAK Chapter 1; 14 CFR Part 61,no exact provision; no effective date; no access date; status quarantined; regulatory review outstanding
FAA-PAR-PPM-000236,FAA,FAA:PAR,quarantined,,FAA PHAK Chapter 1; 14 CFR Part 61,no exact provision; no effective date; no access date; status quarantined; regulatory review outstanding
FAA-PAR-PPM-000237,FAA,FAA:PAR,quarantined,,FAA PHAK Chapter 1; 14 CFR Part 61,no exact provision; no effective date; no access date; status quarantined; regulatory review outstanding
FAA-PAR-PPM-000238,FAA,FAA:PAR,quarantined,,FAA PHAK Chapter 1; 14 CFR Part 61,no exact provision; no effective date; no access date; status quarantined; regulatory review outstanding
FAA-PAR-PPM-000239,FAA,FAA:PAR,quarantined,,FAA PHAK Chapter 1; 14 CFR Part 61,no exact provision; no effective date; no access date; status quarantined; regulatory review outstanding
FAA-PAR-PPM-000240,FAA,FAA:PAR,quarantined,,FAA PHAK Chapter 1; 14 CFR Part 61,no exact provision; no effective date; no access date; status quarantined; regulatory review outstanding
FAA-PAR-PPM-000241,FAA,FAA:PAR,quarantined,14 CFR 91.17,FAA PHAK Chapters 2 and 17; 14 CFR 91.17,no effective date; no access date; status quarantined; regulatory review outstanding
FAA-PAR-PPM-000242,FAA,FAA:PAR,quarantined,14 CFR 91.17,FAA PHAK Chapters 2 and 17; 14 CFR 91.17,no effective date; no access date; status quarantined; regulatory review outstanding
FAA-PAR-PPM-000243,FAA,FAA:PAR,quarantined,14 CFR 91.17,FAA PHAK Chapters 2 and 17; 14 CFR 91.17,no effective date; no access date; status quarantined; regulatory review outstanding
FAA-PAR-PPM-000244,FAA,FAA:PAR,quarantined,14 CFR 91.17,FAA PHAK Chapters 2 and 17; 14 CFR 91.17,no effective date; no access date; status quarantined; regulatory review outstanding
FAA-PAR-PPM-000245,FAA,FAA:PAR,quarantined,14 CFR 91.17,FAA PHAK Chapters 2 and 17; 14 CFR 91.17,no effective date; no access date; status quarantined; regulatory review outstanding
FAA-PAR-PPM-000246,FAA,FAA:PAR,quarantined,14 CFR 91.17,FAA PHAK Chapters 2 and 17; 14 CFR 91.17,no effective date; no access date; status quarantined; regulatory review outstanding
FAA-PAR-PPM-000247,FAA,FAA:PAR,quarantined,14 CFR 91.17,FAA PHAK Chapters 2 and 17; 14 CFR 91.17,no effective date; no access date; status quarantined; regulatory review outstanding
FAA-PAR-PPM-000248,FAA,FAA:PAR,quarantined,14 CFR 91.17,FAA PHAK Chapters 2 and 17; 14 CFR 91.17,no effective date; no access date; status quarantined; regulatory review outstanding
FAA-PAR-PPM-000249,FAA,FAA:PAR,quarantined,14 CFR 91.17,FAA PHAK Chapters 2 and 17; 14 CFR 91.17,no effective date; no access date; status quarantined; regulatory review outstanding
FAA-PAR-PPM-000250,FAA,FAA:PAR,quarantined,14 CFR 91.17,FAA PHAK Chapters 2 and 17; 14 CFR 91.17,no effective date; no access date; status quarantined; regulatory review outstanding
FAA-PAR-PPM-000251,FAA,FAA:PAR,quarantined,14 CFR 91.17,FAA PHAK Chapters 2 and 17; 14 CFR 91.17,no effective date; no access date; status quarantined; regulatory review outstanding
FAA-PAR-PPM-000252,FAA,FAA:PAR,quarantined,14 CFR 91.17,FAA PHAK Chapters 2 and 17; 14 CFR 91.17,no effective date; no access date; status quarantined; regulatory review outstanding
FAA-PAR-PPM-000253,FAA,FAA:PAR,quarantined,14 CFR 91.17,FAA PHAK Chapters 2 and 17; 14 CFR 91.17,no effective date; no access date; status quarantined; regulatory review outstanding
FAA-PAR-PPM-000254,FAA,FAA:PAR,quarantined,14 CFR 91.17,FAA PHAK Chapters 2 and 17; 14 CFR 91.17,no effective date; no access date; status quarantined; regulatory review outstanding
FAA-PAR-PPM-000255,FAA,FAA:PAR,quarantined,14 CFR 91.17,FAA PHAK Chapters 2 and 17; 14 CFR 91.17,no effective date; no access date; status quarantined; regulatory review outstanding
FAA-PAR-PPM-000256,FAA,FAA:PAR,quarantined,14 CFR 91.17,FAA PHAK Chapters 2 and 17; 14 CFR 91.17,no effective date; no access date; status quarantined; regulatory review outstanding
FAA-PAR-PPM-000257,FAA,FAA:PAR,quarantined,14 CFR 91.17,FAA PHAK Chapters 2 and 17; 14 CFR 91.17,no effective date; no access date; status quarantined; regulatory review outstanding
FAA-PAR-PPM-000258,FAA,FAA:PAR,quarantined,14 CFR 91.17,FAA PHAK Chapters 2 and 17; 14 CFR 91.17,no effective date; no access date; status quarantined; regulatory review outstanding
FAA-PAR-PPM-000259,FAA,FAA:PAR,quarantined,14 CFR 91.17,FAA PHAK Chapters 2 and 17; 14 CFR 91.17,no effective date; no access date; status quarantined; regulatory review outstanding
FAA-PAR-PPM-000260,FAA,FAA:PAR,quarantined,14 CFR 91.17,FAA PHAK Chapters 2 and 17; 14 CFR 91.17,no effective date; no access date; status quarantined; regulatory review outstanding
FAA-PAR-PPM-000381,FAA,FAA:PAR,quarantined,,14 CFR Part 91; FAA PHAK Chapters 2 and 9,no exact provision; no effective date; no access date; status quarantined; regulatory review outstanding
FAA-PAR-PPM-000382,FAA,FAA:PAR,quarantined,,14 CFR Part 91; FAA PHAK Chapters 2 and 9,no exact provision; no effective date; no access date; status quarantined; regulatory review outstanding
FAA-PAR-PPM-000383,FAA,FAA:PAR,quarantined,,14 CFR Part 91; FAA PHAK Chapters 2 and 9,no exact provision; no effective date; no access date; status quarantined; regulatory review outstanding
FAA-PAR-PPM-000384,FAA,FAA:PAR,quarantined,,14 CFR Part 91; FAA PHAK Chapters 2 and 9,no exact provision; no effective date; no access date; status quarantined; regulatory review outstanding
FAA-PAR-PPM-000385,FAA,FAA:PAR,quarantined,,14 CFR Part 91; FAA PHAK Chapters 2 and 9,no exact provision; no effective date; no access date; status quarantined; regulatory review outstanding
FAA-PAR-PPM-000386,FAA,FAA:PAR,quarantined,,14 CFR Part 91; FAA PHAK Chapters 2 and 9,no exact provision; no effective date; no access date; status quarantined; regulatory review outstanding
FAA-PAR-PPM-000387,FAA,FAA:PAR,quarantined,,14 CFR Part 91; FAA PHAK Chapters 2 and 9,no exact provision; no effective date; no access date; status quarantined; regulatory review outstanding
FAA-PAR-PPM-000388,FAA,FAA:PAR,quarantined,,14 CFR Part 91; FAA PHAK Chapters 2 and 9,no exact provision; no effective date; no access date; status quarantined; regulatory review outstanding
FAA-PAR-PPM-000389,FAA,FAA:PAR,quarantined,,14 CFR Part 91; FAA PHAK Chapters 2 and 9,no exact provision; no effective date; no access date; status quarantined; regulatory review outstanding
FAA-PAR-PPM-000390,FAA,FAA:PAR,quarantined,,14 CFR Part 91; FAA PHAK Chapters 2 and 9,no exact provision; no effective date; no access date; status quarantined; regulatory review outstanding
FAA-PAR-PPM-000391,FAA,FAA:PAR,quarantined,,14 CFR Part 91; FAA PHAK Chapters 2 and 9,no exact provision; no effective date; no access date; status quarantined; regulatory review outstanding
FAA-PAR-PPM-000392,FAA,FAA:PAR,quarantined,,14 CFR Part 91; FAA PHAK Chapters 2 and 9,no exact provision; no effective date; no access date; status quarantined; regulatory review outstanding
FAA-PAR-PPM-000393,FAA,FAA:PAR,quarantined,,14 CFR Part 91; FAA PHAK Chapters 2 and 9,no exact provision; no effective date; no access date; status quarantined; regulatory review outstanding
FAA-PAR-PPM-000394,FAA,FAA:PAR,quarantined,,14 CFR Part 91; FAA PHAK Chapters 2 and 9,no exact provision; no effective date; no access date; status quarantined; regulatory review outstanding
FAA-PAR-PPM-000395,FAA,FAA:PAR,quarantined,,14 CFR Part 91; FAA PHAK Chapters 2 and 9,no exact provision; no effective date; no access date; status quarantined; regulatory review outstanding
FAA-PAR-PPM-000396,FAA,FAA:PAR,quarantined,,14 CFR Part 91; FAA PHAK Chapters 2 and 9,no exact provision; no effective date; no access date; status quarantined; regulatory review outstanding
FAA-PAR-PPM-000397,FAA,FAA:PAR,quarantined,,14 CFR Part 91; FAA PHAK Chapters 2 and 9,no exact provision; no effective date; no access date; status quarantined; regulatory review outstanding
FAA-PAR-PPM-000398,FAA,FAA:PAR,quarantined,,14 CFR Part 91; FAA PHAK Chapters 2 and 9,no exact provision; no effective date; no access date; status quarantined; regulatory review outstanding
FAA-PAR-PPM-000399,FAA,FAA:PAR,quarantined,,14 CFR Part 91; FAA PHAK Chapters 2 and 9,no exact provision; no effective date; no access date; status quarantined; regulatory review outstanding
FAA-PAR-PPM-000400,FAA,FAA:PAR,quarantined,,14 CFR Part 91; FAA PHAK Chapters 2 and 9,no exact provision; no effective date; no access date; status quarantined; regulatory review outstanding
FAA-PAR-PPM-000401,FAA,FAA:PAR,quarantined,,FAA AIM Chapters 2 and 4; FAA PHAK Chapter 14,no exact provision; no effective date; no access date; status quarantined; regulatory review outstanding
FAA-PAR-PPM-000402,FAA,FAA:PAR,quarantined,,FAA AIM Chapters 2 and 4; FAA PHAK Chapter 14,no exact provision; no effective date; no access date; status quarantined; regulatory review outstanding
FAA-PAR-PPM-000403,FAA,FAA:PAR,quarantined,,FAA AIM Chapters 2 and 4; FAA PHAK Chapter 14,no exact provision; no effective date; no access date; status quarantined; regulatory review outstanding
FAA-PAR-PPM-000404,FAA,FAA:PAR,quarantined,,FAA AIM Chapters 2 and 4; FAA PHAK Chapter 14,no exact provision; no effective date; no access date; status quarantined; regulatory review outstanding
FAA-PAR-PPM-000405,FAA,FAA:PAR,quarantined,,FAA AIM Chapters 2 and 4; FAA PHAK Chapter 14,no exact provision; no effective date; no access date; status quarantined; regulatory review outstanding
FAA-PAR-PPM-000406,FAA,FAA:PAR,quarantined,,FAA AIM Chapters 2 and 4; FAA PHAK Chapter 14,no exact provision; no effective date; no access date; status quarantined; regulatory review outstanding
FAA-PAR-PPM-000407,FAA,FAA:PAR,quarantined,,FAA AIM Chapters 2 and 4; FAA PHAK Chapter 14,no exact provision; no effective date; no access date; status quarantined; regulatory review outstanding
FAA-PAR-PPM-000408,FAA,FAA:PAR,quarantined,,FAA AIM Chapters 2 and 4; FAA PHAK Chapter 14,no exact provision; no effective date; no access date; status quarantined; regulatory review outstanding
FAA-PAR-PPM-000409,FAA,FAA:PAR,quarantined,,FAA AIM Chapters 2 and 4; FAA PHAK Chapter 14,no exact provision; no effective date; no access date; status quarantined; regulatory review outstanding
FAA-PAR-PPM-000410,FAA,FAA:PAR,quarantined,,FAA AIM Chapters 2 and 4; FAA PHAK Chapter 14,no exact provision; no effective date; no access date; status quarantined; regulatory review outstanding
FAA-PAR-PPM-000411,FAA,FAA:PAR,quarantined,,FAA AIM Chapters 2 and 4; FAA PHAK Chapter 14,no exact provision; no effective date; no access date; status quarantined; regulatory review outstanding
FAA-PAR-PPM-000412,FAA,FAA:PAR,quarantined,,FAA AIM Chapters 2 and 4; FAA PHAK Chapter 14,no exact provision; no effective date; no access date; status quarantined; regulatory review outstanding
FAA-PAR-PPM-000413,FAA,FAA:PAR,quarantined,,FAA AIM Chapters 2 and 4; FAA PHAK Chapter 14,no exact provision; no effective date; no access date; status quarantined; regulatory review outstanding
FAA-PAR-PPM-000414,FAA,FAA:PAR,quarantined,,FAA AIM Chapters 2 and 4; FAA PHAK Chapter 14,no exact provision; no effective date; no access date; status quarantined; regulatory review outstanding
FAA-PAR-PPM-000415,FAA,FAA:PAR,quarantined,,FAA AIM Chapters 2 and 4; FAA PHAK Chapter 14,no exact provision; no effective date; no access date; status quarantined; regulatory review outstanding
FAA-PAR-PPM-000416,FAA,FAA:PAR,quarantined,,FAA AIM Chapters 2 and 4; FAA PHAK Chapter 14,no exact provision; no effective date; no access date; status quarantined; regulatory review outstanding
FAA-PAR-PPM-000417,FAA,FAA:PAR,quarantined,,FAA AIM Chapters 2 and 4; FAA PHAK Chapter 14,no exact provision; no effective date; no access date; status quarantined; regulatory review outstanding
FAA-PAR-PPM-000418,FAA,FAA:PAR,quarantined,,FAA AIM Chapters 2 and 4; FAA PHAK Chapter 14,no exact provision; no effective date; no access date; status quarantined; regulatory review outstanding
FAA-PAR-PPM-000419,FAA,FAA:PAR,quarantined,,FAA AIM Chapters 2 and 4; FAA PHAK Chapter 14,no exact provision; no effective date; no access date; status quarantined; regulatory review outstanding
FAA-PAR-PPM-000420,FAA,FAA:PAR,quarantined,,FAA AIM Chapters 2 and 4; FAA PHAK Chapter 14,no exact provision; no effective date; no access date; status quarantined; regulatory review outstanding
FAA-PAR-PPM-000441,FAA,FAA:PAR,quarantined,,14 CFR 71 and 91; FAA AIM Chapter 3,no exact provision; no effective date; no access date; status quarantined; regulatory review outstanding
FAA-PAR-PPM-000442,FAA,FAA:PAR,quarantined,,14 CFR 71 and 91; FAA AIM Chapter 3,no exact provision; no effective date; no access date; status quarantined; regulatory review outstanding
FAA-PAR-PPM-000443,FAA,FAA:PAR,quarantined,,14 CFR 71 and 91; FAA AIM Chapter 3,no exact provision; no effective date; no access date; status quarantined; regulatory review outstanding
FAA-PAR-PPM-000444,FAA,FAA:PAR,quarantined,,14 CFR 71 and 91; FAA AIM Chapter 3,no exact provision; no effective date; no access date; status quarantined; regulatory review outstanding
FAA-PAR-PPM-000445,FAA,FAA:PAR,quarantined,,14 CFR 71 and 91; FAA AIM Chapter 3,no exact provision; no effective date; no access date; status quarantined; regulatory review outstanding
FAA-PAR-PPM-000446,FAA,FAA:PAR,quarantined,,14 CFR 71 and 91; FAA AIM Chapter 3,no exact provision; no effective date; no access date; status quarantined; regulatory review outstanding
FAA-PAR-PPM-000447,FAA,FAA:PAR,quarantined,,14 CFR 71 and 91; FAA AIM Chapter 3,no exact provision; no effective date; no access date; status quarantined; regulatory review outstanding
FAA-PAR-PPM-000448,FAA,FAA:PAR,quarantined,,14 CFR 71 and 91; FAA AIM Chapter 3,no exact provision; no effective date; no access date; status quarantined; regulatory review outstanding
FAA-PAR-PPM-000449,FAA,FAA:PAR,quarantined,,14 CFR 71 and 91; FAA AIM Chapter 3,no exact provision; no effective date; no access date; status quarantined; regulatory review outstanding
FAA-PAR-PPM-000450,FAA,FAA:PAR,quarantined,,14 CFR 71 and 91; FAA AIM Chapter 3,no exact provision; no effective date; no access date; status quarantined; regulatory review outstanding
FAA-PAR-PPM-000451,FAA,FAA:PAR,quarantined,,14 CFR 71 and 91; FAA AIM Chapter 3,no exact provision; no effective date; no access date; status quarantined; regulatory review outstanding
FAA-PAR-PPM-000452,FAA,FAA:PAR,quarantined,,14 CFR 71 and 91; FAA AIM Chapter 3,no exact provision; no effective date; no access date; status quarantined; regulatory review outstanding
FAA-PAR-PPM-000453,FAA,FAA:PAR,quarantined,,14 CFR 71 and 91; FAA AIM Chapter 3,no exact provision; no effective date; no access date; status quarantined; regulatory review outstanding
FAA-PAR-PPM-000454,FAA,FAA:PAR,quarantined,,14 CFR 71 and 91; FAA AIM Chapter 3,no exact provision; no effective date; no access date; status quarantined; regulatory review outstanding
FAA-PAR-PPM-000455,FAA,FAA:PAR,quarantined,,14 CFR 71 and 91; FAA AIM Chapter 3,no exact provision; no effective date; no access date; status quarantined; regulatory review outstanding
FAA-PAR-PPM-000456,FAA,FAA:PAR,quarantined,,14 CFR 71 and 91; FAA AIM Chapter 3,no exact provision; no effective date; no access date; status quarantined; regulatory review outstanding
FAA-PAR-PPM-000457,FAA,FAA:PAR,quarantined,,14 CFR 71 and 91; FAA AIM Chapter 3,no exact provision; no effective date; no access date; status quarantined; regulatory review outstanding
FAA-PAR-PPM-000458,FAA,FAA:PAR,quarantined,,14 CFR 71 and 91; FAA AIM Chapter 3,no exact provision; no effective date; no access date; status quarantined; regulatory review outstanding
FAA-PAR-PPM-000459,FAA,FAA:PAR,quarantined,,14 CFR 71 and 91; FAA AIM Chapter 3,no exact provision; no effective date; no access date; status quarantined; regulatory review outstanding
FAA-PAR-PPM-000460,FAA,FAA:PAR,quarantined,,14 CFR 71 and 91; FAA AIM Chapter 3,no exact provision; no effective date; no access date; status quarantined; regulatory review outstanding
FAA-PAR-PPM-000461,FAA,FAA:PAR,quarantined,,FAA AIM Chapters 4-5; Pilot/Controller Glossary effective 2026-07-09,no exact provision; no effective date; no access date; status quarantined; regulatory review outstanding
FAA-PAR-PPM-000462,FAA,FAA:PAR,quarantined,,FAA AIM Chapters 4-5; Pilot/Controller Glossary effective 2026-07-09,no exact provision; no effective date; no access date; status quarantined; regulatory review outstanding
FAA-PAR-PPM-000463,FAA,FAA:PAR,quarantined,,FAA AIM Chapters 4-5; Pilot/Controller Glossary effective 2026-07-09,no exact provision; no effective date; no access date; status quarantined; regulatory review outstanding
FAA-PAR-PPM-000464,FAA,FAA:PAR,quarantined,,FAA AIM Chapters 4-5; Pilot/Controller Glossary effective 2026-07-09,no exact provision; no effective date; no access date; status quarantined; regulatory review outstanding
FAA-PAR-PPM-000465,FAA,FAA:PAR,quarantined,,FAA AIM Chapters 4-5; Pilot/Controller Glossary effective 2026-07-09,no exact provision; no effective date; no access date; status quarantined; regulatory review outstanding
FAA-PAR-PPM-000466,FAA,FAA:PAR,quarantined,,FAA AIM Chapters 4-5; Pilot/Controller Glossary effective 2026-07-09,no exact provision; no effective date; no access date; status quarantined; regulatory review outstanding
FAA-PAR-PPM-000467,FAA,FAA:PAR,quarantined,,FAA AIM Chapters 4-5; Pilot/Controller Glossary effective 2026-07-09,no exact provision; no effective date; no access date; status quarantined; regulatory review outstanding
FAA-PAR-PPM-000468,FAA,FAA:PAR,quarantined,,FAA AIM Chapters 4-5; Pilot/Controller Glossary effective 2026-07-09,no exact provision; no effective date; no access date; status quarantined; regulatory review outstanding
FAA-PAR-PPM-000469,FAA,FAA:PAR,quarantined,,FAA AIM Chapters 4-5; Pilot/Controller Glossary effective 2026-07-09,no exact provision; no effective date; no access date; status quarantined; regulatory review outstanding
FAA-PAR-PPM-000470,FAA,FAA:PAR,quarantined,,FAA AIM Chapters 4-5; Pilot/Controller Glossary effective 2026-07-09,no exact provision; no effective date; no access date; status quarantined; regulatory review outstanding
FAA-PAR-PPM-000471,FAA,FAA:PAR,quarantined,,FAA AIM Chapters 4-5; Pilot/Controller Glossary effective 2026-07-09,no exact provision; no effective date; no access date; status quarantined; regulatory review outstanding
FAA-PAR-PPM-000472,FAA,FAA:PAR,quarantined,,FAA AIM Chapters 4-5; Pilot/Controller Glossary effective 2026-07-09,no exact provision; no effective date; no access date; status quarantined; regulatory review outstanding
FAA-PAR-PPM-000473,FAA,FAA:PAR,quarantined,,FAA AIM Chapters 4-5; Pilot/Controller Glossary effective 2026-07-09,no exact provision; no effective date; no access date; status quarantined; regulatory review outstanding
FAA-PAR-PPM-000474,FAA,FAA:PAR,quarantined,,FAA AIM Chapters 4-5; Pilot/Controller Glossary effective 2026-07-09,no exact provision; no effective date; no access date; status quarantined; regulatory review outstanding
FAA-PAR-PPM-000475,FAA,FAA:PAR,quarantined,,FAA AIM Chapters 4-5; Pilot/Controller Glossary effective 2026-07-09,no exact provision; no effective date; no access date; status quarantined; regulatory review outstanding
FAA-PAR-PPM-000476,FAA,FAA:PAR,quarantined,,FAA AIM Chapters 4-5; Pilot/Controller Glossary effective 2026-07-09,no exact provision; no effective date; no access date; status quarantined; regulatory review outstanding
FAA-PAR-PPM-000477,FAA,FAA:PAR,quarantined,,FAA AIM Chapters 4-5; Pilot/Controller Glossary effective 2026-07-09,no exact provision; no effective date; no access date; status quarantined; regulatory review outstanding
FAA-PAR-PPM-000478,FAA,FAA:PAR,quarantined,,FAA AIM Chapters 4-5; Pilot/Controller Glossary effective 2026-07-09,no exact provision; no effective date; no access date; status quarantined; regulatory review outstanding
FAA-PAR-PPM-000479,FAA,FAA:PAR,quarantined,,FAA AIM Chapters 4-5; Pilot/Controller Glossary effective 2026-07-09,no exact provision; no effective date; no access date; status quarantined; regulatory review outstanding
FAA-PAR-PPM-000480,FAA,FAA:PAR,quarantined,,FAA AIM Chapters 4-5; Pilot/Controller Glossary effective 2026-07-09,no exact provision; no effective date; no access date; status quarantined; regulatory review outstanding
FAA-PAR-PPM-000481,FAA,FAA:PAR,quarantined,,FAA AIM Chapter 4; Pilot/Controller Glossary effective 2026-07-09,no exact provision; no effective date; no access date; status quarantined; regulatory review outstanding
FAA-PAR-PPM-000482,FAA,FAA:PAR,quarantined,,FAA AIM Chapter 4; Pilot/Controller Glossary effective 2026-07-09,no exact provision; no effective date; no access date; status quarantined; regulatory review outstanding
FAA-PAR-PPM-000483,FAA,FAA:PAR,quarantined,,FAA AIM Chapter 4; Pilot/Controller Glossary effective 2026-07-09,no exact provision; no effective date; no access date; status quarantined; regulatory review outstanding
FAA-PAR-PPM-000484,FAA,FAA:PAR,quarantined,,FAA AIM Chapter 4; Pilot/Controller Glossary effective 2026-07-09,no exact provision; no effective date; no access date; status quarantined; regulatory review outstanding
FAA-PAR-PPM-000485,FAA,FAA:PAR,quarantined,,FAA AIM Chapter 4; Pilot/Controller Glossary effective 2026-07-09,no exact provision; no effective date; no access date; status quarantined; regulatory review outstanding
FAA-PAR-PPM-000486,FAA,FAA:PAR,quarantined,,FAA AIM Chapter 4; Pilot/Controller Glossary effective 2026-07-09,no exact provision; no effective date; no access date; status quarantined; regulatory review outstanding
FAA-PAR-PPM-000487,FAA,FAA:PAR,quarantined,,FAA AIM Chapter 4; Pilot/Controller Glossary effective 2026-07-09,no exact provision; no effective date; no access date; status quarantined; regulatory review outstanding
FAA-PAR-PPM-000488,FAA,FAA:PAR,quarantined,,FAA AIM Chapter 4; Pilot/Controller Glossary effective 2026-07-09,no exact provision; no effective date; no access date; status quarantined; regulatory review outstanding
FAA-PAR-PPM-000489,FAA,FAA:PAR,quarantined,,FAA AIM Chapter 4; Pilot/Controller Glossary effective 2026-07-09,no exact provision; no effective date; no access date; status quarantined; regulatory review outstanding
FAA-PAR-PPM-000490,FAA,FAA:PAR,quarantined,,FAA AIM Chapter 4; Pilot/Controller Glossary effective 2026-07-09,no exact provision; no effective date; no access date; status quarantined; regulatory review outstanding
FAA-PAR-PPM-000491,FAA,FAA:PAR,quarantined,,FAA AIM Chapter 4; Pilot/Controller Glossary effective 2026-07-09,no exact provision; no effective date; no access date; status quarantined; regulatory review outstanding
FAA-PAR-PPM-000492,FAA,FAA:PAR,quarantined,,FAA AIM Chapter 4; Pilot/Controller Glossary effective 2026-07-09,no exact provision; no effective date; no access date; status quarantined; regulatory review outstanding
FAA-PAR-PPM-000493,FAA,FAA:PAR,quarantined,,FAA AIM Chapter 4; Pilot/Controller Glossary effective 2026-07-09,no exact provision; no effective date; no access date; status quarantined; regulatory review outstanding
FAA-PAR-PPM-000494,FAA,FAA:PAR,quarantined,,FAA AIM Chapter 4; Pilot/Controller Glossary effective 2026-07-09,no exact provision; no effective date; no access date; status quarantined; regulatory review outstanding
FAA-PAR-PPM-000495,FAA,FAA:PAR,quarantined,,FAA AIM Chapter 4; Pilot/Controller Glossary effective 2026-07-09,no exact provision; no effective date; no access date; status quarantined; regulatory review outstanding
FAA-PAR-PPM-000496,FAA,FAA:PAR,quarantined,,FAA AIM Chapter 4; Pilot/Controller Glossary effective 2026-07-09,no exact provision; no effective date; no access date; status quarantined; regulatory review outstanding
FAA-PAR-PPM-000497,FAA,FAA:PAR,quarantined,,FAA AIM Chapter 4; Pilot/Controller Glossary effective 2026-07-09,no exact provision; no effective date; no access date; status quarantined; regulatory review outstanding
FAA-PAR-PPM-000498,FAA,FAA:PAR,quarantined,,FAA AIM Chapter 4; Pilot/Controller Glossary effective 2026-07-09,no exact provision; no effective date; no access date; status quarantined; regulatory review outstanding
FAA-PAR-PPM-000499,FAA,FAA:PAR,quarantined,,FAA AIM Chapter 4; Pilot/Controller Glossary effective 2026-07-09,no exact provision; no effective date; no access date; status quarantined; regulatory review outstanding
FAA-PAR-PPM-000500,FAA,FAA:PAR,quarantined,,FAA AIM Chapter 4; Pilot/Controller Glossary effective 2026-07-09,no exact provision; no effective date; no access date; status quarantined; regulatory review outstanding
FAA-PAR-PPM-000801,FAA,FAA:PAR,quarantined,14 CFR 91.17,FAA PHAK Chapter 17; 14 CFR 91.17 and 91.211,no effective date; no access date; status quarantined; regulatory review outstanding
FAA-PAR-PPM-000802,FAA,FAA:PAR,quarantined,14 CFR 91.17,FAA PHAK Chapter 17; 14 CFR 91.17 and 91.211,no effective date; no access date; status quarantined; regulatory review outstanding
FAA-PAR-PPM-000803,FAA,FAA:PAR,quarantined,14 CFR 91.17,FAA PHAK Chapter 17; 14 CFR 91.17 and 91.211,no effective date; no access date; status quarantined; regulatory review outstanding
FAA-PAR-PPM-000804,FAA,FAA:PAR,quarantined,14 CFR 91.17,FAA PHAK Chapter 17; 14 CFR 91.17 and 91.211,no effective date; no access date; status quarantined; regulatory review outstanding
FAA-PAR-PPM-000805,FAA,FAA:PAR,quarantined,14 CFR 91.17,FAA PHAK Chapter 17; 14 CFR 91.17 and 91.211,no effective date; no access date; status quarantined; regulatory review outstanding
FAA-PAR-PPM-000806,FAA,FAA:PAR,quarantined,14 CFR 91.17,FAA PHAK Chapter 17; 14 CFR 91.17 and 91.211,no effective date; no access date; status quarantined; regulatory review outstanding
FAA-PAR-PPM-000807,FAA,FAA:PAR,quarantined,14 CFR 91.17,FAA PHAK Chapter 17; 14 CFR 91.17 and 91.211,no effective date; no access date; status quarantined; regulatory review outstanding
FAA-PAR-PPM-000808,FAA,FAA:PAR,quarantined,14 CFR 91.17,FAA PHAK Chapter 17; 14 CFR 91.17 and 91.211,no effective date; no access date; status quarantined; regulatory review outstanding
FAA-PAR-PPM-000809,FAA,FAA:PAR,quarantined,14 CFR 91.17,FAA PHAK Chapter 17; 14 CFR 91.17 and 91.211,no effective date; no access date; status quarantined; regulatory review outstanding
FAA-PAR-PPM-000810,FAA,FAA:PAR,quarantined,14 CFR 91.17,FAA PHAK Chapter 17; 14 CFR 91.17 and 91.211,no effective date; no access date; status quarantined; regulatory review outstanding
FAA-PAR-PPM-000811,FAA,FAA:PAR,quarantined,14 CFR 91.17,FAA PHAK Chapter 17; 14 CFR 91.17 and 91.211,no effective date; no access date; status quarantined; regulatory review outstanding
FAA-PAR-PPM-000812,FAA,FAA:PAR,quarantined,14 CFR 91.17,FAA PHAK Chapter 17; 14 CFR 91.17 and 91.211,no effective date; no access date; status quarantined; regulatory review outstanding
FAA-PAR-PPM-000813,FAA,FAA:PAR,quarantined,14 CFR 91.17,FAA PHAK Chapter 17; 14 CFR 91.17 and 91.211,no effective date; no access date; status quarantined; regulatory review outstanding
FAA-PAR-PPM-000814,FAA,FAA:PAR,quarantined,14 CFR 91.17,FAA PHAK Chapter 17; 14 CFR 91.17 and 91.211,no effective date; no access date; status quarantined; regulatory review outstanding
FAA-PAR-PPM-000815,FAA,FAA:PAR,quarantined,14 CFR 91.17,FAA PHAK Chapter 17; 14 CFR 91.17 and 91.211,no effective date; no access date; status quarantined; regulatory review outstanding
FAA-PAR-PPM-000816,FAA,FAA:PAR,quarantined,14 CFR 91.17,FAA PHAK Chapter 17; 14 CFR 91.17 and 91.211,no effective date; no access date; status quarantined; regulatory review outstanding
FAA-PAR-PPM-000817,FAA,FAA:PAR,quarantined,14 CFR 91.17,FAA PHAK Chapter 17; 14 CFR 91.17 and 91.211,no effective date; no access date; status quarantined; regulatory review outstanding
FAA-PAR-PPM-000818,FAA,FAA:PAR,quarantined,14 CFR 91.17,FAA PHAK Chapter 17; 14 CFR 91.17 and 91.211,no effective date; no access date; status quarantined; regulatory review outstanding
FAA-PAR-PPM-000819,FAA,FAA:PAR,quarantined,14 CFR 91.17,FAA PHAK Chapter 17; 14 CFR 91.17 and 91.211,no effective date; no access date; status quarantined; regulatory review outstanding
FAA-PAR-PPM-000820,FAA,FAA:PAR,quarantined,14 CFR 91.17,FAA PHAK Chapter 17; 14 CFR 91.17 and 91.211,no effective date; no access date; status quarantined; regulatory review outstanding
FAA-PAR-PPM-000841,FAA,FAA:PAR,quarantined,14 CFR 91.103,"14 CFR 91.103, 91.151 and related rules; FAA PHAK Chapters 9, 11, 13 and 16",no effective date; no access date; status quarantined; regulatory review outstanding
FAA-PAR-PPM-000842,FAA,FAA:PAR,quarantined,14 CFR 91.103,"14 CFR 91.103, 91.151 and related rules; FAA PHAK Chapters 9, 11, 13 and 16",no effective date; no access date; status quarantined; regulatory review outstanding
FAA-PAR-PPM-000843,FAA,FAA:PAR,quarantined,14 CFR 91.103,"14 CFR 91.103, 91.151 and related rules; FAA PHAK Chapters 9, 11, 13 and 16",no effective date; no access date; status quarantined; regulatory review outstanding
FAA-PAR-PPM-000844,FAA,FAA:PAR,quarantined,14 CFR 91.103,"14 CFR 91.103, 91.151 and related rules; FAA PHAK Chapters 9, 11, 13 and 16",no effective date; no access date; status quarantined; regulatory review outstanding
FAA-PAR-PPM-000845,FAA,FAA:PAR,quarantined,14 CFR 91.103,"14 CFR 91.103, 91.151 and related rules; FAA PHAK Chapters 9, 11, 13 and 16",no effective date; no access date; status quarantined; regulatory review outstanding
FAA-PAR-PPM-000846,FAA,FAA:PAR,quarantined,14 CFR 91.103,"14 CFR 91.103, 91.151 and related rules; FAA PHAK Chapters 9, 11, 13 and 16",no effective date; no access date; status quarantined; regulatory review outstanding
FAA-PAR-PPM-000847,FAA,FAA:PAR,quarantined,14 CFR 91.103,"14 CFR 91.103, 91.151 and related rules; FAA PHAK Chapters 9, 11, 13 and 16",no effective date; no access date; status quarantined; regulatory review outstanding
FAA-PAR-PPM-000848,FAA,FAA:PAR,quarantined,14 CFR 91.103,"14 CFR 91.103, 91.151 and related rules; FAA PHAK Chapters 9, 11, 13 and 16",no effective date; no access date; status quarantined; regulatory review outstanding
FAA-PAR-PPM-000849,FAA,FAA:PAR,quarantined,14 CFR 91.103,"14 CFR 91.103, 91.151 and related rules; FAA PHAK Chapters 9, 11, 13 and 16",no effective date; no access date; status quarantined; regulatory review outstanding
FAA-PAR-PPM-000850,FAA,FAA:PAR,quarantined,14 CFR 91.103,"14 CFR 91.103, 91.151 and related rules; FAA PHAK Chapters 9, 11, 13 and 16",no effective date; no access date; status quarantined; regulatory review outstanding
FAA-PAR-PPM-000851,FAA,FAA:PAR,quarantined,14 CFR 91.103,"14 CFR 91.103, 91.151 and related rules; FAA PHAK Chapters 9, 11, 13 and 16",no effective date; no access date; status quarantined; regulatory review outstanding
FAA-PAR-PPM-000852,FAA,FAA:PAR,quarantined,14 CFR 91.103,"14 CFR 91.103, 91.151 and related rules; FAA PHAK Chapters 9, 11, 13 and 16",no effective date; no access date; status quarantined; regulatory review outstanding
FAA-PAR-PPM-000853,FAA,FAA:PAR,quarantined,14 CFR 91.103,"14 CFR 91.103, 91.151 and related rules; FAA PHAK Chapters 9, 11, 13 and 16",no effective date; no access date; status quarantined; regulatory review outstanding
FAA-PAR-PPM-000854,FAA,FAA:PAR,quarantined,14 CFR 91.103,"14 CFR 91.103, 91.151 and related rules; FAA PHAK Chapters 9, 11, 13 and 16",no effective date; no access date; status quarantined; regulatory review outstanding
FAA-PAR-PPM-000855,FAA,FAA:PAR,quarantined,14 CFR 91.103,"14 CFR 91.103, 91.151 and related rules; FAA PHAK Chapters 9, 11, 13 and 16",no effective date; no access date; status quarantined; regulatory review outstanding
FAA-PAR-PPM-000856,FAA,FAA:PAR,quarantined,14 CFR 91.103,"14 CFR 91.103, 91.151 and related rules; FAA PHAK Chapters 9, 11, 13 and 16",no effective date; no access date; status quarantined; regulatory review outstanding
FAA-PAR-PPM-000857,FAA,FAA:PAR,quarantined,14 CFR 91.103,"14 CFR 91.103, 91.151 and related rules; FAA PHAK Chapters 9, 11, 13 and 16",no effective date; no access date; status quarantined; regulatory review outstanding
FAA-PAR-PPM-000858,FAA,FAA:PAR,quarantined,14 CFR 91.103,"14 CFR 91.103, 91.151 and related rules; FAA PHAK Chapters 9, 11, 13 and 16",no effective date; no access date; status quarantined; regulatory review outstanding
FAA-PAR-PPM-000859,FAA,FAA:PAR,quarantined,14 CFR 91.103,"14 CFR 91.103, 91.151 and related rules; FAA PHAK Chapters 9, 11, 13 and 16",no effective date; no access date; status quarantined; regulatory review outstanding
FAA-PAR-PPM-000860,FAA,FAA:PAR,quarantined,14 CFR 91.103,"14 CFR 91.103, 91.151 and related rules; FAA PHAK Chapters 9, 11, 13 and 16",no effective date; no access date; status quarantined; regulatory review outstanding
FAA-PAR-PPM-000861,FAA,FAA:PAR,quarantined,,FAA AIM Chapters 4-7; 14 CFR Part 91,no exact provision; no effective date; no access date; status quarantined; regulatory review outstanding
FAA-PAR-PPM-000862,FAA,FAA:PAR,quarantined,,FAA AIM Chapters 4-7; 14 CFR Part 91,no exact provision; no effective date; no access date; status quarantined; regulatory review outstanding
FAA-PAR-PPM-000863,FAA,FAA:PAR,quarantined,,FAA AIM Chapters 4-7; 14 CFR Part 91,no exact provision; no effective date; no access date; status quarantined; regulatory review outstanding
FAA-PAR-PPM-000864,FAA,FAA:PAR,quarantined,,FAA AIM Chapters 4-7; 14 CFR Part 91,no exact provision; no effective date; no access date; status quarantined; regulatory review outstanding
FAA-PAR-PPM-000865,FAA,FAA:PAR,quarantined,,FAA AIM Chapters 4-7; 14 CFR Part 91,no exact provision; no effective date; no access date; status quarantined; regulatory review outstanding
FAA-PAR-PPM-000866,FAA,FAA:PAR,quarantined,,FAA AIM Chapters 4-7; 14 CFR Part 91,no exact provision; no effective date; no access date; status quarantined; regulatory review outstanding
FAA-PAR-PPM-000867,FAA,FAA:PAR,quarantined,,FAA AIM Chapters 4-7; 14 CFR Part 91,no exact provision; no effective date; no access date; status quarantined; regulatory review outstanding
FAA-PAR-PPM-000868,FAA,FAA:PAR,quarantined,,FAA AIM Chapters 4-7; 14 CFR Part 91,no exact provision; no effective date; no access date; status quarantined; regulatory review outstanding
FAA-PAR-PPM-000869,FAA,FAA:PAR,quarantined,,FAA AIM Chapters 4-7; 14 CFR Part 91,no exact provision; no effective date; no access date; status quarantined; regulatory review outstanding
FAA-PAR-PPM-000870,FAA,FAA:PAR,quarantined,,FAA AIM Chapters 4-7; 14 CFR Part 91,no exact provision; no effective date; no access date; status quarantined; regulatory review outstanding
FAA-PAR-PPM-000871,FAA,FAA:PAR,quarantined,,FAA AIM Chapters 4-7; 14 CFR Part 91,no exact provision; no effective date; no access date; status quarantined; regulatory review outstanding
FAA-PAR-PPM-000872,FAA,FAA:PAR,quarantined,,FAA AIM Chapters 4-7; 14 CFR Part 91,no exact provision; no effective date; no access date; status quarantined; regulatory review outstanding
FAA-PAR-PPM-000873,FAA,FAA:PAR,quarantined,,FAA AIM Chapters 4-7; 14 CFR Part 91,no exact provision; no effective date; no access date; status quarantined; regulatory review outstanding
FAA-PAR-PPM-000874,FAA,FAA:PAR,quarantined,,FAA AIM Chapters 4-7; 14 CFR Part 91,no exact provision; no effective date; no access date; status quarantined; regulatory review outstanding
FAA-PAR-PPM-000875,FAA,FAA:PAR,quarantined,,FAA AIM Chapters 4-7; 14 CFR Part 91,no exact provision; no effective date; no access date; status quarantined; regulatory review outstanding
FAA-PAR-PPM-000876,FAA,FAA:PAR,quarantined,,FAA AIM Chapters 4-7; 14 CFR Part 91,no exact provision; no effective date; no access date; status quarantined; regulatory review outstanding
FAA-PAR-PPM-000877,FAA,FAA:PAR,quarantined,,FAA AIM Chapters 4-7; 14 CFR Part 91,no exact provision; no effective date; no access date; status quarantined; regulatory review outstanding
FAA-PAR-PPM-000878,FAA,FAA:PAR,quarantined,,FAA AIM Chapters 4-7; 14 CFR Part 91,no exact provision; no effective date; no access date; status quarantined; regulatory review outstanding
FAA-PAR-PPM-000879,FAA,FAA:PAR,quarantined,,FAA AIM Chapters 4-7; 14 CFR Part 91,no exact provision; no effective date; no access date; status quarantined; regulatory review outstanding
FAA-PAR-PPM-000880,FAA,FAA:PAR,quarantined,,FAA AIM Chapters 4-7; 14 CFR Part 91,no exact provision; no effective date; no access date; status quarantined; regulatory review outstanding
TC-GPL-AL-000001,Transport Canada,TC:GPL,quarantined,,"Canadian Aviation Regulations (CARs), right-of-way rules; exact section not independently re-verified this session.",no exact provision; no effective date; no access date; status quarantined; regulatory review outstanding
TC-GPL-AL-000002,Transport Canada,TC:GPL,quarantined,,"Canadian Aviation Regulations (CARs), right-of-way category hierarchy; mirrors ICAO Annex 2.",no exact provision; no effective date; no access date; status quarantined; regulatory review outstanding
TC-GPL-AL-000003,Transport Canada,TC:GPL,quarantined,,"Canadian Aviation Regulations (CARs), definitions.",no exact provision; no effective date; no access date; status quarantined; regulatory review outstanding
TC-GPL-AL-000004,Transport Canada,TC:GPL,quarantined,,"Canadian Aviation Regulations (CARs), aircraft registration/airworthiness/marking requirements.",no exact provision; no effective date; no access date; status quarantined; regulatory review outstanding
TC-GPL-AL-000006,Transport Canada,TC:GPL,quarantined,,"Canadian Aviation Regulations (CARs), minimum altitudes and distances.",no exact provision; no effective date; no access date; status quarantined; regulatory review outstanding
TC-GPL-HF-000019,Transport Canada,TC:GPL,quarantined,,"Canadian Aviation Regulations (CARs), supplemental oxygen requirements.",no exact provision; no effective date; no access date; status quarantined; regulatory review outstanding
TC-GPL-NAV-000009,Transport Canada,TC:GPL,quarantined,,"Canadian Aviation Regulations (CARs), altimeter setting procedures.",no exact provision; no effective date; no access date; status quarantined; regulatory review outstanding
TC-GPL-OPS-000007,Transport Canada,TC:GPL,quarantined,,"Canadian Aviation Regulations (CARs) / Designated Airspace Handbook, light signals.",no exact provision; no effective date; no access date; status quarantined; regulatory review outstanding
TC-GPL-OPS-000008,Transport Canada,TC:GPL,quarantined,,"AIM / ICAO radiotelephony phraseology, distress and urgency signals.",no exact provision; no effective date; no access date; status quarantined; regulatory review outstanding
TC-GPL-REG-000005,Transport Canada,TC:GPL,quarantined,,"Canadian Aviation Regulations (CARs), flight crew fitness for duty.",no exact provision; no effective date; no access date; status quarantined; regulatory review outstanding
TC-GPL-REG-000010,Transport Canada,TC:GPL,quarantined,,"Canadian Aviation Regulations (CARs), VFR flight visibility minima.",no exact provision; no effective date; no access date; status quarantined; regulatory review outstanding
TC-GPL-REG-000011,Transport Canada,TC:GPL,quarantined,,"Canadian Aviation Regulations (CARs), record-keeping requirements.",no exact provision; no effective date; no access date; status quarantined; regulatory review outstanding
TC-GPL-REG-000012,Transport Canada,TC:GPL,quarantined,,"Canadian Aviation Regulations (CARs) / AIM, ATC instructions.",no exact provision; no effective date; no access date; status quarantined; regulatory review outstanding
TC-GPL-REG-000014,Transport Canada,TC:GPL,quarantined,,"Canadian Aviation Regulations (CARs), aerodrome operations.",no exact provision; no effective date; no access date; status quarantined; regulatory review outstanding
TC-GPL-REG-000016,Transport Canada,TC:GPL,quarantined,,"Canadian Aviation Regulations (CARs), definitions.",no exact provision; no effective date; no access date; status quarantined; regulatory review outstanding
TC-GPL-REG-000017,Transport Canada,TC:GPL,quarantined,,"Canadian Aviation Regulations (CARs), Class C airspace operating rules for gliders.",no exact provision; no effective date; no access date; status quarantined; regulatory review outstanding
TC-GPL-REG-000018,Transport Canada,TC:GPL,quarantined,,"Canadian Aviation Regulations (CARs), flight plan/itinerary requirements for gliders.",no exact provision; no effective date; no access date; status quarantined; regulatory review outstanding
TC-RPPPPLA-AGK-000021,Transport Canada,TC:RPP-PPL(A),quarantined,,Standard aerodynamics/stall-spin theory as taught in Canadian PPL/RPP groundschool; not a specific CAR citation.,no exact provision; no effective date; no access date; status quarantined; regulatory review outstanding
TC-RPPPPLA-AL-000001,Transport Canada,TC:RPP-PPL(A),quarantined,,"Canadian Aviation Regulations (CARs), definitions and Designated Airspace Handbook provisions for control zones; exact CAR section number not independently re-verified this session.",no exact provision; no effective date; no access date; status quarantined; regulatory review outstanding
TC-RPPPPLA-AL-000002,Transport Canada,TC:RPP-PPL(A),quarantined,,"Canadian Aviation Regulations (CARs), aerodrome minimum lighting requirements for night operations; exact CAR section number not independently re-verified this session.",no exact provision; no effective date; no access date; status quarantined; regulatory review outstanding
TC-RPPPPLA-AL-000003,Transport Canada,TC:RPP-PPL(A),quarantined,,"Canadian Aviation Regulations (CARs), definitions section, 'day'; exact CAR reference number not independently re-verified this session.",no exact provision; no effective date; no access date; status quarantined; regulatory review outstanding
TC-RPPPPLA-AL-000004,Transport Canada,TC:RPP-PPL(A),quarantined,,"Canadian Aviation Regulations (CARs), aerodrome operations — vehicle/pedestrian access; exact CAR section number not independently re-verified this session.",no exact provision; no effective date; no access date; status quarantined; regulatory review outstanding
TC-RPPPPLA-AL-000005,Transport Canada,TC:RPP-PPL(A),quarantined,,"Canadian Aviation Regulations (CARs), flight crew fitness for duty / fatigue provisions; exact CAR section number not independently re-verified this session.",no exact provision; no effective date; no access date; status quarantined; regulatory review outstanding
TC-RPPPPLA-AL-000006,Transport Canada,TC:RPP-PPL(A),quarantined,,"Canadian Aviation Regulations (CARs), aerobatic manoeuvres restrictions; exact CAR section number not independently re-verified this session.",no exact provision; no effective date; no access date; status quarantined; regulatory review outstanding
TC-RPPPPLA-AL-000007,Transport Canada,TC:RPP-PPL(A),quarantined,,"Canadian Aviation Regulations (CARs), right-of-way rules — category exception; exact CAR section number not independently re-verified this session. Mirrors ICAO Annex 2.",no exact provision; no effective date; no access date; status quarantined; regulatory review outstanding
TC-RPPPPLA-AL-000008,Transport Canada,TC:RPP-PPL(A),quarantined,,"Canadian Aviation Regulations (CARs), right-of-way rules — head-on approach; exact CAR section number not independently re-verified this session. Mirrors ICAO Annex 2.",no exact provision; no effective date; no access date; status quarantined; regulatory review outstanding
TC-RPPPPLA-AL-000009,Transport Canada,TC:RPP-PPL(A),quarantined,,"Canadian Aviation Regulations (CARs), pilot responsibility for collision avoidance; exact CAR section number not independently re-verified this session.",no exact provision; no effective date; no access date; status quarantined; regulatory review outstanding
TC-RPPPPLA-AL-000010,Transport Canada,TC:RPP-PPL(A),quarantined,,"Canadian Aviation Regulations (CARs), minimum altitudes and distances over built-up areas; exact CAR section number not independently re-verified this session.",no exact provision; no effective date; no access date; status quarantined; regulatory review outstanding
TC-RPPPPLA-AL-000011,Transport Canada,TC:RPP-PPL(A),quarantined,,"Canadian Aviation Regulations (CARs), fuel requirements — day VFR; exact CAR section number not independently re-verified this session.",no exact provision; no effective date; no access date; status quarantined; regulatory review outstanding
TC-RPPPPLA-AL-000012,Transport Canada,TC:RPP-PPL(A),quarantined,,"Canadian Aviation Regulations (CARs) / Designated Airspace Handbook, standard light signals to aircraft; exact CAR section number not independently re-verified this session.",no exact provision; no effective date; no access date; status quarantined; regulatory review outstanding
TC-RPPPPLA-AL-000013,Transport Canada,TC:RPP-PPL(A),quarantined,,"Canadian Aviation Regulations (CARs), production of licences/permits/certificates on demand; exact CAR section number not independently re-verified this session.",no exact provision; no effective date; no access date; status quarantined; regulatory review outstanding
TC-RPPPPLA-AL-000014,Transport Canada,TC:RPP-PPL(A),quarantined,,"Canadian Aviation Regulations (CARs), night flying recency requirements; exact CAR section number not independently re-verified this session.",no exact provision; no effective date; no access date; status quarantined; regulatory review outstanding
TC-RPPPPLA-AL-000015,Transport Canada,TC:RPP-PPL(A),quarantined,,"Canadian Aviation Regulations (CARs), Special VFR provisions; exact CAR section number not independently re-verified this session.",no exact provision; no effective date; no access date; status quarantined; regulatory review outstanding
TC-RPPPPLA-AL-000016,Transport Canada,TC:RPP-PPL(A),quarantined,,"Canadian Aviation Regulations (CARs), cruising altitudes/levels — Southern Domestic Airspace; exact CAR section number not independently re-verified this session.",no exact provision; no effective date; no access date; status quarantined; regulatory review outstanding
TC-RPPPPLA-AL-000017,Transport Canada,TC:RPP-PPL(A),quarantined,,"Canadian Aviation Regulations (CARs), VFR flight visibility minima — control areas; exact CAR section number not independently re-verified this session.",no exact provision; no effective date; no access date; status quarantined; regulatory review outstanding
TC-RPPPPLA-AL-000018,Transport Canada,TC:RPP-PPL(A),quarantined,,"Canadian Aviation Regulations (CARs), altimeter setting procedures — altimeter setting region; exact CAR section number not independently re-verified this session.",no exact provision; no effective date; no access date; status quarantined; regulatory review outstanding
TC-RPPPPLA-AL-000019,Transport Canada,TC:RPP-PPL(A),quarantined,,"Canadian Aviation Regulations (CARs) / aerodrome standards, runway designation numbering; exact CAR section number not independently re-verified this session.",no exact provision; no effective date; no access date; status quarantined; regulatory review outstanding
TC-RPPPPLA-AL-000020,Transport Canada,TC:RPP-PPL(A),quarantined,,"Canadian Aviation Regulations (CARs), Class C airspace VFR clearance requirement; exact CAR section number not independently re-verified this session.",no exact provision; no effective date; no access date; status quarantined; regulatory review outstanding
TC-ULPP-HF-000001,Transport Canada,TC:ULPP,quarantined,,"Canadian Aviation Regulations (CARs), fitness for duty.",no exact provision; no effective date; no access date; status quarantined; regulatory review outstanding
TC-ULPP-OPS-000003,Transport Canada,TC:ULPP,quarantined,,"Canadian Aviation Regulations (CARs), towing equipment requirements.",no exact provision; no effective date; no access date; status quarantined; regulatory review outstanding
TC-ULPP-OPS-000007,Transport Canada,TC:ULPP,quarantined,,"Canadian Aviation Regulations (CARs), basic ultra-light aeroplane requirements.",no exact provision; no effective date; no access date; status quarantined; regulatory review outstanding
TC-ULPP-OPS-000013,Transport Canada,TC:ULPP,quarantined,,"Canadian Aviation Regulations (CARs), aerodrome traffic circuit procedures.",no exact provision; no effective date; no access date; status quarantined; regulatory review outstanding
TC-ULPP-OPS-000014,Transport Canada,TC:ULPP,quarantined,,"Canadian Aviation Regulations (CARs), control zone operations for ultra-light aeroplanes.",no exact provision; no effective date; no access date; status quarantined; regulatory review outstanding
TC-ULPP-OPS-000015,Transport Canada,TC:ULPP,quarantined,,"Canadian Aviation Regulations (CARs), basic ultra-light aeroplane operating restrictions.",no exact provision; no effective date; no access date; status quarantined; regulatory review outstanding
TC-ULPP-OPS-000017,Transport Canada,TC:ULPP,quarantined,,"Canadian Aviation Regulations (CARs) / Designated Airspace Handbook, Class F advisory airspace.",no exact provision; no effective date; no access date; status quarantined; regulatory review outstanding
TC-ULPP-OPS-000018,Transport Canada,TC:ULPP,quarantined,,"Canadian Aviation Regulations (CARs) / AIM, aerodrome markings.",no exact provision; no effective date; no access date; status quarantined; regulatory review outstanding
TC-ULPP-REG-000004,Transport Canada,TC:ULPP,quarantined,,Transportation of Dangerous Goods Act / Canadian Aviation Regulations (CARs).,no exact provision; no effective date; no access date; status quarantined; regulatory review outstanding
TC-ULPP-REG-000005,Transport Canada,TC:ULPP,quarantined,,"Canadian Aviation Regulations (CARs), medical fitness for duty.",no exact provision; no effective date; no access date; status quarantined; regulatory review outstanding
TC-ULPP-REG-000006,Transport Canada,TC:ULPP,quarantined,,"Canadian Aviation Regulations (CARs), production of licences/permits/certificates on demand.",no exact provision; no effective date; no access date; status quarantined; regulatory review outstanding
TC-ULPP-REG-000009,Transport Canada,TC:ULPP,quarantined,,"Canadian Aviation Regulations (CARs), Pilot Permit - Ultra-light Aeroplane age requirements.",no exact provision; no effective date; no access date; status quarantined; regulatory review outstanding
TC-ULPP-REG-000010,Transport Canada,TC:ULPP,quarantined,,"Canadian Aviation Regulations (CARs), definitions.",no exact provision; no effective date; no access date; status quarantined; regulatory review outstanding
TC-ULPP-REG-000011,Transport Canada,TC:ULPP,quarantined,,"Canadian Aviation Regulations (CARs), definitions.",no exact provision; no effective date; no access date; status quarantined; regulatory review outstanding
TC-ULPP-REG-000012,Transport Canada,TC:ULPP,quarantined,,"Canadian Aviation Regulations (CARs), minimum altitudes and distances.",no exact provision; no effective date; no access date; status quarantined; regulatory review outstanding
TC-ULPP-REG-000016,Transport Canada,TC:ULPP,quarantined,,"Canadian Aviation Regulations (CARs), VFR cloud clearance within controlled airspace.",no exact provision; no effective date; no access date; status quarantined; regulatory review outstanding
